,Age,Gender,Country,Academic_Level,Most_Used_Platform,Purpose_Of_Use,Avg_Daily_Usage_Hours,Daily_Unlocks,Study_Hours,Physical_Activity_Hours,Sleep_Hours_Per_Night,Stress_Level,Mental_Health_Score
0,21,Male,Other,Undergraduate,Facebook,Networking,4.0,134,4.5,2.2,6.7,Medium,6.8
1,23,Female,Other,Graduate,LinkedIn,Education,1.6,73,7.0,2.4,8.6,Low,7.6
2,22,Male,Canada,Undergraduate,Instagram,Entertainment,4.6,166,4.0,1.8,6.7,Medium,7.0
3,18,Male,Other,High School,Snapchat,Entertainment,7.0,220,1.0,1.7,5.4,Very High,5.3
4,24,Female,Other,Graduate,Facebook,Networking,7.5,237,1.0,1.1,5.0,Very High,4.4
5,19,Female,Other,Undergraduate,Twitter,News,4.1,138,4.6,2.2,6.8,Low,6.8
6,22,Female,Other,Undergraduate,Instagram,Entertainment,8.0,246,1.0,0.9,5.2,Very High,5.3
7,21,Female,Other,Undergraduate,Facebook,Networking,6.0,209,1.0,1.3,5.7,High,4.7
8,24,Male,USA,Graduate,YouTube,Education,4.7,154,2.4,1.1,7.0,High,6.2
9,19,Male,Other,Undergraduate,TikTok,Entertainment,3.6,130,3.7,1.1,8.1,Medium,8.6
10,18,Male,Other,High School,LinkedIn,Education,4.1,133,4.3,1.8,7.3,High,6.8
11,18,Male,Other,High School,Snapchat,Entertainment,7.6,240,1.0,1.1,5.3,Very High,5.5
12,20,Male,Other,Undergraduate,Facebook,Networking,2.4,86,6.2,1.8,8.8,Low,8.5
13,23,Female,Other,Graduate,LinkedIn,Education,6.2,189,1.5,1.4,5.3,Very High,5.4
14,24,Male,India,Graduate,Instagram,Entertainment,2.7,120,5.4,2.4,8.6,Medium,7.8
15,18,Female,Other,High School,Twitter,News,5.2,155,3.3,0.6,7.0,High,6.3
16,22,Female,USA,Undergraduate,YouTube,Education,6.5,226,1.3,0.9,5.4,Very High,5.0
17,21,Male,Australia,Undergraduate,YouTube,Education,6.8,211,1.6,1.5,5.7,Very High,5.0
18,21,Male,Canada,Undergraduate,Facebook,Networking,6.9,212,1.0,1.5,5.9,High,5.0
19,20,Male,Other,Undergraduate,Instagram,Entertainment,5.5,183,2.2,1.0,6.8,Very High,6.8
20,23,Female,Other,Graduate,Facebook,Networking,2.0,100,5.7,2.6,7.9,Low,7.1
21,19,Female,Other,Undergraduate,Snapchat,Entertainment,5.1,170,1.9,2.2,7.1,High,6.5
22,24,Male,Other,Graduate,Facebook,Networking,2.0,110,6.4,2.9,7.8,Low,8.5
23,23,Male,India,Graduate,TikTok,Entertainment,2.0,113,5.6,2.5,7.2,Medium,8.6
24,23,Female,Other,Graduate,LinkedIn,Education,7.1,210,1.0,1.0,5.4,Very High,5.1
25,21,Male,Other,Undergraduate,Instagram,Entertainment,6.2,208,2.2,1.1,4.7,Very High,5.7
26,20,Female,Other,Undergraduate,LinkedIn,Education,2.8,107,5.6,2.5,8.3,Low,8.2
27,21,Female,Other,Undergraduate,TikTok,Entertainment,7.4,249,1.1,1.2,4.6,Very High,4.7
28,20,Female,USA,Undergraduate,TikTok,Entertainment,5.6,175,2.3,1.9,5.7,Very High,5.1
29,23,Female,USA,Graduate,YouTube,Education,2.7,103,5.0,2.4,7.8,Medium,7.7
30,20,Male,Australia,Undergraduate,YouTube,Education,7.3,235,1.0,1.6,6.0,High,5.7
31,24,Male,Other,Graduate,Snapchat,Entertainment,2.3,113,4.4,2.5,8.2,Low,8.1
32,19,Male,India,Undergraduate,LinkedIn,Education,5.6,170,1.2,2.0,6.9,High,6.6
33,22,Female,India,Undergraduate,Facebook,Networking,7.5,234,1.0,1.6,5.2,Very High,4.0
34,24,Male,UK,Graduate,TikTok,Entertainment,5.9,185,1.3,1.1,5.9,Very High,4.9
35,18,Male,UK,High School,Instagram,Entertainment,6.8,219,1.5,0.4,5.5,Very High,4.2
36,23,Male,Other,Graduate,Snapchat,Entertainment,6.7,214,1.0,2.1,5.5,Very High,5.0
37,22,Male,Other,Undergraduate,Instagram,Entertainment,4.5,176,3.2,2.0,6.1,High,6.6
38,22,Male,USA,Undergraduate,LinkedIn,Education,5.7,204,3.3,0.7,6.8,Medium,6.3
39,19,Female,Other,Undergraduate,Facebook,Networking,2.3,108,5.4,2.1,8.0,Low,8.5
40,24,Male,Other,Graduate,Twitter,News,8.3,259,1.0,1.3,5.5,Very High,4.3
41,21,Female,Other,Undergraduate,Twitter,News,6.5,222,1.0,1.2,5.7,High,4.2
42,22,Female,Other,Undergraduate,Twitter,News,6.9,204,1.0,1.0,5.3,Very High,4.5
43,20,Male,Other,Undergraduate,TikTok,Entertainment,8.1,256,1.0,1.7,4.5,Very High,5.7
44,20,Female,Other,Undergraduate,Instagram,Entertainment,7.2,235,1.0,0.7,4.8,Very High,4.2
45,20,Male,Other,Undergraduate,Twitter,News,4.1,132,4.6,1.6,6.6,Medium,6.7
46,18,Male,Other,High School,LinkedIn,Education,7.2,240,1.0,1.3,4.5,Very High,5.9
47,19,Female,Other,Undergraduate,Twitter,News,5.2,182,3.1,1.9,7.5,High,6.4
48,20,Male,UK,Undergraduate,Instagram,Entertainment,7.4,223,1.0,1.4,5.2,Very High,5.0
49,21,Male,Germany,Undergraduate,Instagram,Entertainment,3.6,134,3.9,2.6,7.1,Medium,8.5
50,22,Female,Other,Undergraduate,YouTube,Education,8.0,244,1.0,1.1,5.4,Very High,4.7
51,19,Female,Other,Undergraduate,Twitter,News,7.9,258,1.0,1.3,5.0,Very High,4.9
52,21,Female,India,Undergraduate,YouTube,Education,6.8,233,1.0,1.2,5.3,Very High,4.6
53,22,Male,Australia,Undergraduate,Twitter,News,7.3,239,1.0,1.2,5.5,Very High,4.7
54,21,Male,Other,Undergraduate,LinkedIn,Education,3.4,136,4.6,2.2,8.6,Low,8.8
55,21,Female,UK,Undergraduate,LinkedIn,Education,4.4,139,4.9,2.0,6.4,High,6.6
56,22,Male,Other,Undergraduate,Twitter,News,5.9,208,1.9,1.9,4.7,Very High,5.4
57,23,Male,UK,Graduate,TikTok,Entertainment,6.0,180,1.2,1.8,4.8,Very High,5.5
58,24,Female,Other,Graduate,TikTok,Entertainment,3.0,106,5.1,2.3,8.1,Medium,8.0
59,19,Male,Other,Undergraduate,Instagram,Entertainment,2.7,94,5.5,1.9,8.5,Low,7.6
60,24,Male,Other,Graduate,Instagram,Entertainment,1.7,104,7.4,2.6,7.7,Low,8.7
61,22,Female,Other,Undergraduate,YouTube,Education,6.2,199,2.5,1.4,5.3,Very High,5.5
62,21,Male,Other,Undergraduate,TikTok,Entertainment,1.8,79,6.5,2.6,7.9,Low,8.1
63,24,Female,Other,Graduate,Twitter,News,7.1,205,2.1,2.3,5.2,Very High,4.8
64,20,Female,India,Undergraduate,Snapchat,Entertainment,6.5,203,1.0,1.1,5.7,High,4.1
65,22,Male,Other,Undergraduate,Snapchat,Entertainment,7.6,243,1.0,1.3,5.9,Very High,6.0
66,19,Female,Other,Undergraduate,LinkedIn,Education,4.9,186,2.4,2.3,6.8,High,6.6
67,24,Female,Other,Graduate,Instagram,Entertainment,8.2,251,1.0,1.0,5.3,Very High,4.4
68,21,Male,Other,Undergraduate,Snapchat,Entertainment,5.2,179,1.7,2.9,6.4,High,6.1
69,19,Female,Other,Undergraduate,Instagram,Entertainment,2.9,130,5.6,2.1,7.9,Medium,7.7
70,23,Female,Other,Graduate,YouTube,Education,4.4,171,3.4,2.1,7.3,High,6.2
71,20,Female,Other,Undergraduate,Snapchat,Entertainment,4.0,136,2.8,1.6,7.5,Medium,7.2
72,23,Male,Other,Graduate,TikTok,Entertainment,6.4,224,1.0,1.2,5.2,Very High,4.6
73,22,Male,UK,Undergraduate,Facebook,Networking,8.2,249,1.0,1.1,4.6,Very High,4.1
74,22,Male,Other,Undergraduate,Twitter,News,5.1,189,3.6,2.1,6.5,High,6.9
75,19,Male,Other,Undergraduate,YouTube,Education,2.5,91,7.1,2.5,7.6,Medium,8.4
76,22,Male,Other,Undergraduate,Facebook,Networking,6.5,190,3.8,2.0,5.8,Very High,5.5
77,24,Female,Australia,Graduate,YouTube,Education,7.5,247,1.0,1.1,4.7,Very High,5.3
78,24,Male,Other,Graduate,LinkedIn,Education,3.2,131,4.0,2.0,7.1,Medium,8.6
79,23,Male,Germany,Graduate,Facebook,Networking,7.3,214,1.0,2.5,5.7,Very High,5.3
80,18,Female,USA,High School,Instagram,Entertainment,5.7,202,2.5,1.8,5.1,High,4.9
81,23,Female,Other,Graduate,Instagram,Entertainment,4.7,146,2.6,1.5,6.1,High,6.6
82,22,Male,Other,Undergraduate,Twitter,News,5.9,199,1.8,1.2,6.0,High,7.0
83,18,Male,Other,High School,YouTube,Education,7.4,218,1.0,0.7,5.0,Very High,4.7
84,18,Male,India,High School,TikTok,Entertainment,8.4,237,1.0,1.4,5.9,Very High,5.3
85,19,Male,India,Undergraduate,Instagram,Entertainment,8.1,259,1.0,0.8,4.8,Very High,4.1
86,22,Female,Other,Undergraduate,LinkedIn,Education,3.6,148,4.5,2.2,8.6,Medium,8.6
87,20,Male,Canada,Undergraduate,Twitter,News,5.8,174,2.1,1.5,5.6,High,5.5
88,21,Female,USA,Undergraduate,Snapchat,Entertainment,8.0,228,1.0,1.4,5.8,Very High,5.1
89,23,Male,India,Graduate,Snapchat,Entertainment,5.7,191,1.0,1.2,5.9,High,5.2
90,18,Male,Australia,High School,TikTok,Entertainment,8.0,226,1.0,0.5,4.6,Very High,5.8
91,23,Male,UK,Graduate,Instagram,Entertainment,3.7,146,4.3,2.2,8.4,Low,7.2
92,20,Male,Other,Undergraduate,Facebook,Networking,3.4,146,6.0,2.5,8.6,Low,8.7
93,23,Female,Australia,Graduate,Facebook,Networking,3.3,137,4.8,2.3,8.6,Medium,8.3
94,18,Female,Canada,High School,Snapchat,Entertainment,3.1,111,5.7,1.8,7.8,Medium,7.5
95,21,Male,Other,Undergraduate,LinkedIn,Education,8.2,236,1.0,1.3,6.0,Very High,5.4
96,20,Male,USA,Undergraduate,LinkedIn,Education,4.1,154,3.0,1.6,7.2,Medium,6.8
97,18,Female,Other,High School,TikTok,Entertainment,3.5,114,3.7,1.9,7.0,Medium,6.5
98,21,Male,Other,Undergraduate,Facebook,Networking,5.9,193,1.5,1.1,6.0,Very High,6.7
99,22,Male,Germany,Undergraduate,YouTube,Education,5.6,182,4.1,2.3,5.6,High,5.7
100,22,Male,Canada,Undergraduate,YouTube,Education,3.8,149,3.5,2.4,7.5,Medium,7.9
101,20,Male,Other,Undergraduate,Facebook,Networking,3.8,128,4.9,2.4,7.6,High,8.7
102,21,Female,Other,Undergraduate,Facebook,Networking,5.8,200,1.5,2.2,5.8,Very High,4.9
103,18,Male,Other,High School,Snapchat,Entertainment,3.7,144,5.0,3.5,7.5,Low,7.0
104,20,Female,Other,Undergraduate,LinkedIn,Education,2.9,106,5.4,1.4,8.3,Medium,8.4
105,21,Male,India,Undergraduate,LinkedIn,Education,4.5,151,3.4,1.5,7.5,Medium,7.0
106,21,Male,Other,Undergraduate,Snapchat,Entertainment,3.8,122,4.2,1.7,7.2,Medium,6.1
107,20,Male,Other,Undergraduate,Twitter,News,2.9,114,4.6,1.8,8.2,Low,7.6
108,23,Male,Other,Graduate,Twitter,News,5.0,160,3.4,1.2,6.7,High,6.8
109,21,Male,Other,Undergraduate,Instagram,Entertainment,6.5,191,1.1,1.2,5.6,Very High,4.3
110,22,Female,UK,Undergraduate,Instagram,Entertainment,3.6,137,3.4,1.5,7.1,Medium,6.0
111,18,Male,Other,High School,LinkedIn,Education,6.9,219,1.0,1.4,5.9,Very High,4.9
112,23,Female,Other,Graduate,TikTok,Entertainment,2.3,85,5.8,2.5,8.3,Low,8.8
113,19,Male,Other,Undergraduate,Snapchat,Entertainment,2.6,97,6.7,2.6,7.8,Low,8.8
114,22,Male,Other,Undergraduate,Instagram,Entertainment,6.2,183,1.9,1.7,4.8,Very High,5.9
115,24,Female,Australia,Graduate,Instagram,Entertainment,3.8,147,4.1,2.4,7.3,High,6.5
116,20,Female,Other,Undergraduate,Instagram,Entertainment,7.5,225,1.0,0.9,4.7,Very High,4.6
117,20,Male,India,Undergraduate,Instagram,Entertainment,3.8,122,5.2,3.1,8.2,High,7.8
118,21,Female,Other,Undergraduate,TikTok,Entertainment,8.4,242,1.0,1.0,5.3,Very High,5.9
119,24,Female,Other,Graduate,Twitter,News,5.9,211,1.8,0.6,4.9,Very High,4.1
120,22,Male,Australia,Undergraduate,YouTube,Education,6.0,185,2.9,1.0,6.8,High,6.9
121,23,Male,Other,Graduate,TikTok,Entertainment,3.5,139,4.8,1.3,8.5,Medium,7.3
122,21,Male,Other,Undergraduate,LinkedIn,Education,3.1,120,6.1,2.2,8.5,Low,8.5
123,19,Female,Canada,Undergraduate,Instagram,Entertainment,4.5,144,3.6,1.8,6.1,High,6.6
124,21,Female,Other,Undergraduate,Instagram,Entertainment,5.6,177,1.4,1.4,5.4,Very High,5.1
125,21,Female,Other,Undergraduate,Facebook,Networking,3.6,115,3.3,3.1,7.2,Medium,9.0
126,18,Male,UK,High School,LinkedIn,Education,7.3,236,2.0,1.4,5.3,Very High,4.0
127,21,Female,Other,Undergraduate,YouTube,Education,8.3,245,1.1,1.3,5.1,Very High,4.2
128,20,Female,India,Undergraduate,LinkedIn,Education,5.1,171,2.8,1.3,6.3,High,6.1
129,24,Female,India,Graduate,YouTube,Education,3.4,116,4.3,1.7,8.0,Medium,7.5
130,22,Female,Other,Undergraduate,Instagram,Entertainment,8.0,257,1.2,1.0,4.9,Very High,4.0
131,18,Male,Other,High School,LinkedIn,Education,3.7,125,3.4,2.2,6.9,Medium,6.9
132,18,Female,Other,High School,Instagram,Entertainment,3.3,129,4.0,1.2,8.3,Medium,8.5
133,21,Male,Other,Undergraduate,Twitter,News,5.3,191,3.2,1.6,7.3,High,6.7
134,23,Female,USA,Graduate,Instagram,Entertainment,3.8,148,3.9,2.1,7.4,Medium,7.1
135,24,Male,Other,Graduate,Instagram,Entertainment,3.7,141,4.3,2.0,7.4,Medium,8.7
136,22,Female,Other,Undergraduate,Twitter,News,1.9,107,6.0,2.1,9.0,Low,8.6
137,21,Female,Germany,Undergraduate,Facebook,Networking,4.4,142,3.9,1.6,6.5,High,6.5
138,18,Female,UK,High School,LinkedIn,Education,4.0,163,5.1,1.9,6.9,High,6.1
139,20,Male,Other,Undergraduate,YouTube,Education,5.6,187,2.5,1.6,5.3,Very High,5.4
140,22,Female,Other,Undergraduate,YouTube,Education,3.2,121,5.3,2.5,8.3,Low,7.5
141,21,Female,UK,Undergraduate,Snapchat,Entertainment,6.1,187,1.0,2.0,4.5,Very High,4.1
142,18,Female,Australia,High School,TikTok,Entertainment,5.3,186,2.7,1.5,7.1,High,6.4
143,18,Female,Other,High School,LinkedIn,Education,5.6,204,1.7,1.4,5.9,High,5.2
144,24,Male,Other,Graduate,TikTok,Entertainment,6.3,209,1.0,1.6,5.5,Very High,5.6
145,23,Female,Other,Graduate,Snapchat,Entertainment,5.8,171,1.5,1.9,6.9,High,6.1
146,23,Male,Canada,Graduate,Twitter,News,2.8,113,4.9,2.1,7.7,Medium,8.1
147,18,Female,Other,High School,YouTube,Education,6.5,216,2.2,1.8,5.6,Very High,4.3
148,23,Female,Australia,Graduate,Snapchat,Entertainment,4.6,155,2.3,2.3,6.9,High,6.6
149,18,Female,USA,High School,TikTok,Entertainment,7.0,230,1.0,1.9,4.9,Very High,5.4
150,18,Male,Other,High School,Twitter,News,1.8,98,5.8,3.4,8.0,Low,8.0
151,18,Male,Other,High School,Instagram,Entertainment,3.7,119,4.0,1.6,6.3,Medium,6.5
152,18,Male,Other,High School,TikTok,Entertainment,7.9,244,1.0,1.0,5.9,Very High,4.7
153,22,Male,India,Undergraduate,Snapchat,Entertainment,4.6,146,3.8,1.9,6.6,Medium,6.9
154,20,Female,Other,Undergraduate,Twitter,News,8.2,248,1.0,0.9,5.8,Very High,4.6
155,21,Female,Other,Undergraduate,TikTok,Entertainment,8.4,250,1.0,0.6,5.9,Very High,5.0
156,22,Female,Other,Undergraduate,TikTok,Entertainment,3.7,149,3.7,1.3,7.1,Medium,6.7
157,23,Female,Other,Graduate,TikTok,Entertainment,7.3,241,1.0,1.2,5.5,Very High,5.7
158,24,Female,Other,Graduate,Twitter,News,2.9,115,5.3,1.9,7.7,Medium,8.1
159,18,Male,Other,High School,Twitter,News,1.8,91,6.3,2.6,8.9,Low,8.6
160,23,Female,Other,Graduate,Snapchat,Entertainment,6.3,207,1.0,1.0,5.7,Very High,5.9
161,19,Male,Other,Undergraduate,YouTube,Education,3.4,136,4.7,1.6,8.6,Low,7.6
162,24,Male,Other,Graduate,Facebook,Networking,5.7,192,2.5,1.7,6.8,High,6.6
163,24,Female,Other,Graduate,Facebook,Networking,3.8,151,6.2,2.1,7.4,Medium,6.3
164,21,Male,Other,Undergraduate,TikTok,Entertainment,3.6,154,5.9,2.4,7.4,Medium,7.8
165,18,Female,Other,High School,Facebook,Networking,6.5,220,1.0,2.5,4.7,Very High,4.8
166,24,Female,Other,Graduate,YouTube,Education,7.8,225,1.0,1.2,5.4,Very High,5.6
167,22,Male,USA,Undergraduate,TikTok,Entertainment,3.7,136,3.1,2.3,7.1,Medium,7.5
168,18,Male,Other,High School,LinkedIn,Education,3.7,135,3.8,1.5,6.7,Medium,6.2
169,19,Male,India,Undergraduate,Facebook,Networking,5.7,187,2.6,0.9,7.2,Very High,6.2
170,18,Female,USA,High School,Facebook,Networking,3.3,128,5.7,3.0,8.0,Medium,8.8
171,21,Female,Other,Undergraduate,Facebook,Networking,3.3,135,4.1,1.7,8.2,Low,8.6
172,20,Male,Other,Undergraduate,Snapchat,Entertainment,1.8,86,5.7,2.0,8.5,Low,7.5
173,23,Female,Canada,Graduate,Snapchat,Entertainment,5.4,170,1.0,1.6,7.1,High,6.5
174,20,Female,Other,Undergraduate,YouTube,Education,5.9,190,2.0,1.5,4.9,High,5.1
175,20,Male,Australia,Undergraduate,LinkedIn,Education,3.3,141,3.9,1.7,8.8,Medium,7.9
176,24,Male,Other,Graduate,Snapchat,Entertainment,7.2,217,1.0,1.0,4.7,Very High,5.4
177,18,Male,Other,High School,Snapchat,Entertainment,1.6,65,5.7,3.2,8.1,Low,8.6
178,24,Female,Other,Graduate,YouTube,Education,3.4,149,4.5,1.7,8.2,Low,8.2
179,22,Female,Other,Undergraduate,Twitter,News,2.6,97,4.0,1.7,7.5,Low,8.5
180,20,Female,USA,Undergraduate,Twitter,News,5.1,176,1.7,2.2,6.5,High,6.9
181,23,Female,Other,Graduate,Instagram,Entertainment,5.8,202,3.9,1.8,6.2,High,6.2
182,19,Male,Australia,Undergraduate,Instagram,Entertainment,4.3,142,2.7,1.6,6.7,Medium,6.3
183,20,Female,Other,Undergraduate,TikTok,Entertainment,2.5,100,4.6,1.6,7.7,Medium,8.5
184,22,Female,Other,Undergraduate,YouTube,Education,5.8,181,3.7,1.2,6.0,High,4.7
185,20,Male,Other,Undergraduate,LinkedIn,Education,2.5,92,7.8,2.3,7.4,Medium,8.2
186,19,Female,Australia,Undergraduate,TikTok,Entertainment,6.4,191,1.0,2.0,5.5,Very High,4.4
187,20,Male,Other,Undergraduate,Twitter,News,7.8,227,1.0,0.5,5.2,Very High,5.2
188,20,Male,USA,Undergraduate,Twitter,News,6.5,205,1.8,1.3,4.5,Very High,4.2
189,22,Female,India,Undergraduate,YouTube,Education,3.0,121,6.4,2.6,8.9,Low,7.1
190,24,Female,Other,Graduate,Facebook,Networking,1.5,62,5.7,1.4,7.2,Low,7.6
191,19,Female,Other,Undergraduate,TikTok,Entertainment,8.1,260,1.0,1.5,5.6,Very High,5.5
192,21,Female,Other,Undergraduate,Snapchat,Entertainment,2.6,117,6.0,1.8,7.4,Medium,7.4
193,18,Male,Other,High School,Snapchat,Entertainment,2.7,94,5.6,2.5,8.5,Low,7.6
194,23,Female,Other,Graduate,Snapchat,Entertainment,2.4,118,5.3,2.5,7.6,Medium,7.6
195,23,Female,Other,Graduate,TikTok,Entertainment,6.6,191,1.3,1.9,6.0,High,5.0
196,22,Male,USA,Undergraduate,YouTube,Education,3.8,142,3.1,2.3,7.9,Medium,7.3
197,21,Female,USA,Undergraduate,LinkedIn,Education,5.8,188,2.0,0.4,7.0,High,6.4
198,20,Male,Other,Undergraduate,LinkedIn,Education,8.2,249,1.0,0.6,6.0,Very High,5.7
199,22,Male,Other,Undergraduate,Facebook,Networking,4.5,175,3.7,1.9,6.0,High,6.3
200,18,Female,Other,High School,Twitter,News,5.6,202,2.0,1.5,4.8,Very High,5.9
201,20,Male,Other,Undergraduate,TikTok,Entertainment,3.5,123,4.9,2.4,7.9,High,7.8
202,23,Female,Other,Graduate,YouTube,Education,2.9,120,5.9,2.7,7.3,Medium,8.5
203,19,Male,USA,Undergraduate,TikTok,Entertainment,6.6,228,1.5,1.7,5.9,Very High,5.0
204,24,Male,India,Graduate,Twitter,News,8.0,254,1.0,0.9,5.1,Very High,5.3
205,18,Male,Other,High School,LinkedIn,Education,7.3,242,1.0,0.3,5.1,Very High,4.1
206,19,Female,Other,Undergraduate,Twitter,News,2.5,104,5.5,2.1,7.3,Low,8.3
207,19,Male,Canada,Undergraduate,TikTok,Entertainment,2.6,101,4.8,2.6,8.4,Low,8.2
208,24,Male,India,Graduate,Twitter,News,2.3,102,6.0,1.9,8.3,Low,8.9
209,21,Male,Other,Undergraduate,Twitter,News,5.3,189,2.6,2.0,7.3,Medium,6.1
210,19,Female,Other,Undergraduate,Snapchat,Entertainment,7.7,254,2.0,1.5,5.7,Very High,5.3
211,19,Female,Other,Undergraduate,Snapchat,Entertainment,4.6,167,4.7,1.9,6.2,High,6.2
212,21,Male,Other,Undergraduate,YouTube,Education,5.9,200,2.4,0.0,7.1,High,6.4
213,18,Male,Other,High School,LinkedIn,Education,7.5,232,1.0,0.5,5.0,Very High,5.4
214,18,Male,Canada,High School,LinkedIn,Education,6.3,194,1.0,2.4,6.0,High,6.0
215,19,Male,Other,Undergraduate,YouTube,Education,5.3,173,3.7,1.4,7.0,High,6.7
216,23,Female,Other,Graduate,TikTok,Entertainment,1.6,84,6.6,1.6,8.7,Low,8.9
217,20,Male,Other,Undergraduate,LinkedIn,Education,6.5,219,1.9,2.0,4.5,Very High,4.7
218,20,Female,Other,Undergraduate,Twitter,News,8.2,251,1.0,1.0,5.0,Very High,5.9
219,23,Male,Other,Graduate,LinkedIn,Education,6.1,208,2.6,2.0,5.9,Very High,4.8
220,22,Male,Other,Undergraduate,LinkedIn,Education,5.7,168,2.7,1.7,7.3,High,6.9
221,19,Female,Other,Undergraduate,Twitter,News,5.1,182,2.0,2.0,7.1,High,6.6
222,24,Male,Other,Graduate,Twitter,News,3.8,140,3.8,2.2,6.3,Medium,6.2
223,20,Male,India,Undergraduate,YouTube,Education,5.7,206,2.5,1.9,5.1,Very High,4.2
224,20,Female,UK,Undergraduate,Facebook,Networking,6.6,208,1.4,2.5,5.3,Very High,4.6
225,20,Male,USA,Undergraduate,Instagram,Entertainment,8.3,251,1.0,1.4,5.1,Very High,5.8
226,20,Male,Other,Undergraduate,Instagram,Entertainment,7.1,207,1.0,0.4,6.0,Very High,4.5
227,18,Male,Other,High School,Facebook,Networking,3.0,132,4.8,2.5,8.4,Medium,7.9
228,22,Male,Other,Undergraduate,Instagram,Entertainment,8.5,265,1.0,1.4,6.0,Very High,5.3
229,24,Female,Other,Graduate,Twitter,News,3.5,146,5.7,2.7,7.2,Medium,7.3
230,18,Female,USA,High School,Twitter,News,3.8,123,2.1,1.8,8.4,Medium,7.2
231,19,Male,Other,Undergraduate,Instagram,Entertainment,2.0,83,5.8,3.1,7.1,Medium,8.2
232,18,Female,Other,High School,Twitter,News,4.2,165,3.9,2.4,6.9,High,6.8
233,21,Female,Other,Undergraduate,YouTube,Education,4.5,138,3.7,3.2,6.1,High,6.3
234,24,Female,Other,Graduate,YouTube,Education,4.2,150,3.5,1.6,7.3,High,6.1
235,24,Female,Other,Graduate,Facebook,Networking,5.6,181,1.0,1.3,5.5,High,4.1
236,21,Female,India,Undergraduate,Facebook,Networking,3.1,139,5.2,2.1,7.2,Medium,8.5
237,19,Female,Other,Undergraduate,Instagram,Entertainment,5.9,206,3.5,1.3,5.5,High,4.0
238,22,Female,India,Undergraduate,YouTube,Education,7.5,247,1.0,0.7,5.5,Very High,4.7
239,20,Male,Other,Undergraduate,Snapchat,Entertainment,3.8,131,4.9,0.7,6.7,High,6.2
240,21,Female,Other,Undergraduate,LinkedIn,Education,3.3,130,4.4,2.0,8.9,Low,7.9
241,24,Male,Other,Graduate,Facebook,Networking,4.1,155,3.9,2.2,6.1,Medium,6.0
242,19,Female,Other,Undergraduate,YouTube,Education,6.8,233,1.0,1.1,5.6,Very High,5.0
243,23,Male,Other,Graduate,Snapchat,Entertainment,3.5,112,4.2,3.1,7.0,Medium,6.0
244,19,Male,Canada,Undergraduate,YouTube,Education,3.4,149,5.6,2.2,8.5,Low,8.0
245,19,Male,Other,Undergraduate,LinkedIn,Education,5.8,184,2.7,2.2,6.3,Very High,6.4
246,19,Female,India,Undergraduate,TikTok,Entertainment,6.0,180,3.4,1.6,6.8,High,6.5
247,23,Female,Other,Graduate,TikTok,Entertainment,3.0,124,5.9,2.7,8.6,Low,7.7
248,19,Male,USA,Undergraduate,Twitter,News,5.0,181,3.4,1.9,7.5,High,6.6
249,24,Female,India,Graduate,Twitter,News,5.5,167,3.9,2.3,4.6,High,5.1
250,20,Female,India,Undergraduate,TikTok,Entertainment,5.3,158,3.1,1.7,6.0,Very High,6.5
251,21,Male,Canada,Undergraduate,Facebook,Networking,5.6,200,3.1,1.8,6.0,High,6.3
252,19,Female,India,Undergraduate,Facebook,Networking,5.8,207,2.0,1.7,7.4,High,6.5
253,18,Male,Other,High School,Twitter,News,2.2,86,5.9,2.3,8.3,Medium,7.4
254,24,Male,Other,Graduate,LinkedIn,Education,1.7,103,5.7,2.8,8.4,Low,7.6
255,21,Male,India,Undergraduate,Instagram,Entertainment,3.0,136,5.8,3.4,7.2,Medium,7.2
256,18,Female,Other,High School,TikTok,Entertainment,4.7,181,2.4,1.7,6.6,High,7.0
257,23,Male,Other,Graduate,YouTube,Education,6.2,188,2.4,1.7,5.9,High,5.6
258,18,Male,Other,High School,TikTok,Entertainment,6.2,203,1.6,2.1,5.9,Very High,4.9
259,20,Female,Other,Undergraduate,Instagram,Entertainment,1.9,111,7.0,3.1,7.8,Low,7.8
260,23,Male,UK,Graduate,LinkedIn,Education,2.6,126,6.0,2.4,8.8,Low,8.1
261,18,Male,Other,High School,Facebook,Networking,5.9,196,3.6,0.3,6.1,High,6.2
262,20,Male,Other,Undergraduate,LinkedIn,Education,3.9,129,4.7,2.3,6.9,Medium,6.6
263,22,Female,India,Undergraduate,Instagram,Entertainment,7.1,205,1.0,0.1,5.1,Very High,4.1
264,19,Male,USA,Undergraduate,Twitter,News,3.9,132,4.0,2.8,6.1,Medium,6.0
265,20,Male,Other,Undergraduate,TikTok,Entertainment,8.0,227,1.0,1.1,4.9,Very High,4.8
266,24,Male,Other,Graduate,Snapchat,Entertainment,5.9,179,1.7,2.0,6.1,High,6.1
267,24,Female,Australia,Graduate,Facebook,Networking,8.4,237,1.0,0.4,5.9,Very High,5.5
268,21,Female,Other,Undergraduate,YouTube,Education,7.5,242,1.0,0.3,4.7,Very High,6.0
269,20,Female,Australia,Undergraduate,Snapchat,Entertainment,7.5,235,1.0,1.3,5.2,Very High,4.8
270,19,Male,India,Undergraduate,Snapchat,Entertainment,5.3,177,1.9,1.7,7.0,Medium,6.8
271,18,Male,Canada,High School,Twitter,News,6.2,212,1.8,1.2,4.7,Very High,4.2
272,19,Male,Other,Undergraduate,Facebook,Networking,5.2,171,1.8,1.7,6.5,High,6.1
273,21,Male,Other,Undergraduate,Facebook,Networking,5.5,178,2.0,3.0,5.7,High,6.0
274,20,Male,Canada,Undergraduate,Instagram,Entertainment,7.9,230,1.0,1.4,4.7,Very High,5.2
275,23,Male,Other,Graduate,Snapchat,Entertainment,7.7,234,1.2,1.6,5.3,Very High,4.5
276,20,Male,Other,Undergraduate,YouTube,Education,3.9,128,4.6,2.4,6.7,Medium,6.0
277,21,Female,Other,Undergraduate,LinkedIn,Education,3.9,145,2.3,2.8,6.9,Medium,6.1
278,21,Female,Canada,Undergraduate,YouTube,Education,5.9,211,2.3,1.4,6.0,High,5.1
279,18,Male,Other,High School,Facebook,Networking,3.8,141,4.3,1.0,8.4,Low,8.3
280,19,Male,Other,Undergraduate,TikTok,Entertainment,7.4,221,1.0,1.1,5.5,Very High,4.1
281,20,Female,Other,Undergraduate,LinkedIn,Education,7.2,232,2.1,1.6,5.9,Very High,4.2
282,19,Male,Other,Undergraduate,TikTok,Entertainment,6.1,209,1.0,1.0,4.6,Very High,4.9
283,22,Male,India,Undergraduate,Facebook,Networking,3.9,140,3.6,1.9,8.6,Low,8.3
284,20,Female,Australia,Undergraduate,LinkedIn,Education,5.6,175,2.9,1.3,4.9,High,5.9
285,22,Female,Other,Undergraduate,Snapchat,Entertainment,6.3,210,1.0,2.2,5.1,Very High,5.7
286,22,Female,Other,Undergraduate,Facebook,Networking,2.3,89,6.9,2.8,9.0,Low,7.1
287,19,Male,India,Undergraduate,YouTube,Education,6.4,224,1.9,1.7,5.9,Very High,5.9
288,19,Female,USA,Undergraduate,YouTube,Education,5.2,167,3.5,2.0,7.0,High,6.7
289,21,Female,Germany,Undergraduate,LinkedIn,Education,7.1,216,1.0,1.2,5.5,Very High,4.4
290,23,Female,India,Graduate,Instagram,Entertainment,6.1,206,2.6,1.6,4.6,Very High,5.2
291,20,Male,Other,Undergraduate,Twitter,News,7.9,222,1.0,0.4,5.4,Very High,5.3
292,19,Female,Canada,Undergraduate,Twitter,News,7.4,218,1.0,0.1,4.6,Very High,5.8
293,20,Female,UK,Undergraduate,TikTok,Entertainment,7.1,207,1.1,1.3,5.9,Very High,4.2
294,24,Male,Other,Graduate,YouTube,Education,5.2,170,3.0,1.9,6.5,Very High,6.0
295,21,Male,Other,Undergraduate,Twitter,News,5.8,192,1.5,2.2,5.4,High,4.9
296,21,Female,Other,Undergraduate,YouTube,Education,5.8,177,2.1,2.3,4.9,Very High,4.1
297,19,Female,Other,Undergraduate,Twitter,News,2.2,93,5.7,3.2,7.6,Low,8.9
298,24,Male,Germany,Graduate,Snapchat,Entertainment,6.9,227,1.4,0.8,5.3,Very High,4.3
299,22,Female,Other,Undergraduate,Snapchat,Entertainment,6.9,234,1.9,1.1,4.6,Very High,4.3
300,20,Female,Other,Undergraduate,Facebook,Networking,6.3,182,1.0,1.7,5.9,High,5.3
301,24,Female,Other,Graduate,Twitter,News,4.4,160,3.5,3.2,6.2,Medium,6.2
302,23,Male,Germany,Graduate,TikTok,Entertainment,3.2,106,6.0,2.9,8.9,Low,8.0
303,21,Female,UK,Undergraduate,Facebook,Networking,7.6,235,1.0,1.7,5.9,Very High,4.7
304,22,Female,Other,Undergraduate,Instagram,Entertainment,3.5,147,3.8,1.9,8.7,Medium,8.0
305,24,Male,Australia,Graduate,Snapchat,Entertainment,4.6,171,3.6,1.4,6.4,High,6.8
306,21,Female,Other,Undergraduate,Twitter,News,6.1,186,2.6,1.9,4.5,Very High,5.3
307,22,Male,Other,Undergraduate,TikTok,Entertainment,3.3,117,4.7,1.6,8.2,Medium,7.4
308,24,Male,Other,Graduate,LinkedIn,Education,5.2,186,3.9,1.6,6.9,Medium,6.9
309,20,Female,UK,Undergraduate,LinkedIn,Education,5.9,204,2.8,1.5,5.5,Very High,4.3
310,23,Female,Other,Graduate,Twitter,News,6.1,188,2.6,2.3,5.1,Very High,4.9
311,21,Male,Other,Undergraduate,TikTok,Entertainment,3.9,122,4.5,1.8,7.7,Medium,7.5
312,20,Male,Other,Undergraduate,Facebook,Networking,7.2,222,2.7,0.0,4.6,Very High,4.4
313,22,Female,Other,Undergraduate,LinkedIn,Education,7.9,246,1.0,1.3,5.6,Very High,5.3
314,18,Female,Other,High School,TikTok,Entertainment,7.5,229,1.0,0.8,5.8,Very High,4.6
315,24,Female,USA,Graduate,Twitter,News,6.4,222,2.9,1.4,6.0,High,5.2
316,21,Male,India,Undergraduate,Facebook,Networking,7.6,247,1.0,1.1,5.8,Very High,4.8
317,18,Female,Other,High School,Twitter,News,5.8,201,2.3,1.4,5.0,Very High,5.6
318,23,Female,Canada,Graduate,Twitter,News,2.8,95,6.2,2.7,7.4,Low,8.4
319,20,Male,UK,Undergraduate,Facebook,Networking,6.3,216,1.0,0.7,4.7,Very High,4.3
320,23,Female,Canada,Graduate,Snapchat,Entertainment,4.3,162,2.7,1.7,7.4,Medium,6.1
321,20,Female,Germany,Undergraduate,Snapchat,Entertainment,8.2,244,1.0,1.3,4.8,Very High,4.0
322,18,Male,Other,High School,Twitter,News,6.9,220,1.0,1.0,5.9,Very High,4.1
323,22,Male,Other,Undergraduate,Facebook,Networking,5.7,199,2.7,0.8,4.6,High,4.8
324,24,Female,Other,Graduate,TikTok,Entertainment,5.9,208,2.5,1.9,5.8,High,5.6
325,22,Female,Other,Undergraduate,Snapchat,Entertainment,1.9,94,6.3,3.1,8.4,Low,8.1
326,23,Male,Other,Graduate,Snapchat,Entertainment,7.7,218,1.0,1.1,5.1,Very High,5.7
327,24,Male,Other,Graduate,Twitter,News,3.2,129,3.0,1.2,7.8,Medium,8.4
328,24,Female,Other,Graduate,TikTok,Entertainment,1.7,94,6.3,2.9,8.7,Low,8.0
329,21,Male,India,Undergraduate,TikTok,Entertainment,7.8,222,1.0,0.2,5.0,Very High,4.5
330,21,Male,Germany,Undergraduate,Instagram,Entertainment,1.9,104,6.5,2.7,8.7,Low,8.1
331,19,Male,USA,Undergraduate,TikTok,Entertainment,7.5,220,1.1,0.7,4.9,Very High,4.2
332,21,Male,USA,Undergraduate,YouTube,Education,7.1,237,1.0,0.6,5.9,Very High,4.7
333,20,Female,Canada,Undergraduate,Facebook,Networking,4.3,154,4.3,1.7,6.4,High,6.2
334,23,Male,Other,Graduate,Twitter,News,8.2,241,1.0,0.9,5.7,Very High,4.9
335,21,Female,Other,Undergraduate,TikTok,Entertainment,8.3,234,1.0,0.6,4.6,Very High,4.8
336,18,Female,Other,High School,Facebook,Networking,8.1,227,1.0,1.3,4.7,Very High,5.6
337,19,Male,Other,Undergraduate,TikTok,Entertainment,4.8,174,3.1,1.6,7.0,High,6.1
338,20,Female,Other,Undergraduate,YouTube,Education,2.7,107,5.5,2.8,7.8,Low,7.5
339,18,Male,UK,High School,LinkedIn,Education,7.5,245,1.2,1.3,5.4,Very High,4.2
340,24,Male,Other,Graduate,LinkedIn,Education,3.8,129,3.9,1.7,7.9,Low,8.8
341,21,Female,Other,Undergraduate,Instagram,Entertainment,5.9,208,2.5,1.1,4.9,High,5.6
342,23,Male,Other,Graduate,Instagram,Entertainment,3.4,147,4.4,1.3,8.4,Low,7.3
343,19,Male,USA,Undergraduate,Twitter,News,3.9,126,4.0,2.2,6.6,Medium,6.9
344,19,Male,Other,Undergraduate,TikTok,Entertainment,7.9,247,1.0,0.8,5.4,Very High,4.2
345,24,Male,Other,Graduate,Instagram,Entertainment,2.1,114,4.3,1.3,7.2,Low,7.2
346,18,Male,Other,High School,Snapchat,Entertainment,6.3,194,1.0,1.2,4.5,Very High,5.2
347,24,Male,Other,Graduate,LinkedIn,Education,4.4,137,2.4,1.4,7.5,High,6.8
348,21,Female,Australia,Undergraduate,Twitter,News,3.7,152,2.4,2.9,6.7,Medium,6.6
349,24,Female,USA,Graduate,YouTube,Education,7.4,228,1.0,0.3,5.9,Very High,4.3
350,21,Female,India,Undergraduate,LinkedIn,Education,4.4,136,4.2,1.2,6.4,High,6.4
351,23,Male,Other,Graduate,LinkedIn,Education,2.5,120,5.3,2.9,7.1,Low,8.8
352,19,Female,Germany,Undergraduate,Facebook,Networking,6.5,214,1.7,2.1,5.9,Very High,5.3
353,21,Female,Other,Undergraduate,Twitter,News,3.7,119,5.2,1.7,8.2,Low,7.3
354,22,Female,Australia,Undergraduate,TikTok,Entertainment,7.6,225,1.5,0.8,5.2,Very High,4.5
355,18,Male,India,High School,Instagram,Entertainment,6.8,195,1.1,1.6,4.6,Very High,4.1
356,23,Male,Other,Graduate,Instagram,Entertainment,7.5,250,1.6,0.0,5.7,Very High,4.5
357,24,Female,Other,Graduate,YouTube,Education,7.1,202,1.0,0.3,4.7,Very High,4.0
358,24,Male,Canada,Graduate,Twitter,News,6.7,223,1.0,1.2,6.0,Very High,4.5
359,19,Male,Other,Undergraduate,Twitter,News,3.6,135,3.9,2.9,6.9,Medium,6.8
360,21,Male,Other,Undergraduate,Snapchat,Entertainment,3.1,125,3.7,2.0,7.5,Medium,8.9
361,21,Male,Other,Undergraduate,TikTok,Entertainment,5.2,187,2.1,1.8,6.4,High,7.0
362,18,Female,Other,High School,LinkedIn,Education,4.7,177,3.0,2.4,6.2,High,6.4
363,19,Male,Other,Undergraduate,YouTube,Education,2.9,102,5.7,3.3,8.0,Medium,7.4
364,23,Female,Other,Graduate,Snapchat,Entertainment,3.6,115,5.8,1.8,8.4,Medium,8.4
365,20,Female,USA,Undergraduate,TikTok,Entertainment,5.6,169,1.3,1.6,6.8,High,6.5
366,22,Male,Other,Undergraduate,Facebook,Networking,5.2,182,3.1,2.6,7.2,Medium,6.0
367,24,Female,Canada,Graduate,YouTube,Education,1.7,89,5.5,1.8,7.1,Medium,7.5
368,19,Male,Other,Undergraduate,YouTube,Education,3.7,120,4.7,2.6,7.0,Medium,6.7
369,22,Male,Australia,Undergraduate,Instagram,Entertainment,1.5,71,6.4,2.1,8.7,Low,8.6
370,21,Male,India,Undergraduate,Instagram,Entertainment,4.4,156,2.1,2.0,7.3,Medium,6.1
371,21,Male,Other,Undergraduate,Instagram,Entertainment,7.4,239,1.3,1.0,4.8,High,4.8
372,22,Female,Other,Undergraduate,Facebook,Networking,4.0,138,3.5,1.5,6.0,High,6.2
373,20,Male,Other,Undergraduate,Twitter,News,2.0,112,5.6,2.0,7.7,Low,7.7
374,20,Male,Other,Undergraduate,LinkedIn,Education,5.7,206,1.4,1.7,5.5,High,6.0
375,18,Male,Other,High School,LinkedIn,Education,4.5,167,3.0,2.4,6.1,High,6.4
376,24,Male,Canada,Graduate,TikTok,Entertainment,3.2,123,5.1,2.1,7.5,Medium,8.0
377,20,Female,Other,Undergraduate,Twitter,News,6.7,227,1.1,1.4,5.1,High,5.7
378,21,Male,Other,Undergraduate,Snapchat,Entertainment,8.3,261,1.0,1.2,4.7,Very High,5.0
379,18,Female,Other,High School,Snapchat,Entertainment,3.2,125,5.1,1.7,7.8,Medium,8.5
380,19,Female,Other,Undergraduate,TikTok,Entertainment,5.9,189,3.2,1.9,6.3,High,6.8
381,21,Male,Other,Undergraduate,YouTube,Education,5.2,188,2.5,2.1,6.6,High,6.3
382,22,Male,Other,Undergraduate,LinkedIn,Education,3.5,134,3.3,3.4,8.1,Low,7.2
383,22,Male,USA,Undergraduate,YouTube,Education,8.0,232,1.0,0.8,5.2,Very High,4.7
384,21,Female,Other,Undergraduate,TikTok,Entertainment,7.3,246,1.0,0.9,5.8,Very High,5.6
385,21,Male,Other,Undergraduate,YouTube,Education,6.3,184,2.6,1.8,5.9,Very High,4.5
386,21,Male,Other,Undergraduate,Snapchat,Entertainment,8.4,262,1.0,1.3,4.7,Very High,5.4
387,19,Male,USA,Undergraduate,LinkedIn,Education,2.4,111,5.5,2.1,7.2,Low,8.6
388,23,Female,Other,Graduate,Instagram,Entertainment,6.4,208,1.9,1.2,5.4,High,5.4
389,24,Female,Other,Graduate,LinkedIn,Education,4.8,147,4.8,2.1,6.7,High,6.4
390,23,Female,Other,Graduate,Snapchat,Entertainment,7.7,236,2.0,0.7,5.3,Very High,5.3
391,21,Male,Other,Undergraduate,Facebook,Networking,6.7,227,1.4,1.1,4.6,Very High,4.5
392,20,Female,Other,Undergraduate,Facebook,Networking,2.9,106,5.2,2.3,8.4,Medium,8.4
393,19,Female,Other,Undergraduate,LinkedIn,Education,8.3,259,1.0,1.4,5.0,Very High,4.5
394,18,Male,Other,High School,LinkedIn,Education,2.5,121,4.8,2.1,8.7,Medium,8.6
395,18,Female,Other,High School,Facebook,Networking,6.2,218,2.1,0.5,5.1,Very High,5.2
396,24,Male,Other,Graduate,Snapchat,Entertainment,2.8,115,5.2,1.3,8.5,Medium,7.6
397,18,Female,Other,High School,LinkedIn,Education,4.8,157,3.5,1.2,6.8,Medium,6.3
398,20,Male,India,Undergraduate,Instagram,Entertainment,7.6,242,1.0,0.4,5.4,Very High,4.1
399,19,Female,Other,Undergraduate,Facebook,Networking,4.5,156,2.2,1.8,6.2,High,6.6
400,21,Male,Other,Undergraduate,TikTok,Entertainment,2.6,115,3.7,1.8,7.4,Low,8.9
401,22,Female,Other,Undergraduate,YouTube,Education,2.3,111,4.8,2.1,8.8,Low,9.0
402,20,Male,Other,Undergraduate,Twitter,News,2.8,123,4.8,1.9,8.2,Medium,7.3
403,19,Male,Other,Undergraduate,Instagram,Entertainment,7.0,209,1.0,1.0,4.7,Very High,5.5
404,23,Female,Other,Graduate,YouTube,Education,5.6,195,3.9,2.3,6.6,High,6.5
405,21,Male,UK,Undergraduate,Instagram,Entertainment,3.5,133,5.4,2.5,8.5,Medium,8.4
406,18,Female,USA,High School,Twitter,News,5.9,209,1.3,1.5,4.5,High,5.8
407,19,Male,Other,Undergraduate,LinkedIn,Education,2.4,111,5.9,2.2,8.4,Low,7.6
408,20,Female,Other,Undergraduate,Facebook,Networking,6.4,220,1.3,1.2,5.5,Very High,4.3
409,21,Female,Other,Undergraduate,Twitter,News,2.7,131,5.1,2.5,7.5,Medium,7.9
410,24,Male,India,Graduate,Instagram,Entertainment,8.2,269,1.0,1.2,4.8,Very High,4.5
411,22,Male,Other,Undergraduate,Instagram,Entertainment,1.9,101,6.6,2.1,7.2,Medium,8.2
412,21,Male,Other,Undergraduate,Instagram,Entertainment,5.4,183,2.3,1.7,6.6,High,6.5
413,21,Female,USA,Undergraduate,Snapchat,Entertainment,6.1,181,2.8,0.5,5.3,High,6.0
414,23,Female,Other,Graduate,Instagram,Entertainment,7.4,225,1.0,1.3,5.3,Very High,5.5
415,24,Male,Germany,Graduate,LinkedIn,Education,7.1,221,1.0,1.6,5.8,Very High,4.2
416,21,Male,Australia,Undergraduate,Instagram,Entertainment,5.7,198,4.4,1.4,7.5,Medium,6.6
417,20,Female,Other,Undergraduate,Twitter,News,1.8,93,6.4,3.5,7.2,Low,7.5
418,22,Female,Other,Undergraduate,YouTube,Education,7.9,239,1.2,0.6,5.1,Very High,4.9
419,24,Male,Other,Graduate,Twitter,News,8.1,232,1.0,1.1,6.0,Very High,4.8
420,24,Female,Other,Graduate,Instagram,Entertainment,3.6,143,4.9,2.1,6.9,Medium,6.5
421,21,Male,India,Undergraduate,Facebook,Networking,7.8,237,1.0,1.0,5.5,Very High,5.7
422,22,Female,Other,Undergraduate,Instagram,Entertainment,7.0,201,1.0,1.2,5.9,Very High,4.0
423,22,Female,Canada,Undergraduate,TikTok,Entertainment,7.7,228,1.0,1.1,5.8,Very High,4.2
424,24,Female,Other,Graduate,Snapchat,Entertainment,5.7,202,2.6,2.0,6.9,High,6.4
425,19,Female,Other,Undergraduate,LinkedIn,Education,4.9,151,2.4,2.5,6.6,High,6.5
426,24,Female,USA,Graduate,Instagram,Entertainment,7.6,231,1.0,1.1,5.3,Very High,4.9
427,19,Female,India,Undergraduate,Snapchat,Entertainment,8.5,257,1.0,1.3,5.8,Very High,4.8
428,22,Female,India,Undergraduate,TikTok,Entertainment,6.6,193,1.7,1.0,5.3,Very High,5.0
429,20,Female,Other,Undergraduate,Snapchat,Entertainment,7.5,218,1.0,1.5,5.9,Very High,4.6
430,24,Female,Other,Graduate,YouTube,Education,7.5,249,1.0,0.7,4.8,Very High,5.4
431,23,Male,Other,Graduate,Facebook,Networking,8.2,252,1.0,1.5,5.7,Very High,4.0
432,20,Female,UK,Undergraduate,YouTube,Education,5.3,165,3.4,2.8,7.1,High,6.6
433,22,Female,Other,Undergraduate,LinkedIn,Education,4.9,153,1.6,1.7,7.0,High,6.7
434,21,Female,USA,Undergraduate,Instagram,Entertainment,5.8,187,1.9,0.5,5.8,Very High,5.1
435,23,Male,Other,Graduate,LinkedIn,Education,6.4,213,1.0,1.1,5.4,Very High,4.3
436,18,Female,Other,High School,Snapchat,Entertainment,3.8,149,3.0,2.7,6.2,Medium,6.8
437,22,Female,USA,Undergraduate,Facebook,Networking,3.8,127,5.3,2.3,6.9,High,6.5
438,18,Male,Australia,High School,Twitter,News,4.0,154,4.7,2.1,7.4,Medium,6.5
439,21,Male,Other,Undergraduate,LinkedIn,Education,8.0,260,1.0,1.5,5.5,Very High,5.6
440,23,Female,Other,Graduate,Snapchat,Entertainment,8.3,241,1.0,1.2,5.6,Very High,5.8
441,19,Male,USA,Undergraduate,LinkedIn,Education,5.8,171,1.0,2.2,5.3,High,5.0
442,23,Male,Other,Graduate,Snapchat,Entertainment,6.2,218,1.4,1.9,5.3,Very High,5.0
443,18,Male,Other,High School,Snapchat,Entertainment,2.3,102,7.6,3.2,7.5,Medium,8.2
444,19,Female,Other,Undergraduate,YouTube,Education,6.2,211,2.1,1.6,5.8,Very High,4.3
445,20,Female,Other,Undergraduate,Instagram,Entertainment,7.0,212,1.0,1.7,4.5,Very High,5.9
446,24,Male,Other,Graduate,LinkedIn,Education,3.8,131,4.6,1.9,7.2,Low,8.9
447,18,Female,Other,High School,TikTok,Entertainment,3.3,116,3.5,1.9,8.6,Low,8.7
448,19,Female,USA,Undergraduate,Instagram,Entertainment,1.5,70,6.3,3.5,8.2,Low,8.2
449,18,Male,Other,High School,YouTube,Education,6.7,210,1.4,1.4,5.8,Very High,4.5
450,23,Male,India,Graduate,YouTube,Education,2.9,101,5.0,2.7,7.7,Medium,7.6
451,24,Female,Other,Graduate,YouTube,Education,3.2,138,5.4,2.3,7.7,Medium,7.9
452,21,Female,Other,Undergraduate,Twitter,News,6.0,195,2.3,1.2,5.9,High,4.1
453,21,Female,Other,Undergraduate,YouTube,Education,3.2,141,5.3,2.2,7.6,Low,7.6
454,22,Male,Other,Undergraduate,Snapchat,Entertainment,2.3,102,5.1,3.1,8.1,Low,7.3
455,22,Male,Other,Undergraduate,YouTube,Education,8.1,239,1.0,1.3,5.6,Very High,5.4
456,21,Male,Other,Undergraduate,Twitter,News,3.5,132,5.8,1.3,7.5,Low,8.9
457,21,Male,USA,Undergraduate,TikTok,Entertainment,5.8,176,1.4,1.4,5.5,High,5.4
458,24,Female,Other,Graduate,Twitter,News,2.9,129,4.4,3.2,8.0,Medium,7.0
459,22,Male,Other,Undergraduate,YouTube,Education,6.0,203,3.1,1.4,6.7,High,6.4
460,19,Male,USA,Undergraduate,YouTube,Education,5.8,175,2.0,0.6,5.3,Very High,5.8
461,19,Male,Other,Undergraduate,Facebook,Networking,4.9,170,4.2,2.7,6.0,High,6.3
462,20,Male,Other,Undergraduate,TikTok,Entertainment,5.6,186,2.0,1.9,6.8,Medium,6.8
463,18,Male,Other,High School,YouTube,Education,5.6,173,3.6,1.6,4.5,Very High,5.7
464,19,Male,Other,Undergraduate,TikTok,Entertainment,7.5,216,1.0,0.9,4.7,Very High,4.1
465,20,Female,Other,Undergraduate,Instagram,Entertainment,8.2,260,1.0,1.5,5.8,Very High,4.9
466,18,Female,Other,High School,YouTube,Education,7.4,220,1.9,0.9,5.8,Very High,4.7
467,18,Female,Australia,High School,LinkedIn,Education,6.3,202,1.4,2.0,5.9,Very High,5.4
468,23,Female,Other,Graduate,LinkedIn,Education,2.1,86,5.1,2.7,8.1,Low,8.8
469,19,Male,Australia,Undergraduate,YouTube,Education,5.7,193,1.9,1.7,6.0,High,5.8
470,21,Male,Canada,Undergraduate,TikTok,Entertainment,7.1,203,1.3,1.3,4.5,Very High,4.5
471,23,Male,Other,Graduate,Snapchat,Entertainment,5.6,179,1.1,1.5,5.8,High,4.0
472,23,Female,Other,Graduate,Instagram,Entertainment,7.5,233,1.0,1.6,5.9,Very High,5.2
473,24,Female,India,Graduate,Snapchat,Entertainment,3.0,117,4.6,1.8,7.1,Medium,7.2
474,21,Female,Germany,Undergraduate,YouTube,Education,3.7,141,5.2,1.3,8.7,Low,8.6
475,21,Male,Other,Undergraduate,TikTok,Entertainment,3.6,122,2.5,2.4,8.5,Medium,7.1
476,19,Female,Other,Undergraduate,YouTube,Education,5.4,177,2.0,2.0,6.4,High,6.6
477,23,Male,Other,Graduate,Facebook,Networking,2.0,105,4.7,2.7,7.7,Low,7.9
478,22,Female,Other,Undergraduate,TikTok,Entertainment,5.8,183,1.5,1.8,5.7,High,4.1
479,21,Female,Other,Undergraduate,Instagram,Entertainment,4.5,143,3.7,1.7,6.4,High,6.7
480,24,Male,Other,Graduate,Snapchat,Entertainment,6.3,215,1.6,1.8,5.3,Very High,4.3
481,23,Female,Germany,Graduate,Instagram,Entertainment,7.9,253,1.0,1.0,5.6,Very High,5.1
482,24,Female,Other,Graduate,TikTok,Entertainment,6.0,202,1.9,1.3,4.9,High,5.4
483,19,Male,Other,Undergraduate,YouTube,Education,5.0,181,3.2,1.6,6.2,Medium,6.4
484,18,Female,UK,High School,Facebook,Networking,6.7,223,1.0,2.3,5.8,Very High,4.6
485,23,Male,India,Graduate,Twitter,News,7.2,234,1.4,0.3,5.3,Very High,6.0
486,21,Female,India,Undergraduate,LinkedIn,Education,3.8,140,4.7,2.3,7.2,Medium,7.5
487,22,Female,Other,Undergraduate,YouTube,Education,4.6,140,3.7,1.0,6.4,Medium,6.0
488,22,Male,Other,Undergraduate,Snapchat,Entertainment,5.7,190,2.7,1.5,6.6,Very High,6.4
489,22,Female,Other,Undergraduate,YouTube,Education,6.3,192,1.9,1.2,5.6,Very High,5.0
490,19,Male,Other,Undergraduate,LinkedIn,Education,7.9,252,1.7,0.0,5.8,Very High,4.1
491,23,Female,Other,Graduate,Snapchat,Entertainment,5.0,168,2.9,1.9,6.1,High,6.6
492,21,Female,Other,Undergraduate,TikTok,Entertainment,3.5,148,4.3,1.9,7.5,High,9.0
493,22,Female,Other,Undergraduate,LinkedIn,Education,5.2,178,2.2,0.7,7.2,High,6.3
494,19,Female,Other,Undergraduate,YouTube,Education,2.7,114,4.5,2.7,8.6,Low,7.5
495,23,Female,Other,Graduate,Twitter,News,6.5,223,1.0,2.1,5.6,High,4.6
496,23,Male,Other,Graduate,TikTok,Entertainment,4.1,146,3.2,2.7,7.4,High,6.9
497,23,Male,Other,Graduate,LinkedIn,Education,2.4,100,5.5,2.6,7.1,Medium,7.1
498,22,Male,India,Undergraduate,Twitter,News,5.1,166,3.2,1.7,6.3,High,6.9
499,18,Male,Other,High School,Twitter,News,5.9,207,2.1,2.2,6.0,Very High,6.5
500,19,Female,Germany,Undergraduate,TikTok,Entertainment,5.7,197,1.7,2.4,5.2,Very High,4.1
501,24,Female,Other,Graduate,Twitter,News,8.2,235,1.0,1.5,5.0,Very High,4.7
502,19,Male,Other,Undergraduate,TikTok,Entertainment,6.9,216,1.7,0.8,5.0,Very High,5.6
503,21,Male,Other,Undergraduate,Twitter,News,7.6,229,1.0,1.2,5.0,Very High,4.1
504,19,Male,UK,Undergraduate,Snapchat,Entertainment,2.0,100,5.5,2.7,7.5,Low,7.8
505,18,Male,Other,High School,Facebook,Networking,3.9,124,4.5,1.1,7.3,Medium,8.5
506,19,Female,Other,Undergraduate,LinkedIn,Education,4.5,165,3.7,2.1,6.1,Medium,6.3
507,20,Male,Other,Undergraduate,TikTok,Entertainment,3.5,141,3.3,3.3,7.1,Low,8.1
508,18,Male,Other,High School,Twitter,News,7.3,216,1.0,1.5,5.3,Very High,5.0
509,21,Female,USA,Undergraduate,Facebook,Networking,3.7,123,4.5,2.8,7.5,Medium,8.3
510,23,Male,USA,Graduate,YouTube,Education,4.7,167,2.6,1.9,6.9,High,6.2
511,18,Male,Other,High School,YouTube,Education,5.3,167,2.9,1.6,6.9,High,6.4
512,20,Male,Australia,Undergraduate,Twitter,News,7.3,244,1.0,1.4,5.3,Very High,6.0
513,19,Female,India,Undergraduate,LinkedIn,Education,3.8,151,5.3,1.6,7.4,Medium,6.9
514,22,Female,India,Undergraduate,Instagram,Entertainment,8.4,273,1.0,0.4,6.0,Very High,5.5
515,19,Female,Other,Undergraduate,Twitter,News,8.3,253,1.0,1.6,4.7,Very High,4.6
516,21,Male,Other,Undergraduate,Snapchat,Entertainment,4.0,162,4.3,2.7,6.6,High,6.9
517,23,Female,India,Graduate,YouTube,Education,7.6,215,1.0,0.6,4.7,Very High,4.8
518,23,Female,Other,Graduate,Facebook,Networking,5.3,168,1.8,2.2,7.3,High,6.2
519,18,Male,Other,High School,Snapchat,Entertainment,5.9,172,1.9,1.5,6.2,High,6.1
520,22,Female,Other,Undergraduate,TikTok,Entertainment,4.1,154,3.0,2.1,6.4,High,6.9
521,22,Male,Other,Undergraduate,TikTok,Entertainment,5.6,185,3.0,1.8,6.1,High,6.3
522,21,Female,Other,Undergraduate,Facebook,Networking,8.4,246,1.2,1.4,5.2,Very High,5.1
523,20,Male,Australia,Undergraduate,Snapchat,Entertainment,5.8,182,1.3,1.6,5.8,Very High,4.9
524,24,Female,Other,Graduate,YouTube,Education,8.2,254,1.0,1.7,4.5,Very High,5.6
525,21,Male,Other,Undergraduate,Twitter,News,4.8,152,3.4,2.0,6.6,Medium,7.0
526,21,Female,Germany,Undergraduate,Snapchat,Entertainment,7.6,235,1.7,1.4,4.9,Very High,5.1
527,22,Female,Other,Undergraduate,Twitter,News,3.1,126,3.9,1.8,8.5,Low,7.0
528,18,Male,Other,High School,Instagram,Entertainment,7.5,221,1.0,2.2,5.4,Very High,5.5
529,20,Female,Other,Undergraduate,Snapchat,Entertainment,3.9,131,5.6,2.3,6.3,Medium,6.2
530,20,Female,USA,Undergraduate,LinkedIn,Education,7.1,216,1.0,1.6,6.0,Very High,4.1
531,22,Male,Other,Undergraduate,TikTok,Entertainment,6.3,205,1.0,0.6,5.4,Very High,6.0
532,24,Female,Other,Graduate,LinkedIn,Education,6.2,190,1.5,1.0,6.0,Very High,4.8
533,21,Female,Other,Undergraduate,LinkedIn,Education,4.9,162,2.7,2.4,6.8,Medium,6.3
534,18,Male,India,High School,Instagram,Entertainment,3.0,121,5.7,2.4,7.7,Medium,8.5
535,19,Male,Other,Undergraduate,Twitter,News,8.0,232,1.0,0.0,4.8,Very High,4.9
536,21,Female,Other,Undergraduate,Facebook,Networking,8.2,251,1.0,1.5,5.7,Very High,5.0
537,18,Female,Other,High School,TikTok,Entertainment,6.0,180,2.4,1.2,5.5,Very High,5.0
538,19,Female,Other,Undergraduate,YouTube,Education,4.8,150,2.7,2.5,6.9,High,6.9
539,24,Female,Other,Graduate,Instagram,Entertainment,5.3,166,3.7,1.6,6.4,High,6.8
540,22,Female,Other,Undergraduate,Instagram,Entertainment,4.5,148,3.0,2.0,6.6,High,6.8
541,23,Female,India,Graduate,Twitter,News,1.7,68,5.8,3.2,7.0,Medium,8.9
542,18,Male,Germany,High School,YouTube,Education,6.1,215,2.3,1.0,4.6,Very High,5.1
543,18,Male,Canada,High School,Twitter,News,1.9,84,6.7,2.0,7.3,Medium,8.9
544,21,Male,Other,Undergraduate,Instagram,Entertainment,7.7,249,1.0,1.0,5.8,Very High,5.1
545,21,Female,Other,Undergraduate,Instagram,Entertainment,6.9,233,1.0,1.7,5.2,Very High,5.9
546,24,Male,Other,Graduate,Twitter,News,5.9,204,2.5,0.9,5.9,High,4.4
547,20,Male,Australia,Undergraduate,YouTube,Education,2.4,118,4.8,1.6,8.7,Low,7.2
548,18,Male,Other,High School,LinkedIn,Education,6.5,191,1.7,1.8,5.0,Very High,5.0
549,20,Male,Other,Undergraduate,LinkedIn,Education,2.6,104,4.3,2.0,8.8,Low,8.5
550,20,Male,Other,Undergraduate,TikTok,Entertainment,6.9,226,1.5,1.1,5.3,Very High,5.1
551,19,Female,Germany,Undergraduate,Snapchat,Entertainment,5.4,183,2.0,0.7,7.3,Medium,6.3
552,21,Male,Australia,Undergraduate,Instagram,Entertainment,4.7,142,2.3,1.5,7.4,High,6.6
553,21,Male,Other,Undergraduate,Facebook,Networking,2.9,119,5.7,2.3,8.7,Low,8.9
554,21,Male,Other,Undergraduate,Instagram,Entertainment,1.7,99,6.5,3.0,8.1,Low,7.8
555,23,Female,Other,Graduate,TikTok,Entertainment,6.2,213,1.3,1.1,6.0,Very High,4.3
556,23,Male,Other,Graduate,TikTok,Entertainment,5.6,180,3.6,2.4,5.5,High,4.2
557,19,Female,Other,Undergraduate,TikTok,Entertainment,4.5,146,3.1,1.5,6.5,High,6.8
558,24,Female,Other,Graduate,Snapchat,Entertainment,8.0,237,1.0,0.7,5.6,Very High,6.0
559,21,Male,Australia,Undergraduate,Twitter,News,3.5,123,4.7,2.9,7.4,Medium,6.7
560,22,Male,Canada,Undergraduate,Twitter,News,4.8,158,2.7,1.9,6.9,Medium,6.1
561,24,Female,Other,Graduate,YouTube,Education,2.3,94,6.1,2.1,8.8,Low,8.5
562,22,Male,Other,Undergraduate,LinkedIn,Education,8.0,243,1.0,0.9,4.5,Very High,5.4
563,22,Male,Other,Undergraduate,Snapchat,Entertainment,6.6,191,1.1,2.0,5.2,Very High,5.2
564,22,Male,Other,Undergraduate,TikTok,Entertainment,1.6,76,7.5,3.3,8.2,Low,8.6
565,22,Female,Canada,Undergraduate,Instagram,Entertainment,6.8,207,1.0,0.9,5.4,Very High,4.4
566,19,Male,UK,Undergraduate,TikTok,Entertainment,1.8,76,4.3,2.5,7.6,Low,8.3
567,20,Female,Other,Undergraduate,TikTok,Entertainment,3.9,157,5.4,2.1,8.8,Medium,8.5
568,24,Male,Other,Graduate,Snapchat,Entertainment,6.7,219,3.3,0.8,5.4,Very High,5.4
569,23,Male,Other,Graduate,Twitter,News,7.8,256,1.0,1.0,5.7,Very High,5.9
570,20,Female,Other,Undergraduate,TikTok,Entertainment,5.0,172,1.5,1.8,7.4,Medium,6.7
571,18,Female,Other,High School,Facebook,Networking,7.6,219,1.0,1.7,4.5,Very High,5.9
572,21,Female,Other,Undergraduate,Instagram,Entertainment,1.7,103,6.1,3.2,8.7,Low,7.4
573,22,Female,Other,Undergraduate,LinkedIn,Education,5.8,188,2.0,1.4,6.7,High,6.5
574,21,Male,India,Undergraduate,Snapchat,Entertainment,6.4,212,1.0,1.3,5.5,Very High,5.9
575,22,Female,Other,Undergraduate,Snapchat,Entertainment,2.5,102,6.0,2.7,8.0,Medium,8.6
576,24,Male,Germany,Graduate,YouTube,Education,5.2,174,3.2,1.4,6.5,High,6.4
577,23,Male,Other,Graduate,TikTok,Entertainment,5.2,174,1.6,2.0,6.8,Medium,6.9
578,20,Female,Germany,Undergraduate,TikTok,Entertainment,6.8,206,1.8,1.3,5.1,Very High,4.9
579,22,Female,Other,Undergraduate,LinkedIn,Education,7.1,224,2.5,0.7,6.0,Very High,4.1
580,21,Female,Canada,Undergraduate,Facebook,Networking,4.7,171,3.4,1.3,7.1,High,6.5
581,19,Male,Canada,Undergraduate,Facebook,Networking,7.7,217,1.0,1.8,5.4,Very High,4.4
582,21,Female,Other,Undergraduate,LinkedIn,Education,2.6,95,5.3,2.3,8.9,Medium,8.3
583,19,Female,Other,Undergraduate,TikTok,Entertainment,6.2,213,2.3,2.3,5.0,Very High,4.8
584,22,Male,Australia,Undergraduate,Snapchat,Entertainment,5.7,189,1.0,1.3,7.4,High,6.9
585,20,Female,USA,Undergraduate,Twitter,News,2.9,135,5.2,2.4,7.3,Medium,7.1
586,19,Female,Other,Undergraduate,Facebook,Networking,4.2,154,3.5,3.1,6.9,High,6.7
587,21,Male,Canada,Undergraduate,YouTube,Education,3.8,146,5.7,1.5,9.0,Low,8.5
588,23,Female,India,Graduate,Instagram,Entertainment,3.6,150,4.3,1.2,7.6,Medium,7.9
589,24,Female,Other,Graduate,Instagram,Entertainment,2.1,103,7.2,3.1,8.0,Low,8.7
590,23,Female,Other,Graduate,Twitter,News,4.7,155,2.4,1.4,7.3,Medium,6.0
591,24,Male,Other,Graduate,LinkedIn,Education,7.7,238,1.0,1.1,5.8,Very High,4.4
592,23,Female,Other,Graduate,Facebook,Networking,7.2,214,1.1,0.9,5.6,Very High,4.6
593,23,Male,India,Graduate,Twitter,News,8.4,248,1.0,1.0,5.6,Very High,5.7
594,22,Female,India,Undergraduate,Instagram,Entertainment,4.8,172,3.3,1.3,7.0,Medium,6.3
595,21,Female,India,Undergraduate,TikTok,Entertainment,2.6,95,6.4,2.3,8.7,Low,7.5
596,20,Male,Other,Undergraduate,Twitter,News,8.1,253,1.0,1.2,4.6,Very High,4.7
597,19,Male,Other,Undergraduate,TikTok,Entertainment,6.3,205,1.0,0.9,5.4,Very High,4.9
598,20,Male,Other,Undergraduate,LinkedIn,Education,7.6,227,1.0,0.7,4.6,Very High,5.0
599,20,Female,Other,Undergraduate,YouTube,Education,6.1,178,1.2,1.3,5.1,Very High,4.1
600,24,Female,Other,Graduate,Facebook,Networking,3.3,135,4.4,1.5,7.2,Medium,7.3
601,23,Female,Other,Graduate,TikTok,Entertainment,6.9,229,1.0,1.1,5.9,Very High,4.6
602,20,Male,Other,Undergraduate,YouTube,Education,2.9,126,3.7,2.3,7.6,Medium,7.6
603,24,Male,Other,Graduate,TikTok,Entertainment,5.6,181,1.1,1.4,5.6,High,5.3
604,19,Male,Other,Undergraduate,YouTube,Education,4.3,158,4.1,1.8,6.4,High,6.4
605,21,Male,Other,Undergraduate,Twitter,News,6.8,211,1.0,1.3,4.6,Very High,4.0
606,23,Female,Other,Graduate,Instagram,Entertainment,5.4,174,1.0,1.3,6.6,High,6.3
607,19,Male,Other,Undergraduate,YouTube,Education,8.1,240,1.0,1.3,4.5,Very High,5.8
608,22,Female,Other,Undergraduate,TikTok,Entertainment,7.3,215,1.0,1.9,4.8,Very High,5.7
609,24,Male,Other,Graduate,LinkedIn,Education,3.7,155,3.7,1.8,8.5,Low,8.0
610,18,Male,India,High School,LinkedIn,Education,3.7,143,3.2,2.3,8.6,Medium,7.4
611,24,Male,Canada,Graduate,Facebook,Networking,6.3,188,2.4,1.3,5.6,Very High,4.5
612,22,Male,Other,Undergraduate,Instagram,Entertainment,5.6,199,2.7,1.8,5.8,High,5.2
613,24,Female,Other,Graduate,YouTube,Education,3.7,123,6.2,2.9,7.4,Low,6.7
614,21,Male,Germany,Undergraduate,LinkedIn,Education,7.2,228,1.1,1.5,5.1,Very High,4.3
615,18,Male,Other,High School,YouTube,Education,7.0,206,1.3,0.4,5.2,Very High,4.9
616,24,Female,Germany,Graduate,Twitter,News,5.5,176,2.4,1.9,4.6,Very High,4.8
617,19,Female,Other,Undergraduate,Facebook,Networking,5.4,186,3.3,2.3,6.7,High,6.6
618,18,Male,Other,High School,TikTok,Entertainment,2.3,121,6.2,2.3,8.1,Low,7.1
619,18,Male,Other,High School,Facebook,Networking,5.9,211,3.1,2.0,5.1,High,4.1
620,19,Male,Other,Undergraduate,Facebook,Networking,5.3,192,2.3,1.3,6.8,High,6.4
621,20,Male,Other,Undergraduate,LinkedIn,Education,2.0,84,5.7,1.8,8.2,Low,7.7
622,24,Male,Other,Graduate,Snapchat,Entertainment,1.6,68,6.0,2.7,8.9,Low,7.4
623,21,Female,Australia,Undergraduate,LinkedIn,Education,5.7,203,2.9,0.7,6.8,High,6.6
624,23,Female,Germany,Graduate,Instagram,Entertainment,6.6,226,2.6,1.2,4.6,Very High,6.0
625,22,Male,Other,Undergraduate,LinkedIn,Education,6.6,201,1.0,2.0,4.8,Very High,4.7
626,20,Female,Other,Undergraduate,Instagram,Entertainment,6.9,197,1.0,0.3,4.5,Very High,4.4
627,18,Male,Other,High School,LinkedIn,Education,3.7,142,4.6,1.4,7.9,Medium,8.2
628,23,Male,USA,Graduate,LinkedIn,Education,2.3,85,5.5,1.9,7.5,Medium,7.4
629,24,Female,Other,Graduate,Snapchat,Entertainment,6.7,193,2.1,1.3,4.9,Very High,4.2
630,20,Female,Other,Undergraduate,LinkedIn,Education,6.3,219,1.0,1.2,5.7,High,5.3
631,21,Female,India,Undergraduate,TikTok,Entertainment,4.2,149,3.1,2.6,6.1,High,6.5
632,21,Female,Other,Undergraduate,Twitter,News,2.3,86,5.1,2.9,7.0,Medium,8.4
633,23,Female,Australia,Graduate,Instagram,Entertainment,2.2,106,3.9,2.7,8.6,Low,7.7
634,23,Male,Other,Graduate,TikTok,Entertainment,3.6,129,3.6,2.2,8.6,Medium,7.9
635,19,Male,Other,Undergraduate,Instagram,Entertainment,3.3,128,4.0,2.4,8.2,Medium,7.3
636,19,Male,Other,Undergraduate,TikTok,Entertainment,6.5,222,1.3,0.9,5.0,Very High,4.2
637,18,Male,Other,High School,Twitter,News,7.4,219,1.5,1.6,4.9,Very High,4.3
638,23,Female,Other,Graduate,Twitter,News,4.7,167,3.1,1.3,7.3,Medium,6.3
639,24,Female,Other,Graduate,Facebook,Networking,3.8,153,3.4,2.5,6.8,Medium,6.9
640,23,Female,Germany,Graduate,Snapchat,Entertainment,6.1,193,1.9,2.1,5.3,High,5.7
641,18,Male,Canada,High School,Instagram,Entertainment,6.1,215,2.7,1.6,5.6,High,4.6
642,18,Female,Other,High School,Facebook,Networking,7.7,234,1.0,1.0,5.4,Very High,4.0
643,18,Male,Other,High School,Snapchat,Entertainment,5.0,168,2.3,2.0,6.5,High,6.8
644,20,Female,Other,Undergraduate,YouTube,Education,5.9,207,2.5,0.1,5.0,Very High,5.6
645,18,Female,Other,High School,Twitter,News,8.0,250,1.0,1.2,5.4,Very High,5.7
646,20,Male,Germany,Undergraduate,YouTube,Education,4.4,169,4.1,1.8,6.1,Medium,6.5
647,20,Male,India,Undergraduate,LinkedIn,Education,7.5,243,1.0,1.1,5.2,Very High,5.2
648,22,Male,India,Undergraduate,Twitter,News,5.5,190,3.1,2.0,7.1,Medium,7.0
649,22,Male,Other,Undergraduate,Instagram,Entertainment,6.0,184,1.2,1.5,5.8,Very High,5.5
650,21,Male,Canada,Undergraduate,Twitter,News,2.1,92,5.9,1.9,8.8,Low,7.0
651,22,Male,Other,Undergraduate,Facebook,Networking,4.1,161,3.7,1.9,6.7,Medium,6.3
652,18,Female,Other,High School,Twitter,News,5.6,189,1.4,1.6,5.6,High,4.4
653,23,Male,India,Graduate,Instagram,Entertainment,1.8,81,4.9,2.6,7.8,Low,7.0
654,22,Male,Other,Undergraduate,Facebook,Networking,4.7,155,3.8,1.9,6.6,High,6.9
655,23,Male,UK,Graduate,Twitter,News,3.9,153,3.8,2.5,7.3,Medium,7.0
656,22,Female,Other,Undergraduate,YouTube,Education,6.6,197,1.0,0.8,5.0,Very High,4.1
657,21,Male,Other,Undergraduate,Facebook,Networking,5.9,176,2.0,1.6,4.6,Very High,5.2
658,24,Female,Other,Graduate,Facebook,Networking,3.8,150,5.1,2.7,7.5,Medium,8.8
659,18,Female,USA,High School,YouTube,Education,7.2,216,1.0,0.3,5.5,Very High,5.8
660,24,Female,Other,Graduate,YouTube,Education,7.5,242,1.0,1.2,4.9,Very High,4.9
661,18,Male,Other,High School,Snapchat,Entertainment,1.6,86,5.7,2.3,8.4,Low,7.7
662,22,Male,UK,Undergraduate,Snapchat,Entertainment,8.1,266,1.1,0.8,5.4,Very High,5.1
663,18,Male,Other,High School,Instagram,Entertainment,7.1,222,1.1,0.8,5.9,Very High,4.8
664,23,Male,India,Graduate,Instagram,Entertainment,2.7,126,5.9,2.2,8.8,Low,8.4
665,24,Male,Other,Graduate,Snapchat,Entertainment,5.8,204,1.3,2.5,4.8,High,4.9
666,21,Male,USA,Undergraduate,Facebook,Networking,6.8,203,1.0,0.7,5.7,Very High,5.6
667,24,Male,Other,Graduate,Twitter,News,7.4,249,1.0,0.6,5.3,Very High,4.1
668,22,Female,Canada,Undergraduate,YouTube,Education,4.1,156,3.9,1.3,7.2,Medium,6.3
669,22,Male,Other,Undergraduate,Snapchat,Entertainment,6.3,186,2.1,2.3,5.6,Very High,4.2
670,24,Male,Other,Graduate,Instagram,Entertainment,7.5,212,1.0,0.9,5.7,Very High,5.7
671,18,Female,Other,High School,TikTok,Entertainment,8.0,235,1.0,1.0,4.8,Very High,5.3
672,19,Male,India,Undergraduate,YouTube,Education,5.9,172,2.2,1.3,6.0,High,7.0
673,24,Male,USA,Graduate,TikTok,Entertainment,4.4,149,4.2,1.4,6.3,Medium,6.2
674,24,Male,Other,Graduate,YouTube,Education,7.0,239,1.6,1.1,5.6,Very High,5.7
675,21,Female,Other,Undergraduate,Twitter,News,8.0,244,1.0,2.2,5.2,Very High,5.6
676,21,Male,Canada,Undergraduate,Instagram,Entertainment,2.5,87,3.7,3.1,7.0,Low,8.2
677,19,Female,Australia,Undergraduate,Facebook,Networking,6.2,199,2.6,1.0,5.2,Very High,5.9
678,21,Female,Other,Undergraduate,LinkedIn,Education,7.4,218,1.6,1.5,4.6,Very High,5.4
679,20,Female,USA,Undergraduate,YouTube,Education,4.6,174,2.6,1.4,6.1,High,6.7
680,18,Male,Other,High School,Facebook,Networking,6.3,185,1.0,0.5,4.8,Very High,5.0
681,24,Female,Germany,Graduate,TikTok,Entertainment,3.2,135,4.9,2.7,7.9,Medium,7.4
682,19,Female,Other,Undergraduate,LinkedIn,Education,5.4,177,3.3,2.2,7.1,Medium,6.5
683,24,Male,Other,Graduate,LinkedIn,Education,2.5,87,6.9,2.9,7.9,Low,8.8
684,21,Female,Other,Undergraduate,LinkedIn,Education,2.0,101,6.4,2.3,8.7,Low,8.4
685,23,Female,Other,Graduate,Twitter,News,2.8,113,4.9,2.2,8.5,Low,8.3
686,22,Female,Other,Undergraduate,TikTok,Entertainment,5.2,185,2.1,2.1,6.3,Medium,6.8
687,21,Male,Other,Undergraduate,YouTube,Education,5.2,179,2.8,1.9,6.7,High,6.8
688,21,Female,Other,Undergraduate,YouTube,Education,8.1,258,1.0,0.8,5.6,Very High,4.5
689,18,Male,Other,High School,Instagram,Entertainment,2.8,113,4.4,1.5,7.3,Low,8.2
690,19,Male,Other,Undergraduate,LinkedIn,Education,5.9,172,3.7,1.6,7.4,Very High,6.5
691,22,Male,Other,Undergraduate,TikTok,Entertainment,1.6,70,7.8,3.1,7.7,Low,7.8
692,18,Female,Other,High School,Snapchat,Entertainment,7.6,233,1.3,0.5,5.4,Very High,5.8
693,18,Female,USA,High School,YouTube,Education,1.9,87,5.4,2.8,7.9,Low,7.2
694,18,Female,Other,High School,Snapchat,Entertainment,2.9,128,5.8,2.4,8.2,Low,7.4
695,18,Female,USA,High School,Instagram,Entertainment,2.1,93,6.4,2.9,8.7,Low,7.9
696,18,Male,Other,High School,LinkedIn,Education,5.8,204,2.6,2.0,5.9,High,5.5
697,18,Female,UK,High School,Twitter,News,3.6,122,5.4,1.8,7.1,High,7.0
698,18,Male,USA,High School,YouTube,Education,3.9,137,4.6,1.2,6.0,Medium,6.7
699,20,Male,Other,Undergraduate,LinkedIn,Education,8.1,257,1.0,0.7,5.9,Very High,5.9
700,20,Male,Other,Undergraduate,Twitter,News,8.2,233,1.0,1.4,5.2,Very High,5.4
701,23,Male,Canada,Graduate,Snapchat,Entertainment,6.0,187,2.3,1.2,6.5,High,6.1
702,19,Female,Other,Undergraduate,Facebook,Networking,6.1,207,1.0,1.1,4.6,Very High,4.3
703,22,Female,Other,Undergraduate,TikTok,Entertainment,7.2,228,1.0,0.3,4.5,Very High,5.9
704,21,Female,Other,Undergraduate,Facebook,Networking,2.5,118,5.1,3.3,8.7,Low,8.3
705,19,Male,UK,Undergraduate,Snapchat,Entertainment,3.8,140,3.2,2.5,6.6,Low,6.8
706,22,Male,USA,Undergraduate,YouTube,Education,5.5,196,3.8,2.0,5.2,Very High,4.6
707,20,Male,India,Undergraduate,Snapchat,Entertainment,5.6,200,3.8,2.1,5.8,Medium,5.1
708,22,Female,Other,Undergraduate,Snapchat,Entertainment,4.5,175,4.6,2.2,6.7,Medium,6.9
709,20,Male,Other,Undergraduate,LinkedIn,Education,2.8,99,5.4,2.2,8.5,Medium,8.7
710,20,Female,Other,Undergraduate,LinkedIn,Education,5.5,185,3.6,1.5,6.5,High,6.8
711,18,Female,Other,High School,LinkedIn,Education,6.3,186,1.7,1.2,5.1,High,4.2
712,22,Male,Other,Undergraduate,YouTube,Education,4.0,134,4.2,3.3,8.5,Low,8.5
713,22,Female,UK,Undergraduate,Facebook,Networking,5.1,164,2.0,2.0,7.1,Medium,6.1
714,20,Female,Other,Undergraduate,Twitter,News,4.9,172,3.4,1.5,6.0,High,7.0
715,24,Female,Australia,Graduate,LinkedIn,Education,2.2,97,5.8,2.7,7.1,Low,7.1
716,23,Female,Other,Graduate,Instagram,Entertainment,4.0,159,3.0,1.5,7.1,Medium,8.0
717,21,Female,Other,Undergraduate,LinkedIn,Education,5.1,163,2.9,2.5,6.9,High,6.0
718,22,Male,Other,Undergraduate,YouTube,Education,3.7,141,4.2,1.7,7.4,Medium,9.0
719,19,Male,Other,Undergraduate,TikTok,Entertainment,4.4,165,5.0,2.2,7.0,High,6.2
720,20,Male,USA,Undergraduate,TikTok,Entertainment,7.7,256,1.0,1.6,5.6,Very High,5.3
721,19,Male,USA,Undergraduate,LinkedIn,Education,6.0,184,2.0,1.7,5.5,High,4.7
722,22,Female,Other,Undergraduate,Instagram,Entertainment,7.0,229,1.2,1.3,5.8,High,4.3
723,19,Female,Other,Undergraduate,Twitter,News,5.2,158,2.8,1.7,6.8,High,6.2
724,18,Male,Other,High School,Snapchat,Entertainment,6.5,208,1.3,1.3,5.4,Very High,4.1
725,20,Female,Other,Undergraduate,TikTok,Entertainment,3.2,121,3.9,1.9,8.6,Low,7.5
726,23,Female,Other,Graduate,TikTok,Entertainment,4.3,170,3.6,1.7,6.1,High,6.3
727,22,Male,Australia,Undergraduate,YouTube,Education,6.2,210,1.2,2.2,5.5,Very High,4.8
728,20,Female,USA,Undergraduate,Facebook,Networking,6.4,222,1.0,1.3,5.5,Very High,5.7
729,24,Male,India,Graduate,LinkedIn,Education,8.1,261,1.0,0.6,5.1,Very High,5.1
730,21,Male,Other,Undergraduate,Facebook,Networking,5.2,171,3.1,1.4,7.3,Medium,6.6
731,22,Male,Other,Undergraduate,Snapchat,Entertainment,6.9,226,1.0,1.8,4.6,Very High,5.2
732,22,Male,Other,Undergraduate,YouTube,Education,2.6,91,5.3,2.7,7.7,Low,8.9
733,22,Female,Other,Undergraduate,LinkedIn,Education,1.6,87,7.2,2.9,7.1,Medium,7.4
734,21,Male,Other,Undergraduate,Snapchat,Entertainment,3.8,121,5.0,1.9,6.7,Medium,6.8
735,22,Female,Other,Undergraduate,TikTok,Entertainment,7.4,238,1.4,1.4,5.2,Very High,5.1
736,20,Female,Other,Undergraduate,TikTok,Entertainment,6.4,223,1.6,1.1,5.8,Very High,4.1
737,19,Male,USA,Undergraduate,Twitter,News,5.1,179,2.2,1.6,7.3,High,6.6
738,18,Male,UK,High School,Snapchat,Entertainment,6.3,215,1.0,1.9,5.8,High,5.6
739,23,Female,UK,Graduate,Snapchat,Entertainment,5.7,176,2.6,2.0,5.5,Very High,4.5
740,24,Female,Other,Graduate,YouTube,Education,7.3,246,1.0,0.7,5.6,Very High,5.0
741,19,Female,Other,Undergraduate,LinkedIn,Education,4.4,157,4.6,1.5,6.9,Medium,6.5
742,19,Male,Other,Undergraduate,LinkedIn,Education,6.5,213,2.4,1.4,5.4,Very High,5.8
743,23,Male,Other,Graduate,YouTube,Education,3.8,150,4.1,2.9,6.7,Medium,6.3
744,24,Male,Other,Graduate,YouTube,Education,4.8,170,2.2,0.8,6.7,High,6.1
745,18,Female,Other,High School,LinkedIn,Education,2.5,99,5.2,2.5,7.3,Low,7.3
746,18,Female,Other,High School,Twitter,News,2.8,119,5.4,1.6,8.6,Low,8.0
747,21,Male,Australia,Undergraduate,TikTok,Entertainment,7.2,231,1.0,0.9,4.7,Very High,5.8
748,19,Female,UK,Undergraduate,Snapchat,Entertainment,8.4,269,1.0,0.7,5.0,Very High,4.5
749,20,Female,USA,Undergraduate,Facebook,Networking,2.5,106,5.7,2.2,8.0,Low,9.0
750,19,Male,Other,Undergraduate,Snapchat,Entertainment,8.4,255,1.0,0.6,4.8,Very High,5.4
751,21,Male,India,Undergraduate,Snapchat,Entertainment,2.5,107,5.0,2.4,7.4,Low,8.0
752,22,Female,Germany,Undergraduate,Snapchat,Entertainment,6.6,194,1.6,1.1,4.7,Very High,5.4
753,19,Female,Other,Undergraduate,LinkedIn,Education,3.7,120,4.0,1.3,6.1,Medium,6.6
754,22,Female,Other,Undergraduate,Facebook,Networking,2.9,97,5.3,2.7,7.0,Low,7.2
755,23,Male,Other,Graduate,Instagram,Entertainment,3.3,133,4.9,2.6,8.8,Low,9.0
756,24,Male,Other,Graduate,Twitter,News,7.4,226,1.0,1.6,5.6,Very High,5.1
757,22,Female,Australia,Undergraduate,YouTube,Education,3.0,134,4.6,1.5,8.3,Medium,7.8
758,22,Male,Other,Undergraduate,Facebook,Networking,6.8,223,2.4,1.4,5.2,Very High,4.3
759,23,Female,India,Graduate,Facebook,Networking,2.6,95,4.5,2.7,7.7,Low,8.7
760,22,Male,Other,Undergraduate,Facebook,Networking,6.7,196,1.0,0.8,5.1,Very High,4.7
761,23,Female,Other,Graduate,Instagram,Entertainment,6.7,206,1.0,1.3,5.8,Very High,5.5
762,21,Male,Canada,Undergraduate,YouTube,Education,3.6,151,4.4,2.0,6.2,Medium,6.1
763,23,Male,Australia,Graduate,YouTube,Education,3.4,111,4.6,3.1,8.7,Medium,7.8
764,20,Male,Other,Undergraduate,YouTube,Education,6.8,202,1.1,2.3,6.0,Very High,5.1
765,18,Male,Other,High School,Twitter,News,2.4,86,6.6,1.6,7.3,Low,8.4
766,18,Male,Other,High School,Snapchat,Entertainment,6.0,191,1.0,2.7,5.0,High,5.5
767,23,Female,Other,Graduate,Instagram,Entertainment,7.4,249,1.0,0.7,4.6,Very High,4.3
768,23,Female,Other,Graduate,Twitter,News,4.5,164,4.7,2.4,6.9,High,6.1
769,23,Male,Other,Graduate,TikTok,Entertainment,6.6,209,1.0,1.8,5.6,High,5.0
770,19,Male,India,Undergraduate,Facebook,Networking,3.6,120,4.1,1.6,8.8,Medium,7.9
771,20,Male,Other,Undergraduate,LinkedIn,Education,2.0,89,5.4,2.7,7.6,Low,7.6
772,21,Female,India,Undergraduate,Facebook,Networking,3.9,142,3.4,2.0,7.8,Medium,7.1
773,20,Male,Other,Undergraduate,Instagram,Entertainment,5.5,172,2.2,1.9,6.7,High,6.8
774,18,Male,Other,High School,Instagram,Entertainment,6.7,220,2.4,1.4,4.8,Very High,5.8
775,21,Male,Other,Undergraduate,Snapchat,Entertainment,8.2,269,1.3,1.5,4.9,Very High,5.6
776,21,Female,Other,Undergraduate,TikTok,Entertainment,5.8,178,1.9,1.6,5.6,Very High,6.0
777,18,Female,Other,High School,Snapchat,Entertainment,5.9,182,3.6,1.4,4.6,Very High,5.6
778,18,Male,USA,High School,Instagram,Entertainment,7.2,210,1.0,1.7,5.9,High,4.4
779,24,Male,Other,Graduate,Instagram,Entertainment,6.5,216,2.9,1.7,5.3,Very High,4.8
780,19,Female,USA,Undergraduate,LinkedIn,Education,2.9,115,5.0,2.6,8.9,Low,7.4
781,24,Male,Other,Graduate,TikTok,Entertainment,6.3,193,1.8,1.1,5.7,Very High,5.6
782,18,Male,Australia,High School,Twitter,News,4.4,143,3.9,1.4,6.1,High,6.5
783,21,Female,Other,Undergraduate,TikTok,Entertainment,7.1,204,3.4,0.9,5.5,Very High,4.8
784,20,Female,UK,Undergraduate,TikTok,Entertainment,3.8,139,4.9,1.7,7.2,Medium,8.1
785,22,Female,Other,Undergraduate,Instagram,Entertainment,7.9,249,1.0,1.4,5.4,Very High,4.7
786,19,Female,Other,Undergraduate,LinkedIn,Education,5.6,174,3.2,2.1,6.3,Very High,6.4
787,20,Female,Other,Undergraduate,YouTube,Education,6.3,182,1.4,1.3,5.2,High,4.6
788,21,Male,Other,Undergraduate,TikTok,Entertainment,3.2,123,4.4,2.9,7.1,Medium,7.1
789,20,Male,Other,Undergraduate,Snapchat,Entertainment,2.0,102,6.7,3.2,7.1,Low,9.0
790,23,Male,Australia,Graduate,Snapchat,Entertainment,7.6,228,1.0,1.2,5.9,Very High,4.1
791,23,Female,Other,Graduate,YouTube,Education,7.4,220,1.0,0.7,5.7,Very High,4.2
792,21,Male,Other,Undergraduate,YouTube,Education,5.6,171,2.4,2.4,4.9,High,5.5
793,19,Female,Other,Undergraduate,LinkedIn,Education,4.6,169,3.7,1.8,7.2,High,6.5
794,19,Female,USA,Undergraduate,Facebook,Networking,6.1,211,2.2,1.5,4.8,Very High,4.2
795,20,Female,Other,Undergraduate,Snapchat,Entertainment,4.2,160,2.3,1.8,6.2,High,6.7
796,22,Female,Other,Undergraduate,LinkedIn,Education,3.7,137,4.8,1.6,6.2,High,6.9
797,23,Male,Other,Graduate,LinkedIn,Education,6.1,205,1.1,0.7,5.6,Very High,4.5
798,19,Female,USA,Undergraduate,TikTok,Entertainment,6.1,192,1.0,1.8,5.5,High,5.6
799,20,Male,USA,Undergraduate,LinkedIn,Education,2.7,92,5.3,1.9,7.6,Low,8.9
800,20,Male,Other,Undergraduate,Snapchat,Entertainment,6.0,189,2.1,3.0,5.8,Very High,4.9
801,23,Male,Other,Graduate,TikTok,Entertainment,6.4,213,1.0,0.9,5.4,Very High,4.6
802,21,Male,UK,Undergraduate,YouTube,Education,5.7,192,3.0,0.9,5.3,High,5.8
803,20,Male,Other,Undergraduate,Instagram,Entertainment,7.0,239,1.0,1.5,5.3,Very High,5.1
804,23,Female,Other,Graduate,Facebook,Networking,7.7,256,1.0,1.8,5.7,High,4.6
805,19,Male,Other,Undergraduate,TikTok,Entertainment,6.3,191,1.2,1.5,4.8,Very High,4.0
806,20,Female,Other,Undergraduate,Twitter,News,5.7,167,2.3,1.9,5.2,High,5.5
807,18,Male,Other,High School,LinkedIn,Education,8.2,239,1.0,0.0,5.2,Very High,4.6
808,19,Female,Other,Undergraduate,Twitter,News,6.4,220,1.0,1.1,5.5,Very High,4.4
809,22,Male,India,Undergraduate,TikTok,Entertainment,6.6,222,2.0,0.8,4.7,Very High,4.3
810,18,Female,Other,High School,LinkedIn,Education,6.0,178,2.1,0.6,4.6,Very High,5.4
811,21,Female,Germany,Undergraduate,LinkedIn,Education,5.9,178,1.0,1.6,5.1,High,5.9
812,23,Female,Australia,Graduate,LinkedIn,Education,7.4,232,1.0,0.0,5.1,Very High,4.3
813,19,Male,Other,Undergraduate,Snapchat,Entertainment,5.8,196,2.2,0.9,5.6,Very High,4.5
814,21,Female,Other,Undergraduate,Instagram,Entertainment,5.8,209,2.0,1.3,6.0,Very High,4.4
815,21,Male,Other,Undergraduate,LinkedIn,Education,1.8,100,6.1,2.1,9.0,Low,8.2
816,18,Male,Other,High School,Snapchat,Entertainment,6.5,195,1.5,1.6,5.4,High,4.1
817,23,Male,Other,Graduate,Instagram,Entertainment,3.8,121,4.4,2.2,6.5,Medium,6.6
818,18,Male,Other,High School,TikTok,Entertainment,8.0,250,1.0,1.4,5.6,Very High,4.5
819,19,Male,India,Undergraduate,Twitter,News,7.7,239,1.0,1.5,5.5,Very High,4.7
820,19,Male,Other,Undergraduate,Snapchat,Entertainment,8.1,263,1.0,1.5,5.2,Very High,5.0
821,22,Male,Other,Undergraduate,TikTok,Entertainment,6.2,203,1.0,1.4,5.2,Very High,5.8
822,18,Female,Other,High School,Facebook,Networking,4.9,167,3.3,1.9,7.1,High,6.6
823,23,Male,Other,Graduate,YouTube,Education,3.9,134,5.1,2.3,8.5,Low,8.9
824,21,Male,Other,Undergraduate,Twitter,News,6.6,193,1.1,1.4,5.0,Very High,6.0
825,22,Male,Other,Undergraduate,Instagram,Entertainment,6.2,215,1.0,1.3,4.7,Very High,4.4
826,24,Male,UK,Graduate,Facebook,Networking,2.4,118,4.2,2.2,7.5,Low,7.1
827,19,Male,Other,Undergraduate,Instagram,Entertainment,3.6,121,3.7,1.7,8.7,Low,8.5
828,18,Male,Other,High School,Instagram,Entertainment,2.8,123,4.8,2.5,8.8,Low,8.6
829,23,Male,Other,Graduate,YouTube,Education,1.6,79,6.1,2.6,7.1,Low,8.1
830,22,Male,USA,Undergraduate,Facebook,Networking,7.3,224,1.0,0.8,5.9,Very High,4.4
831,18,Female,Canada,High School,YouTube,Education,6.8,228,1.0,1.0,5.2,Very High,5.2
832,22,Male,Other,Undergraduate,Facebook,Networking,7.7,250,1.1,0.5,5.0,Very High,6.0
833,23,Female,Germany,Graduate,LinkedIn,Education,5.5,169,2.0,2.1,7.3,High,6.9
834,22,Male,Other,Undergraduate,TikTok,Entertainment,6.2,192,1.1,1.5,5.5,Very High,5.9
835,24,Female,Other,Graduate,LinkedIn,Education,4.6,172,3.8,1.4,6.8,High,6.4
836,20,Male,Other,Undergraduate,Facebook,Networking,7.2,241,1.0,1.6,5.6,Very High,5.6
837,24,Male,Other,Graduate,TikTok,Entertainment,3.3,110,5.0,1.9,7.7,Medium,7.7
838,23,Male,Other,Graduate,YouTube,Education,5.4,193,2.7,0.9,6.6,High,6.4
839,23,Female,Other,Graduate,TikTok,Entertainment,3.2,124,4.7,2.7,7.6,Medium,9.0
840,18,Female,Other,High School,Snapchat,Entertainment,3.7,140,5.6,1.8,7.9,Medium,7.3
841,19,Female,Other,Undergraduate,Snapchat,Entertainment,6.3,185,1.2,1.2,5.7,High,5.4
842,21,Female,Australia,Undergraduate,YouTube,Education,7.5,239,2.1,1.1,5.0,Very High,4.8
843,23,Female,Other,Graduate,Facebook,Networking,6.0,202,1.8,2.1,6.0,High,5.7
844,20,Male,India,Undergraduate,TikTok,Entertainment,8.2,255,1.0,1.0,5.8,Very High,5.9
845,18,Female,Other,High School,YouTube,Education,6.1,208,2.0,0.9,5.5,Very High,4.5
846,19,Female,Other,Undergraduate,Instagram,Entertainment,8.2,267,1.0,1.2,4.5,Very High,5.8
847,24,Male,Other,Graduate,LinkedIn,Education,5.3,190,2.1,1.4,7.0,Medium,6.2
848,22,Male,Other,Undergraduate,YouTube,Education,5.8,199,2.5,2.5,7.2,High,6.0
849,22,Female,USA,Undergraduate,YouTube,Education,7.2,244,1.2,1.2,4.6,Very High,5.4
850,23,Male,UK,Graduate,Snapchat,Entertainment,4.0,151,3.5,0.9,7.2,Medium,6.2
851,20,Female,Other,Undergraduate,LinkedIn,Education,3.3,133,5.5,2.4,7.5,Low,8.3
852,22,Male,India,Undergraduate,Snapchat,Entertainment,6.1,198,2.8,2.4,4.5,Very High,5.8
853,18,Female,India,High School,Facebook,Networking,6.8,225,2.3,2.1,4.8,Very High,4.2
854,24,Male,Other,Graduate,Snapchat,Entertainment,3.4,112,5.0,3.1,7.1,Medium,8.3
855,24,Female,Other,Graduate,Instagram,Entertainment,7.7,237,1.4,0.6,4.8,Very High,4.8
856,23,Female,Other,Graduate,Instagram,Entertainment,7.6,232,1.0,1.6,4.7,Very High,5.6
857,24,Female,India,Graduate,Snapchat,Entertainment,4.7,178,3.0,1.5,6.6,High,6.8
858,20,Male,Other,Undergraduate,Facebook,Networking,4.9,149,2.4,1.9,7.4,Medium,6.1
859,23,Male,Other,Graduate,LinkedIn,Education,8.0,250,1.0,0.4,4.9,Very High,5.9
860,24,Male,Other,Graduate,YouTube,Education,7.2,212,1.0,0.9,5.9,Very High,5.9
861,22,Female,USA,Undergraduate,LinkedIn,Education,1.7,102,6.2,2.2,7.9,Low,8.3
862,24,Female,Other,Graduate,TikTok,Entertainment,4.6,174,4.9,2.3,6.8,High,6.5
863,18,Male,Australia,High School,Facebook,Networking,4.4,144,3.5,2.3,6.5,Medium,6.5
864,24,Female,Other,Graduate,TikTok,Entertainment,3.7,151,4.6,2.2,8.8,Medium,8.8
865,18,Female,Other,High School,YouTube,Education,1.8,89,6.0,1.9,7.9,Low,8.0
866,23,Female,USA,Graduate,YouTube,Education,7.7,255,1.0,0.9,4.9,Very High,5.8
867,18,Male,USA,High School,Facebook,Networking,4.5,166,3.5,1.5,7.2,Medium,6.5
868,22,Male,Australia,Undergraduate,Facebook,Networking,8.1,228,1.0,1.4,5.2,Very High,5.5
869,23,Male,Other,Graduate,YouTube,Education,3.5,120,5.4,2.7,7.8,Medium,7.2
870,21,Female,Canada,Undergraduate,Instagram,Entertainment,3.4,126,5.9,2.7,7.0,Low,7.3
871,20,Male,Other,Undergraduate,TikTok,Entertainment,4.0,133,4.2,1.6,7.1,Medium,7.3
872,24,Male,Other,Graduate,TikTok,Entertainment,3.8,125,4.7,0.7,6.0,Low,6.1
873,23,Male,India,Graduate,Twitter,News,3.8,159,3.3,1.2,6.6,Medium,6.7
874,18,Male,Other,High School,Twitter,News,5.6,199,2.3,2.3,6.9,High,6.0
875,23,Female,Australia,Graduate,Instagram,Entertainment,4.3,149,4.5,1.7,6.4,Medium,6.5
876,22,Female,UK,Undergraduate,Snapchat,Entertainment,4.1,135,4.6,1.6,6.1,Medium,6.2
877,21,Female,India,Undergraduate,YouTube,Education,2.5,94,5.7,3.2,7.2,Low,7.0
878,23,Male,India,Graduate,LinkedIn,Education,4.5,173,4.2,2.5,6.2,High,6.4
879,22,Female,Other,Undergraduate,Facebook,Networking,7.7,230,1.0,1.1,5.8,Very High,5.5
880,24,Male,USA,Graduate,Facebook,Networking,5.2,155,3.8,1.6,7.3,High,6.1
881,22,Female,Australia,Undergraduate,Facebook,Networking,8.0,240,1.0,0.9,5.1,Very High,4.9
882,23,Male,Other,Graduate,Snapchat,Entertainment,6.9,215,1.0,1.4,5.7,Very High,5.7
883,20,Male,Canada,Undergraduate,LinkedIn,Education,4.3,156,4.0,2.7,6.6,Medium,6.7
884,20,Male,Other,Undergraduate,YouTube,Education,3.5,125,2.2,2.3,8.3,Medium,8.2
885,21,Male,UK,Undergraduate,LinkedIn,Education,7.6,251,1.0,1.5,6.0,Very High,4.5
886,19,Female,Other,Undergraduate,LinkedIn,Education,6.1,202,1.0,2.1,5.8,High,4.1
887,19,Male,Other,Undergraduate,YouTube,Education,7.0,239,1.0,0.7,5.4,Very High,5.9
888,18,Male,Other,High School,YouTube,Education,6.0,189,2.4,1.9,5.9,High,4.1
889,24,Male,Other,Graduate,LinkedIn,Education,7.0,226,1.4,1.1,5.0,Very High,4.5
890,23,Female,Other,Graduate,Instagram,Entertainment,2.7,106,4.4,1.1,7.8,Low,8.8
891,21,Male,USA,Undergraduate,Snapchat,Entertainment,3.9,149,3.5,1.0,7.1,Low,7.5
892,19,Female,Other,Undergraduate,Twitter,News,5.5,191,3.6,1.1,5.4,Very High,5.2
893,22,Male,Other,Undergraduate,Facebook,Networking,1.9,84,5.7,2.8,8.4,Low,8.5
894,23,Female,Other,Graduate,LinkedIn,Education,1.8,107,8.0,2.6,8.2,Low,7.2
895,23,Male,Other,Graduate,Facebook,Networking,4.9,181,3.1,1.9,6.3,High,6.1
896,20,Male,UK,Undergraduate,LinkedIn,Education,4.3,167,4.0,2.9,6.2,Medium,6.2
897,19,Female,Other,Undergraduate,YouTube,Education,2.9,105,6.4,1.6,7.1,Medium,8.8
898,22,Female,Germany,Undergraduate,Facebook,Networking,7.2,233,1.0,1.2,5.4,Very High,5.7
899,22,Male,Other,Undergraduate,LinkedIn,Education,7.9,226,1.0,1.2,4.7,Very High,4.1
900,19,Female,Germany,Undergraduate,Instagram,Entertainment,2.5,91,5.4,2.0,8.3,Low,7.2
901,21,Female,Other,Undergraduate,LinkedIn,Education,3.8,158,4.2,2.1,7.4,Medium,7.3
902,20,Female,Other,Undergraduate,Snapchat,Entertainment,5.8,176,1.1,0.8,7.2,High,6.1
903,20,Male,Other,Undergraduate,Facebook,Networking,5.9,206,1.9,2.2,5.8,High,4.7
904,22,Male,Other,Undergraduate,Instagram,Entertainment,2.6,107,4.8,2.0,7.5,Medium,8.8
905,18,Female,Other,High School,Twitter,News,5.2,167,3.5,2.7,6.8,High,6.9
906,21,Male,Other,Undergraduate,Snapchat,Entertainment,1.7,69,6.3,2.6,8.5,Low,7.7
907,20,Male,Australia,Undergraduate,Twitter,News,2.8,122,5.0,2.8,7.0,Medium,7.8
908,19,Male,Other,Undergraduate,Facebook,Networking,3.8,148,4.1,2.0,7.4,Low,8.8
909,24,Male,Other,Graduate,LinkedIn,Education,5.1,170,3.1,1.7,6.5,High,6.8
910,23,Male,India,Graduate,Instagram,Entertainment,3.7,149,4.8,1.8,6.5,Medium,6.9
911,23,Female,India,Graduate,Snapchat,Entertainment,1.5,74,5.7,2.7,7.2,Low,7.7
912,18,Female,UK,High School,Facebook,Networking,3.5,134,3.7,2.3,7.9,Medium,8.5
913,23,Male,Other,Graduate,Facebook,Networking,3.8,131,5.1,1.7,6.5,Medium,6.4
914,21,Female,Other,Undergraduate,YouTube,Education,4.1,150,3.6,1.9,6.2,High,6.6
915,21,Female,Other,Undergraduate,Snapchat,Entertainment,5.4,165,1.5,1.3,6.3,High,6.5
916,21,Female,Other,Undergraduate,YouTube,Education,6.7,211,1.7,2.5,5.5,Very High,4.9
917,21,Male,Other,Undergraduate,Facebook,Networking,7.4,231,1.0,1.1,5.3,Very High,5.5
918,24,Male,India,Graduate,Facebook,Networking,3.8,142,3.0,2.8,6.3,Medium,6.8
919,19,Male,Other,Undergraduate,LinkedIn,Education,7.4,227,1.0,1.1,5.7,Very High,5.7
920,22,Female,Other,Undergraduate,LinkedIn,Education,2.0,100,6.6,2.6,7.5,Low,8.3
921,22,Male,Other,Undergraduate,Facebook,Networking,7.3,227,1.0,0.5,5.8,Very High,5.3
922,24,Female,Canada,Graduate,Facebook,Networking,5.8,181,2.7,1.3,5.5,High,4.1
923,22,Female,Canada,Undergraduate,Snapchat,Entertainment,7.2,213,1.0,1.3,5.1,High,4.6
924,24,Female,Other,Graduate,LinkedIn,Education,3.6,140,4.7,2.9,8.4,Low,7.6
925,21,Female,Other,Undergraduate,TikTok,Entertainment,7.6,252,1.0,1.2,5.2,Very High,4.1
926,22,Female,Other,Undergraduate,TikTok,Entertainment,3.8,150,3.8,2.7,7.4,Medium,6.8
927,21,Male,Other,Undergraduate,Twitter,News,6.1,202,2.6,1.8,5.8,Very High,4.4
928,20,Female,UK,Undergraduate,TikTok,Entertainment,2.9,133,6.3,3.1,7.5,Low,7.9
929,24,Female,Other,Graduate,Instagram,Entertainment,3.7,152,5.7,2.0,8.8,Medium,9.0
930,21,Female,Australia,Undergraduate,Facebook,Networking,7.0,220,2.1,2.4,5.9,Very High,4.1
931,22,Female,Other,Undergraduate,Instagram,Entertainment,3.9,126,4.0,1.8,7.7,Medium,8.3
932,19,Male,Other,Undergraduate,YouTube,Education,6.0,200,2.3,1.1,5.6,Very High,4.2
933,18,Male,Other,High School,TikTok,Entertainment,2.3,106,6.3,1.8,8.0,Low,7.2
934,22,Female,Other,Undergraduate,TikTok,Entertainment,2.3,93,5.8,3.6,8.0,Low,8.5
935,19,Male,India,Undergraduate,Twitter,News,3.5,145,4.6,2.5,6.0,Medium,7.0
936,22,Male,Other,Undergraduate,Instagram,Entertainment,7.8,254,1.0,0.9,6.0,Very High,5.3
937,19,Male,UK,Undergraduate,Instagram,Entertainment,7.4,223,1.0,1.8,5.2,Very High,4.7
938,20,Female,Germany,Undergraduate,LinkedIn,Education,3.2,124,4.2,2.5,8.9,Low,7.5
939,23,Male,Australia,Graduate,Twitter,News,5.8,177,1.9,2.5,4.8,Very High,5.0
940,21,Female,Other,Undergraduate,Instagram,Entertainment,6.9,204,1.6,0.5,5.7,Very High,4.6
941,22,Male,Other,Undergraduate,Twitter,News,2.6,100,5.4,2.2,8.2,Medium,7.2
942,20,Male,Other,Undergraduate,YouTube,Education,2.3,96,6.0,2.2,7.2,Medium,7.4
943,23,Male,USA,Graduate,Instagram,Entertainment,5.5,172,3.0,0.6,5.9,High,4.3
944,24,Male,Australia,Graduate,Snapchat,Entertainment,4.0,131,3.7,2.5,8.6,Medium,8.6
945,19,Male,Other,Undergraduate,LinkedIn,Education,6.2,197,2.4,1.3,4.7,Very High,4.3
946,18,Male,Other,High School,Snapchat,Entertainment,4.7,166,3.6,2.2,6.1,Medium,6.6
947,20,Female,UK,Undergraduate,YouTube,Education,3.7,130,3.3,3.3,8.6,Medium,8.4
948,19,Female,Other,Undergraduate,LinkedIn,Education,6.0,196,3.2,1.3,6.0,Very High,5.8
949,24,Male,Other,Graduate,TikTok,Entertainment,7.8,230,1.0,0.8,5.0,Very High,4.8
950,20,Male,USA,Undergraduate,Instagram,Entertainment,3.9,150,2.8,2.1,6.6,Medium,6.8
951,19,Female,Other,Undergraduate,YouTube,Education,7.2,230,1.0,1.7,5.9,Very High,5.0
952,21,Female,Other,Undergraduate,Twitter,News,6.2,218,1.0,1.2,5.4,Very High,5.4
953,21,Female,Canada,Undergraduate,Twitter,News,7.7,219,1.0,0.8,5.6,Very High,4.5
954,22,Male,USA,Undergraduate,Twitter,News,4.0,159,3.8,2.5,7.6,Medium,8.6
955,22,Female,USA,Undergraduate,LinkedIn,Education,4.2,143,3.5,2.1,6.8,High,6.5
956,24,Female,USA,Graduate,LinkedIn,Education,3.9,124,4.6,1.0,7.2,Medium,6.7
957,21,Male,UK,Undergraduate,TikTok,Entertainment,4.7,169,3.6,1.2,6.2,High,6.3
958,23,Male,India,Graduate,Snapchat,Entertainment,7.3,213,1.0,1.9,5.0,Very High,5.8
959,23,Female,India,Graduate,TikTok,Entertainment,6.4,192,1.9,1.6,5.3,Very High,4.9
960,20,Female,Other,Undergraduate,YouTube,Education,3.3,146,5.2,1.8,7.4,Low,7.1
961,19,Female,Other,Undergraduate,Twitter,News,6.7,200,1.0,1.2,6.0,Very High,4.6
962,21,Male,Other,Undergraduate,Facebook,Networking,7.6,236,1.0,1.1,5.1,Very High,4.3
963,23,Male,Other,Graduate,Instagram,Entertainment,4.5,145,1.8,2.2,6.6,High,6.3
964,19,Male,Other,Undergraduate,YouTube,Education,3.0,104,5.0,1.6,7.1,Medium,8.3
965,21,Female,Other,Undergraduate,Facebook,Networking,6.2,180,1.8,1.0,5.1,Very High,4.6
966,18,Female,Other,High School,Instagram,Entertainment,6.6,190,2.2,1.5,5.4,Very High,5.4
967,23,Male,Other,Graduate,Twitter,News,8.4,253,1.0,0.9,4.6,Very High,5.6
968,23,Female,UK,Graduate,Snapchat,Entertainment,7.0,217,1.2,1.5,5.6,High,5.9
969,23,Female,USA,Graduate,Snapchat,Entertainment,7.9,223,1.0,0.4,5.8,Very High,5.1
970,24,Female,Other,Graduate,Facebook,Networking,3.6,128,4.8,2.3,8.4,Low,8.9
971,24,Male,Canada,Graduate,Snapchat,Entertainment,5.5,172,2.1,2.2,4.6,Very High,5.1
972,21,Male,Other,Undergraduate,Instagram,Entertainment,2.0,97,6.0,2.7,7.1,Low,7.7
973,19,Male,Australia,Undergraduate,Facebook,Networking,5.8,209,3.0,1.6,7.4,High,6.2
974,18,Female,Other,High School,YouTube,Education,6.3,209,1.3,1.4,5.5,High,4.2
975,19,Male,Other,Undergraduate,LinkedIn,Education,3.2,141,5.4,1.8,9.0,Low,8.3
976,24,Female,Other,Graduate,YouTube,Education,1.7,74,6.8,2.5,8.5,Low,8.8
977,18,Female,Other,High School,Snapchat,Entertainment,7.0,208,1.0,1.9,4.8,Very High,4.4
978,22,Male,Other,Undergraduate,Snapchat,Entertainment,4.8,175,4.0,1.7,6.4,High,6.4
979,24,Female,Other,Graduate,Facebook,Networking,6.4,197,2.2,1.0,5.0,Very High,4.5
980,23,Male,India,Graduate,TikTok,Entertainment,1.8,103,6.3,2.3,8.7,Low,7.5
981,18,Male,Other,High School,Twitter,News,7.0,218,1.0,1.4,5.1,Very High,4.8
982,22,Male,Other,Undergraduate,YouTube,Education,2.6,98,4.7,2.2,7.7,Low,8.4
983,21,Female,Other,Undergraduate,Twitter,News,1.7,100,5.9,2.8,7.3,Medium,8.0
984,20,Male,Other,Undergraduate,Instagram,Entertainment,5.0,172,3.4,2.0,7.0,Medium,6.8
985,23,Male,Other,Graduate,Instagram,Entertainment,6.0,207,1.2,1.9,5.4,Very High,5.1
986,19,Female,Other,Undergraduate,YouTube,Education,8.3,250,1.0,1.6,5.9,Very High,4.7
987,21,Male,Other,Undergraduate,LinkedIn,Education,3.7,122,3.3,2.6,7.0,Medium,8.5
988,18,Female,Other,High School,Snapchat,Entertainment,8.4,262,1.0,0.4,5.5,Very High,5.6
989,19,Female,Other,Undergraduate,Twitter,News,5.5,166,2.6,1.2,5.1,Very High,5.3
990,21,Male,Other,Undergraduate,YouTube,Education,8.0,251,2.0,1.0,5.0,Very High,4.6
991,22,Male,Australia,Undergraduate,YouTube,Education,2.2,96,4.7,2.2,8.6,Low,8.6
992,22,Female,Other,Undergraduate,Twitter,News,7.2,236,2.0,0.6,5.9,Very High,5.3
993,18,Male,Other,High School,Instagram,Entertainment,5.9,206,2.2,1.3,5.6,Very High,4.5
994,24,Male,Other,Graduate,Instagram,Entertainment,7.0,216,1.3,1.0,5.8,Very High,5.1
995,18,Female,Germany,High School,YouTube,Education,1.9,107,6.2,2.2,7.7,Low,7.8
996,20,Male,Other,Undergraduate,YouTube,Education,6.0,179,2.4,1.3,5.3,Very High,5.0
997,18,Male,India,High School,Snapchat,Entertainment,5.3,161,2.6,2.3,6.3,High,6.6
998,18,Male,Other,High School,Snapchat,Entertainment,7.1,241,2.1,1.3,4.6,Very High,5.2
999,22,Female,Other,Undergraduate,YouTube,Education,6.2,202,1.4,2.7,5.6,Very High,4.6
1000,19,Female,Bangladesh,Undergraduate,Instagram,Entertainment,5.2,173,3.7,1.8,6.5,Medium,6.0
1001,22,Male,India,Undergraduate,Twitter,News,2.1,83,5.4,2.3,7.5,Low,8.0
1002,20,Female,USA,Undergraduate,TikTok,Entertainment,6.0,186,2.0,1.5,5.0,Very High,5.0
1003,18,Male,UK,High School,YouTube,Education,3.0,127,4.1,2.4,7.0,Medium,7.0
1004,21,Male,Canada,Undergraduate,Facebook,Networking,4.5,169,3.9,2.1,6.0,High,6.0
1005,19,Female,Australia,Undergraduate,Instagram,Entertainment,7.2,241,2.0,2.2,4.5,Very High,4.0
1006,23,Male,Germany,Graduate,LinkedIn,Education,1.5,78,6.4,2.2,8.0,Low,9.0
1007,20,Female,Brazil,Undergraduate,Snapchat,Entertainment,5.8,188,2.0,2.0,6.0,High,6.0
1008,18,Male,Japan,High School,TikTok,Entertainment,4.0,131,3.1,2.1,6.5,High,7.0
1009,21,Female,South Korea,Undergraduate,Instagram,Entertainment,3.3,110,4.5,1.4,7.0,Low,7.0
1010,19,Male,France,Undergraduate,Snapchat,Entertainment,4.8,162,1.9,2.2,6.2,Medium,5.0
1011,20,Female,Spain,Undergraduate,TikTok,Entertainment,5.5,185,1.8,2.3,5.8,Very High,6.0
1012,22,Male,Italy,Undergraduate,LinkedIn,Education,2.8,99,5.4,1.9,7.2,Medium,8.0
1013,18,Female,Mexico,High School,Instagram,Entertainment,6.5,203,2.6,1.4,5.5,Very High,5.0
1014,21,Male,Russia,Undergraduate,YouTube,Education,3.7,142,6.5,1.2,6.8,High,7.0
1015,20,Female,China,Undergraduate,TikTok,Entertainment,4.2,162,3.3,1.3,6.0,High,6.0
1016,24,Male,Sweden,Graduate,LinkedIn,Education,2.0,112,7.1,3.0,7.8,Low,8.0
1017,19,Female,Norway,Undergraduate,Instagram,Entertainment,5.0,163,3.2,1.5,5.7,High,5.0
1018,21,Male,Denmark,Undergraduate,Facebook,Networking,3.5,127,4.4,1.6,6.7,Medium,7.0
1019,20,Female,Netherlands,Undergraduate,Snapchat,Entertainment,4.7,176,3.6,1.9,5.9,High,6.0
1020,18,Male,Belgium,High School,TikTok,Entertainment,5.3,184,2.7,1.4,5.5,Very High,5.0
1021,23,Female,Switzerland,Graduate,LinkedIn,Education,2.5,97,5.6,2.1,7.3,Medium,8.0
1022,19,Male,Austria,Undergraduate,Instagram,Entertainment,4.9,174,2.8,2.1,5.8,Very High,6.0
1023,20,Female,Portugal,Undergraduate,TikTok,Entertainment,5.7,173,1.2,1.0,5.4,High,5.0
1024,22,Male,Greece,Undergraduate,Facebook,Networking,3.2,122,3.6,1.7,6.9,Low,7.0
1025,19,Female,Ireland,Undergraduate,Instagram,Entertainment,6.1,189,2.4,1.6,5.2,Very High,5.0
1026,21,Male,New Zealand,Undergraduate,YouTube,Education,3.8,159,4.0,2.5,6.6,Medium,7.0
1027,20,Female,Singapore,Undergraduate,TikTok,Entertainment,4.4,136,3.1,2.5,5.9,High,6.0
1028,24,Male,Malaysia,Graduate,LinkedIn,Education,2.2,114,5.8,2.1,7.4,Low,8.0
1029,19,Female,Thailand,Undergraduate,Instagram,Entertainment,5.9,183,2.7,2.0,5.3,Very High,5.0
1030,21,Male,Vietnam,Undergraduate,Facebook,Networking,3.6,116,4.5,1.7,6.7,Medium,7.0
1031,20,Female,Philippines,Undergraduate,Snapchat,Entertainment,4.8,171,2.7,2.7,5.7,High,6.0
1032,18,Male,Indonesia,High School,TikTok,Entertainment,5.4,187,3.6,1.1,5.4,Very High,5.0
1033,23,Female,Taiwan,Graduate,LinkedIn,Education,2.6,95,6.7,3.0,7.2,Medium,8.0
1034,19,Male,Hong Kong,Undergraduate,Instagram,Entertainment,4.7,143,3.7,1.5,5.8,High,6.0
1035,20,Female,Turkey,Undergraduate,TikTok,Entertainment,5.6,169,3.2,2.6,5.5,High,5.0
1036,22,Male,Israel,Undergraduate,Facebook,Networking,3.1,118,5.9,2.5,6.8,Medium,7.0
1037,19,Female,UAE,Undergraduate,Instagram,Entertainment,6.2,185,2.7,0.9,5.1,Very High,5.0
1038,21,Male,Egypt,Undergraduate,YouTube,Education,3.9,150,4.6,1.8,6.5,Medium,7.0
1039,20,Female,Morocco,Undergraduate,TikTok,Entertainment,4.5,140,4.0,2.3,5.8,High,6.0
1040,24,Male,South Africa,Graduate,LinkedIn,Education,2.3,113,6.1,3.0,7.3,Medium,8.0
1041,19,Female,Nigeria,Undergraduate,Instagram,Entertainment,5.8,204,1.3,1.5,5.4,Very High,5.0
1042,21,Male,Kenya,Undergraduate,Facebook,Networking,3.7,145,4.9,2.1,6.6,High,7.0
1043,20,Female,Ghana,Undergraduate,Snapchat,Entertainment,4.6,177,2.3,2.2,5.7,High,6.0
1044,18,Male,Argentina,High School,TikTok,Entertainment,5.5,199,1.9,1.7,5.3,High,5.0
1045,23,Female,Chile,Graduate,LinkedIn,Education,2.7,93,6.3,1.7,7.1,Medium,8.0
1046,19,Male,Colombia,Undergraduate,Instagram,Entertainment,4.8,158,3.9,1.4,5.9,Medium,6.0
1047,20,Female,Peru,Undergraduate,TikTok,Entertainment,5.5,192,3.7,1.7,5.6,High,5.0
1048,22,Male,Venezuela,Undergraduate,Facebook,Networking,3.3,120,4.5,2.8,6.7,Medium,7.0
1049,19,Female,Ecuador,Undergraduate,Instagram,Entertainment,6.3,211,1.0,2.2,5.2,Very High,5.0
1050,21,Male,Uruguay,Undergraduate,YouTube,Education,3.8,150,4.0,2.4,6.4,High,7.0
1051,20,Female,Paraguay,Undergraduate,TikTok,Entertainment,4.7,181,3.4,2.0,5.8,High,6.0
1052,24,Male,Bolivia,Graduate,LinkedIn,Education,2.4,98,5.7,2.8,7.2,Low,8.0
1053,19,Female,Costa Rica,Undergraduate,Instagram,Entertainment,5.7,180,3.2,1.2,5.5,Very High,5.0
1054,21,Male,Panama,Undergraduate,Facebook,Networking,3.6,115,4.1,2.0,6.5,Very High,7.0
1055,20,Female,Jamaica,Undergraduate,Snapchat,Entertainment,4.9,158,3.4,1.4,5.6,High,6.0
1056,18,Male,Trinidad,High School,TikTok,Entertainment,5.6,176,1.6,1.0,5.2,Very High,5.0
1057,23,Female,Bahamas,Graduate,LinkedIn,Education,2.8,113,5.6,2.5,7.0,Low,8.0
1058,19,Male,Iceland,Undergraduate,Instagram,Entertainment,4.6,156,3.4,1.9,5.9,High,6.0
1059,20,Female,Finland,Undergraduate,TikTok,Entertainment,5.4,194,2.0,2.0,5.7,High,5.0
1060,22,Male,Poland,Undergraduate,Facebook,Networking,3.1,132,4.7,2.5,7.1,Medium,7.0
1061,19,Female,Romania,Undergraduate,Instagram,Entertainment,5.6,194,2.3,1.7,5.6,High,5.0
1062,20,Male,Hungary,Undergraduate,TikTok,Entertainment,4.2,130,3.6,2.2,6.0,High,6.0
1063,18,Female,Czech Republic,High School,Snapchat,Entertainment,6.1,195,3.3,1.5,5.2,Very High,4.0
1064,23,Male,Slovakia,Graduate,LinkedIn,Education,2.3,111,5.6,2.6,7.4,Low,8.0
1065,21,Female,Croatia,Undergraduate,Instagram,Entertainment,4.8,154,3.0,1.4,5.8,Medium,6.0
1066,20,Male,Serbia,Undergraduate,YouTube,Education,3.9,138,2.4,2.2,6.5,High,7.0
1067,19,Female,Slovenia,Undergraduate,TikTok,Entertainment,5.7,196,1.6,1.9,5.4,High,5.0
1068,22,Male,Bulgaria,Undergraduate,LinkedIn,Education,2.8,126,5.0,2.0,7.2,Low,8.0
1069,20,Female,Estonia,Undergraduate,Instagram,Entertainment,4.5,171,3.0,1.9,5.9,High,6.0
1070,18,Male,Latvia,High School,Snapchat,Entertainment,5.4,177,3.7,1.3,5.5,Very High,5.0
1071,21,Female,Lithuania,Undergraduate,Facebook,Networking,3.2,120,4.7,1.9,6.8,Low,7.0
1072,19,Male,Ukraine,Undergraduate,TikTok,Entertainment,4.9,162,4.1,1.2,5.7,High,6.0
1073,20,Female,Moldova,Undergraduate,Instagram,Entertainment,5.8,196,2.2,2.2,5.3,Very High,5.0
1074,23,Male,Belarus,Graduate,LinkedIn,Education,2.5,103,5.5,2.9,7.3,Medium,8.0
1075,21,Female,Kazakhstan,Undergraduate,Snapchat,Entertainment,4.6,156,3.3,2.1,5.8,High,6.0
1076,19,Male,Uzbekistan,Undergraduate,TikTok,Entertainment,5.5,168,2.5,2.6,5.4,High,5.0
1077,22,Female,Kyrgyzstan,Undergraduate,Facebook,Networking,2.9,116,6.5,2.2,7.0,Medium,7.0
1078,20,Male,Tajikistan,Undergraduate,YouTube,Education,4.7,151,1.4,3.3,5.9,High,6.0
1079,18,Female,Armenia,High School,Instagram,Entertainment,5.9,192,1.0,1.4,5.2,Very High,5.0
1080,21,Male,Georgia,Undergraduate,LinkedIn,Education,3.0,135,4.6,2.4,7.1,Low,8.0
1081,19,Female,Azerbaijan,Undergraduate,TikTok,Entertainment,4.8,176,3.2,1.6,5.7,Medium,6.0
1082,20,Male,Cyprus,Undergraduate,Facebook,Networking,3.8,139,4.8,2.2,6.6,High,7.0
1083,22,Female,Malta,Undergraduate,LinkedIn,Education,2.7,131,5.7,2.7,7.2,Medium,8.0
1084,18,Male,Luxembourg,High School,Snapchat,Entertainment,5.6,204,2.1,1.5,5.3,Very High,5.0
1085,21,Female,Monaco,Undergraduate,Instagram,Entertainment,4.5,154,4.3,2.8,5.8,High,6.0
1086,19,Male,Andorra,Undergraduate,TikTok,Entertainment,5.3,187,3.5,1.8,5.5,High,5.0
1087,23,Female,San Marino,Graduate,LinkedIn,Education,2.6,103,5.5,2.5,7.3,Medium,8.0
1088,20,Male,Vatican City,Undergraduate,YouTube,Education,4.4,170,4.4,1.4,6.0,Medium,6.0
1089,18,Female,Liechtenstein,High School,Instagram,Entertainment,5.8,184,2.4,1.8,5.2,Very High,5.0
1090,22,Male,Montenegro,Undergraduate,Facebook,Networking,2.9,107,4.7,2.2,7.0,Medium,7.0
1091,19,Female,Albania,Undergraduate,TikTok,Entertainment,4.7,147,3.9,1.5,5.8,High,6.0
1092,21,Male,North Macedonia,Undergraduate,Snapchat,Entertainment,3.7,150,4.4,1.7,6.5,Medium,7.0
1093,20,Female,Kosovo,Undergraduate,Instagram,Entertainment,5.5,173,2.5,3.0,5.4,High,5.0
1094,23,Male,Bosnia,Graduate,LinkedIn,Education,2.4,117,6.8,2.3,7.4,Low,8.0
1095,19,Female,Qatar,Undergraduate,TikTok,Entertainment,4.9,150,1.1,1.0,5.7,High,6.0
1096,18,Male,Kuwait,High School,Snapchat,Entertainment,5.7,187,1.2,1.2,5.3,High,5.0
1097,22,Female,Bahrain,Undergraduate,LinkedIn,Education,2.8,112,4.3,2.3,7.1,Medium,8.0
1098,20,Male,Oman,Undergraduate,Instagram,Entertainment,4.6,157,3.1,2.1,5.9,High,6.0
1099,21,Female,Jordan,Undergraduate,TikTok,Entertainment,5.4,166,2.4,1.9,5.5,High,5.0
1100,19,Male,Lebanon,Undergraduate,YouTube,Education,5.8,172,1.0,1.9,5.2,Very High,5.0
1101,23,Female,Iraq,Graduate,LinkedIn,Education,2.5,100,4.7,2.1,7.3,Medium,8.0
1102,20,Male,Yemen,Undergraduate,Facebook,Networking,4.7,160,2.6,2.0,5.8,Very High,6.0
1103,18,Female,Syria,High School,Instagram,Entertainment,5.6,196,4.4,1.2,5.4,Very High,5.0
1104,22,Male,Afghanistan,Undergraduate,LinkedIn,Education,2.9,115,6.5,2.0,7.0,Medium,7.0
1105,19,Female,Pakistan,Undergraduate,TikTok,Entertainment,4.8,154,2.9,1.3,5.7,High,6.0
1106,21,Male,Nepal,Undergraduate,YouTube,Education,3.8,130,3.9,1.5,6.6,High,7.0
1107,20,Female,Bhutan,Undergraduate,Snapchat,Entertainment,5.5,186,1.6,2.2,5.5,High,5.0
1108,23,Male,Sri Lanka,Graduate,LinkedIn,Education,2.6,107,3.9,2.7,7.2,Low,8.0
1109,19,Female,Maldives,Undergraduate,Instagram,Entertainment,4.9,183,3.0,2.3,5.8,High,6.0
1110,20,Male,Bangladesh,Undergraduate,Instagram,Entertainment,6.1,194,1.1,1.5,6.2,High,5.0
1111,21,Female,India,Undergraduate,TikTok,Entertainment,5.8,192,2.1,1.9,5.9,Very High,6.0
1112,19,Male,Nepal,Undergraduate,Facebook,Networking,4.9,149,1.8,0.9,7.1,High,7.0
1113,22,Female,Pakistan,Undergraduate,Instagram,Entertainment,5.5,169,1.9,2.1,6.0,High,5.0
1114,20,Male,Sri Lanka,Undergraduate,TikTok,Entertainment,5.2,189,2.9,1.8,6.3,High,6.0
1115,19,Female,Maldives,Undergraduate,Instagram,Entertainment,4.8,158,3.5,2.1,7.2,Medium,8.0
1116,21,Male,Bangladesh,Undergraduate,Facebook,Networking,6.0,191,2.3,1.7,5.8,Very High,5.0
1117,20,Female,India,Undergraduate,Instagram,Entertainment,5.7,190,1.2,1.1,6.1,High,6.0
1118,22,Male,Nepal,Undergraduate,TikTok,Entertainment,4.7,144,4.0,1.1,7.3,Medium,7.0
1119,19,Female,Pakistan,Undergraduate,Instagram,Entertainment,5.4,180,2.0,1.3,6.2,High,5.0
1120,20,Male,Sri Lanka,Undergraduate,Facebook,Networking,5.9,185,2.6,1.8,5.9,High,6.0
1121,21,Female,Maldives,Undergraduate,Instagram,Entertainment,4.6,145,3.4,2.2,7.4,Medium,8.0
1122,19,Male,Bangladesh,Undergraduate,TikTok,Entertainment,5.3,173,1.6,1.0,6.3,High,5.0
1123,22,Female,India,Undergraduate,Instagram,Entertainment,5.8,187,1.9,1.1,5.8,High,6.0
1124,20,Male,Nepal,Undergraduate,Facebook,Networking,4.5,144,3.8,1.5,7.5,High,7.0
1125,21,Female,Pakistan,Undergraduate,Instagram,Entertainment,5.2,176,3.3,1.5,6.4,High,5.0
1126,19,Male,Sri Lanka,Undergraduate,TikTok,Entertainment,5.7,196,2.2,0.9,5.7,Very High,6.0
1127,20,Female,Maldives,Undergraduate,Instagram,Entertainment,4.4,145,4.8,1.2,7.6,High,8.0
1128,22,Male,Bangladesh,Undergraduate,Facebook,Networking,5.1,190,3.7,1.3,6.5,High,5.0
1129,21,Female,India,Undergraduate,Instagram,Entertainment,5.6,189,2.2,1.6,5.6,High,6.0
1130,19,Male,Nepal,Undergraduate,TikTok,Entertainment,4.3,162,4.3,1.3,7.7,Medium,7.0
1131,20,Female,Pakistan,Undergraduate,Instagram,Entertainment,5.0,152,4.5,1.7,6.6,Medium,5.0
1132,22,Male,Sri Lanka,Undergraduate,Facebook,Networking,5.5,192,4.1,2.2,5.5,High,6.0
1133,21,Female,Maldives,Undergraduate,Instagram,Entertainment,4.2,143,2.8,1.3,7.8,Medium,8.0
1134,19,Male,Bangladesh,Undergraduate,TikTok,Entertainment,4.9,175,2.4,1.7,6.7,Medium,5.0
1135,20,Female,India,Undergraduate,Instagram,Entertainment,5.4,192,3.8,2.2,5.4,High,6.0
1136,22,Male,Nepal,Undergraduate,Facebook,Networking,4.1,137,3.1,1.8,7.9,Medium,7.0
1137,21,Female,Pakistan,Undergraduate,Instagram,Entertainment,4.8,155,2.1,1.5,6.8,High,5.0
1138,19,Male,Sri Lanka,Undergraduate,TikTok,Entertainment,5.3,159,2.3,2.3,5.3,High,6.0
1139,20,Female,Maldives,Undergraduate,Instagram,Entertainment,4.0,149,4.3,1.8,8.0,Medium,8.0
1140,22,Male,Bangladesh,Undergraduate,Facebook,Networking,4.7,172,3.2,2.4,6.9,High,5.0
1141,21,Female,India,Undergraduate,Instagram,Entertainment,5.2,171,2.3,1.9,5.2,High,6.0
1142,19,Male,Nepal,Undergraduate,TikTok,Entertainment,3.9,128,3.6,1.9,8.1,High,7.0
1143,20,Female,Pakistan,Undergraduate,Instagram,Entertainment,4.6,152,2.8,2.1,7.0,High,5.0
1144,22,Male,Sri Lanka,Undergraduate,Facebook,Networking,5.1,168,2.2,1.9,5.1,High,6.0
1145,21,Female,Maldives,Undergraduate,Instagram,Entertainment,3.8,156,6.0,2.6,8.2,Medium,8.0
1146,19,Male,Bangladesh,Undergraduate,TikTok,Entertainment,4.5,141,3.7,1.6,7.1,High,5.0
1147,20,Female,India,Undergraduate,Instagram,Entertainment,5.0,163,3.7,1.8,5.0,High,6.0
1148,22,Male,Nepal,Undergraduate,Facebook,Networking,3.7,142,3.9,2.0,8.3,Low,7.0
1149,21,Female,Pakistan,Undergraduate,Instagram,Entertainment,4.4,144,3.5,2.3,7.2,High,5.0
1150,19,Male,Sri Lanka,Undergraduate,TikTok,Entertainment,4.9,182,2.5,1.3,4.9,High,6.0
1151,20,Female,Maldives,Undergraduate,Instagram,Entertainment,3.6,151,2.3,2.6,8.4,Medium,8.0
1152,22,Male,Bangladesh,Undergraduate,Facebook,Networking,4.3,147,2.6,2.2,7.3,Medium,5.0
1153,21,Female,India,Undergraduate,Instagram,Entertainment,4.8,174,1.8,1.1,4.8,High,6.0
1154,19,Male,Nepal,Undergraduate,TikTok,Entertainment,3.5,142,2.7,2.7,8.5,Medium,7.0
1155,20,Female,Pakistan,Undergraduate,Instagram,Entertainment,4.2,157,2.8,3.1,7.4,Medium,5.0
1156,22,Male,Sri Lanka,Undergraduate,Facebook,Networking,4.7,149,4.4,2.3,4.7,High,6.0
1157,21,Female,Maldives,Undergraduate,Instagram,Entertainment,3.4,111,4.6,2.9,8.6,Medium,8.0
1158,19,Male,Bangladesh,Undergraduate,TikTok,Entertainment,4.1,140,4.9,2.0,7.5,Medium,5.0
1159,20,Female,India,Undergraduate,Instagram,Entertainment,4.6,145,3.7,1.0,4.6,High,6.0
1160,19,Female,Bangladesh,Undergraduate,Instagram,Entertainment,5.3,168,3.3,0.8,6.1,High,5.0
1161,21,Male,India,Undergraduate,Facebook,Networking,4.8,170,2.5,1.9,7.2,Medium,7.0
1162,20,Female,Nepal,Undergraduate,TikTok,Entertainment,5.5,185,2.9,1.3,5.9,High,6.0
1163,22,Male,Pakistan,Undergraduate,Instagram,Entertainment,4.7,150,3.9,1.4,6.3,High,5.0
1164,19,Female,Sri Lanka,Undergraduate,Facebook,Networking,5.1,152,2.4,1.7,7.0,Medium,7.0
1165,21,Male,Maldives,Undergraduate,TikTok,Entertainment,5.4,169,3.0,2.0,6.0,High,6.0
1166,20,Female,Bangladesh,Undergraduate,Instagram,Entertainment,4.9,165,3.6,1.0,6.4,High,5.0
1167,22,Male,India,Undergraduate,Facebook,Networking,5.2,186,2.4,1.5,7.1,High,7.0
1168,19,Female,Nepal,Undergraduate,TikTok,Entertainment,5.6,179,1.5,2.4,5.8,High,6.0
1169,21,Male,Pakistan,Undergraduate,Instagram,Entertainment,4.6,151,2.5,1.3,6.5,Medium,5.0
1170,20,Female,Sri Lanka,Undergraduate,Facebook,Networking,5.0,172,3.1,2.2,7.3,High,7.0
1171,22,Male,Maldives,Undergraduate,TikTok,Entertainment,5.3,159,3.0,1.4,5.7,High,6.0
1172,19,Female,Bangladesh,Undergraduate,Instagram,Entertainment,4.8,154,2.6,2.1,6.6,High,5.0
1173,21,Male,India,Undergraduate,Facebook,Networking,5.1,153,2.9,2.3,7.4,High,7.0
1174,20,Female,Nepal,Undergraduate,TikTok,Entertainment,5.7,188,2.8,1.9,5.6,High,6.0
1175,22,Male,Pakistan,Undergraduate,Instagram,Entertainment,4.5,154,4.0,2.3,6.7,High,5.0
1176,19,Female,Sri Lanka,Undergraduate,Facebook,Networking,4.9,170,4.3,1.2,7.5,Medium,7.0
1177,21,Male,Maldives,Undergraduate,TikTok,Entertainment,5.2,179,3.8,2.3,5.5,High,6.0
1178,20,Female,Bangladesh,Undergraduate,Instagram,Entertainment,4.7,157,2.5,1.4,6.8,High,5.0
1179,22,Male,India,Undergraduate,Facebook,Networking,5.0,184,4.3,1.9,7.6,Medium,7.0
1180,19,Female,Nepal,Undergraduate,TikTok,Entertainment,5.8,206,1.8,1.7,5.4,High,6.0
1181,21,Male,Pakistan,Undergraduate,Instagram,Entertainment,4.4,139,4.4,2.1,6.9,High,5.0
1182,20,Female,Sri Lanka,Undergraduate,Facebook,Networking,4.8,181,3.3,2.0,7.7,High,7.0
1183,22,Male,Maldives,Undergraduate,TikTok,Entertainment,5.1,159,2.6,1.3,5.3,High,6.0
1184,19,Female,Bangladesh,Undergraduate,Instagram,Entertainment,4.6,149,2.0,1.2,7.0,Medium,5.0
1185,21,Male,India,Undergraduate,Facebook,Networking,4.9,168,3.0,2.2,7.8,Medium,7.0
1186,20,Female,Nepal,Undergraduate,TikTok,Entertainment,5.9,173,1.0,1.6,5.2,Very High,6.0
1187,22,Male,Pakistan,Undergraduate,Instagram,Entertainment,4.3,146,4.5,2.5,7.1,High,5.0
1188,19,Female,Sri Lanka,Undergraduate,Facebook,Networking,4.7,149,4.5,1.8,7.9,Medium,7.0
1189,21,Male,Maldives,Undergraduate,TikTok,Entertainment,5.0,169,2.4,1.0,5.1,High,6.0
1190,20,Female,Bangladesh,Undergraduate,Instagram,Entertainment,4.5,169,3.7,2.4,7.2,Medium,5.0
1191,22,Male,India,Undergraduate,Facebook,Networking,4.8,181,2.6,1.6,8.0,Medium,7.0
1192,19,Female,Nepal,Undergraduate,TikTok,Entertainment,6.0,183,1.5,1.7,5.0,Very High,6.0
1193,21,Male,Pakistan,Undergraduate,Instagram,Entertainment,4.2,151,4.4,1.6,7.3,Medium,5.0
1194,20,Female,Sri Lanka,Undergraduate,Facebook,Networking,4.6,158,3.4,2.7,8.1,Medium,7.0
1195,22,Male,Maldives,Undergraduate,TikTok,Entertainment,4.9,163,4.5,1.3,4.9,High,6.0
1196,19,Female,Bangladesh,Undergraduate,Instagram,Entertainment,4.4,160,3.2,1.7,7.4,Medium,5.0
1197,21,Male,India,Undergraduate,Facebook,Networking,4.7,181,4.1,1.9,8.2,Medium,7.0
1198,20,Female,Nepal,Undergraduate,TikTok,Entertainment,6.1,193,2.0,0.9,4.8,Very High,6.0
1199,22,Male,Pakistan,Undergraduate,Instagram,Entertainment,4.1,129,4.5,2.1,7.5,Medium,5.0
1200,19,Female,Sri Lanka,Undergraduate,Facebook,Networking,4.5,173,3.1,2.7,8.3,Medium,7.0
1201,21,Male,Maldives,Undergraduate,TikTok,Entertainment,4.8,182,3.2,1.6,4.7,High,6.0
1202,20,Female,Bangladesh,Undergraduate,Instagram,Entertainment,4.3,144,3.6,2.1,7.6,Medium,5.0
1203,22,Male,India,Undergraduate,Facebook,Networking,4.6,160,2.7,0.5,8.4,Medium,7.0
1204,19,Female,Nepal,Undergraduate,TikTok,Entertainment,6.2,214,2.3,1.4,4.6,Very High,6.0
1205,21,Male,Pakistan,Undergraduate,Instagram,Entertainment,4.0,145,4.5,1.8,7.7,Medium,5.0
1206,20,Female,Sri Lanka,Undergraduate,Facebook,Networking,4.4,154,4.1,1.5,8.5,High,7.0
1207,22,Male,Maldives,Undergraduate,TikTok,Entertainment,4.7,178,4.5,2.4,4.5,High,6.0
1208,19,Female,Bangladesh,Undergraduate,Instagram,Entertainment,4.2,163,5.0,1.8,7.8,Medium,5.0
1209,21,Male,India,Undergraduate,Facebook,Networking,4.5,157,3.2,1.8,8.6,Medium,7.0
1210,20,Female,Nepal,Undergraduate,TikTok,Entertainment,6.3,188,2.0,1.2,4.4,Very High,6.0
1211,22,Male,Pakistan,Undergraduate,Instagram,Entertainment,3.9,139,3.6,1.1,7.9,Medium,5.0
1212,19,Female,Sri Lanka,Undergraduate,Facebook,Networking,4.3,159,3.7,1.4,8.7,Medium,7.0
1213,21,Male,Maldives,Undergraduate,TikTok,Entertainment,4.6,150,2.9,2.3,4.3,High,6.0
1214,20,Female,Bangladesh,Undergraduate,Instagram,Entertainment,4.1,148,5.2,0.9,8.0,Medium,5.0
1215,22,Male,India,Undergraduate,Facebook,Networking,4.4,161,3.9,1.5,8.8,Medium,7.0
1216,19,Female,Nepal,Undergraduate,TikTok,Entertainment,6.4,188,1.4,1.2,4.2,Very High,6.0
1217,21,Male,Pakistan,Undergraduate,Instagram,Entertainment,3.8,142,5.2,2.9,8.1,Medium,5.0
1218,20,Female,Sri Lanka,Undergraduate,Facebook,Networking,4.2,159,2.1,2.3,8.9,Medium,7.0
1219,22,Male,Maldives,Undergraduate,TikTok,Entertainment,4.5,145,1.9,1.6,4.1,High,6.0
1220,19,Female,USA,Undergraduate,Instagram,Entertainment,6.5,208,2.1,2.0,6.0,High,5.0
1221,21,Male,UK,Undergraduate,TikTok,Entertainment,5.8,198,2.2,1.2,6.5,High,6.0
1222,20,Female,Australia,Undergraduate,Instagram,Entertainment,4.5,138,3.7,2.4,7.5,Medium,8.0
1223,22,Male,Germany,Undergraduate,Facebook,Networking,4.2,155,2.7,1.3,7.8,Medium,7.0
1224,19,Female,Japan,Undergraduate,LINE,Entertainment,3.8,130,4.2,2.6,7.9,Medium,8.0
1225,21,Male,Italy,Undergraduate,Instagram,Entertainment,5.5,177,4.1,1.4,6.8,High,6.0
1226,20,Female,South Korea,Undergraduate,KakaoTalk,News,5.2,180,3.5,1.2,6.5,High,6.0
1227,22,Male,Russia,Undergraduate,VKontakte,Networking,4.8,145,3.3,1.7,7.2,High,7.0
1228,19,Female,USA,Undergraduate,TikTok,Entertainment,7.0,200,1.0,1.4,5.8,Very High,4.0
1229,21,Male,UK,Undergraduate,Instagram,Entertainment,5.5,179,2.2,1.4,6.7,Very High,6.0
1230,20,Female,Australia,Undergraduate,Facebook,Networking,4.7,179,1.6,2.1,7.4,Medium,7.0
1231,22,Male,Germany,Undergraduate,Instagram,Entertainment,4.0,125,4.2,1.7,7.9,Medium,8.0
1232,19,Female,Japan,Undergraduate,LINE,Education,3.5,143,5.2,2.4,8.0,Medium,8.0
1233,21,Male,Italy,Undergraduate,TikTok,Entertainment,5.7,169,1.0,1.8,6.5,High,5.0
1234,20,Female,South Korea,Undergraduate,KakaoTalk,Education,5.0,169,2.5,1.7,6.8,High,6.0
1235,22,Male,Russia,Undergraduate,VKontakte,News,4.5,154,2.6,1.7,7.4,Very High,7.0
1236,19,Female,USA,Undergraduate,Instagram,Entertainment,6.8,213,1.0,1.4,5.9,Very High,4.0
1237,21,Male,UK,Undergraduate,Facebook,Networking,5.6,168,2.4,1.9,6.6,Very High,6.0
1238,20,Female,Australia,Undergraduate,Instagram,Entertainment,4.6,170,1.7,2.9,7.3,Medium,7.0
1239,22,Male,Germany,Undergraduate,Facebook,Networking,4.1,138,4.4,2.4,7.7,Medium,8.0
1240,19,Female,Japan,Undergraduate,LINE,Entertainment,3.7,147,4.9,2.6,7.8,Medium,8.0
1241,21,Male,Italy,Undergraduate,Instagram,Entertainment,5.4,186,2.4,3.2,6.7,High,5.0
1242,20,Female,South Korea,Undergraduate,KakaoTalk,Networking,5.1,174,1.0,2.0,6.6,High,6.0
1243,22,Male,Russia,Undergraduate,VKontakte,Entertainment,4.7,154,2.5,2.1,7.3,High,7.0
1244,19,Female,USA,Undergraduate,TikTok,Entertainment,6.9,223,2.1,1.6,5.7,Very High,4.0
1245,21,Male,UK,Undergraduate,Instagram,Entertainment,5.7,206,1.0,1.1,6.4,High,6.0
1246,20,Female,Australia,Undergraduate,Facebook,Networking,4.8,181,2.9,1.6,7.2,High,7.0
1247,22,Male,Germany,Undergraduate,Instagram,Entertainment,3.9,158,3.2,1.8,7.8,Medium,8.0
1248,19,Female,Japan,Undergraduate,LINE,Entertainment,3.6,123,5.0,2.4,8.1,Medium,8.0
1249,21,Male,Italy,Undergraduate,TikTok,Entertainment,5.6,188,1.9,1.5,6.6,High,5.0
1250,20,Female,South Korea,Undergraduate,KakaoTalk,Networking,4.9,162,3.4,1.8,6.9,High,6.0
1251,22,Male,Russia,Undergraduate,VKontakte,News,4.6,178,3.9,2.4,7.5,Medium,7.0
1252,19,Female,USA,Undergraduate,Instagram,Entertainment,6.7,230,2.8,1.8,5.8,Very High,4.0
1253,21,Male,UK,Undergraduate,Facebook,Networking,5.4,194,2.4,1.6,6.5,High,6.0
1254,20,Female,Australia,Undergraduate,Instagram,Entertainment,4.4,141,3.9,1.6,7.4,High,7.0
1255,22,Male,Germany,Undergraduate,Facebook,Networking,4.0,137,2.8,2.6,7.6,Medium,8.0
1256,19,Female,Japan,Undergraduate,LINE,Networking,3.4,138,5.6,2.5,8.2,Medium,8.0
1257,21,Male,Italy,Undergraduate,Instagram,Entertainment,5.3,186,2.1,0.9,6.8,High,5.0
1258,20,Female,South Korea,Undergraduate,KakaoTalk,News,5.0,164,2.6,1.6,6.7,Medium,6.0
1259,22,Male,Russia,Undergraduate,VKontakte,Networking,4.4,140,3.6,2.0,7.6,Medium,7.0
1260,19,Female,USA,Undergraduate,TikTok,Entertainment,6.6,195,1.0,1.7,5.6,Very High,4.0
1261,21,Male,UK,Undergraduate,Instagram,Entertainment,5.3,184,2.9,2.1,6.3,High,6.0
1262,20,Female,Australia,Undergraduate,Facebook,Networking,4.3,150,4.5,2.1,7.5,Medium,7.0
1263,22,Male,Germany,Undergraduate,Instagram,Entertainment,3.8,139,4.4,2.3,7.7,Medium,8.0
1264,19,Female,Japan,Undergraduate,LINE,News,3.3,139,3.4,2.2,8.3,Low,8.0
1265,21,Male,Italy,Undergraduate,TikTok,Entertainment,5.2,155,2.7,1.4,6.9,High,5.0
1266,20,Female,South Korea,Undergraduate,KakaoTalk,Networking,4.8,175,3.8,1.7,7.0,High,6.0
1267,22,Male,Russia,Undergraduate,VKontakte,Entertainment,4.3,142,2.2,1.9,7.7,Medium,7.0
1268,19,Female,USA,Undergraduate,Instagram,Entertainment,6.4,222,1.0,1.4,5.7,Very High,4.0
1269,21,Male,UK,Undergraduate,Facebook,Networking,5.2,193,3.5,0.8,6.4,Medium,6.0
1270,20,Female,Australia,Undergraduate,Instagram,Entertainment,4.5,157,3.7,1.7,7.3,High,7.0
1271,22,Male,Germany,Undergraduate,Facebook,Networking,3.7,129,4.6,2.1,7.8,Medium,8.0
1272,19,Female,Japan,Undergraduate,LINE,News,3.2,114,6.3,2.1,8.4,Medium,8.0
1273,21,Male,Italy,Undergraduate,Instagram,Entertainment,5.4,167,3.0,1.5,6.7,High,5.0
1274,20,Female,South Korea,Undergraduate,KakaoTalk,Education,4.7,181,3.8,2.1,7.1,High,6.0
1275,22,Male,Russia,Undergraduate,VKontakte,Networking,4.2,137,6.0,1.4,7.8,High,7.0
1276,19,Female,USA,Undergraduate,TikTok,Entertainment,6.6,207,1.2,0.5,5.5,Very High,4.0
1277,21,Male,UK,Undergraduate,Instagram,Entertainment,5.1,171,2.3,1.6,6.5,High,6.0
1278,20,Female,Australia,Undergraduate,Facebook,Networking,4.4,162,3.9,2.3,7.4,High,7.0
1279,22,Male,Germany,Undergraduate,Instagram,Entertainment,3.6,148,4.8,2.9,7.9,Medium,8.0
1280,19,Female,Japan,Undergraduate,LINE,Education,3.1,124,4.5,2.6,8.5,Low,8.0
1281,21,Male,Italy,Undergraduate,TikTok,Entertainment,5.3,187,1.9,0.9,6.8,Very High,5.0
1282,20,Female,South Korea,Undergraduate,KakaoTalk,Entertainment,4.6,162,5.2,1.7,7.2,High,6.0
1283,22,Male,Russia,Undergraduate,VKontakte,News,4.1,144,4.2,2.1,7.9,Medium,7.0
1284,19,Female,USA,Undergraduate,Instagram,Entertainment,6.7,198,1.0,1.4,5.4,Very High,4.0
1285,21,Male,UK,Undergraduate,Facebook,Networking,5.0,158,3.7,2.0,6.6,Medium,6.0
1286,20,Female,Australia,Undergraduate,Instagram,Entertainment,4.3,149,3.6,1.5,7.5,High,7.0
1287,22,Male,Germany,Undergraduate,Facebook,Networking,3.5,113,4.3,2.2,8.0,Medium,8.0
1288,19,Female,Japan,Undergraduate,LINE,News,3.0,112,5.4,2.5,8.6,Medium,8.0
1289,21,Male,Italy,Undergraduate,Instagram,Entertainment,5.2,173,1.8,2.1,6.9,High,5.0
1290,20,Female,South Korea,Undergraduate,KakaoTalk,Networking,4.5,155,3.8,1.5,7.3,High,6.0
1291,22,Male,Russia,Undergraduate,VKontakte,Education,4.0,157,5.5,1.8,8.0,Medium,7.0
1292,19,Female,USA,Undergraduate,TikTok,Entertainment,6.8,233,1.6,0.0,5.3,Very High,4.0
1293,21,Male,UK,Undergraduate,Instagram,Entertainment,4.9,176,2.8,1.5,6.7,Medium,6.0
1294,20,Female,Australia,Undergraduate,Facebook,Networking,4.2,133,3.4,1.7,7.6,High,7.0
1295,22,Male,Germany,Undergraduate,Instagram,Entertainment,3.4,126,4.3,1.6,8.1,High,8.0
1296,19,Female,Japan,Undergraduate,LINE,News,2.9,126,4.9,2.4,8.7,Medium,8.0
1297,21,Male,Italy,Undergraduate,TikTok,Entertainment,5.1,175,2.6,1.7,7.0,High,5.0
1298,20,Female,South Korea,Undergraduate,KakaoTalk,Networking,4.4,153,4.3,0.8,7.4,Medium,6.0
1299,22,Male,Russia,Undergraduate,VKontakte,Education,3.9,139,2.7,2.1,8.1,Medium,7.0
1300,19,Female,USA,Undergraduate,Instagram,Entertainment,6.9,213,1.8,0.8,5.2,Very High,4.0
1301,21,Male,UK,Undergraduate,Facebook,Networking,4.8,168,2.9,2.0,6.8,Medium,6.0
1302,20,Female,Australia,Undergraduate,Instagram,Entertainment,4.1,134,4.2,1.3,7.7,High,7.0
1303,22,Male,Germany,Undergraduate,Facebook,Networking,3.3,127,3.8,2.2,8.2,Medium,8.0
1304,19,Female,Japan,Undergraduate,LINE,Education,2.8,103,6.3,2.2,8.8,Low,8.0
1305,21,Male,Italy,Undergraduate,Instagram,Entertainment,5.0,177,4.0,1.9,7.1,Medium,5.0
1306,20,Female,South Korea,Undergraduate,KakaoTalk,Entertainment,4.3,166,4.5,2.0,7.5,Medium,6.0
1307,22,Male,Russia,Undergraduate,VKontakte,Entertainment,3.8,140,3.0,1.9,8.2,Low,7.0
1308,19,Female,USA,Undergraduate,TikTok,Entertainment,7.0,215,1.7,0.5,5.1,Very High,4.0
1309,21,Male,UK,Undergraduate,Instagram,Entertainment,4.7,179,3.6,1.1,6.9,Medium,6.0
1310,20,Female,Australia,Undergraduate,Facebook,Networking,4.0,151,2.7,1.7,7.8,Medium,7.0
1311,22,Male,Germany,Undergraduate,Instagram,Entertainment,3.2,122,4.8,2.2,8.3,Low,8.0
1312,19,Female,Japan,Undergraduate,LINE,Networking,2.7,93,5.6,2.0,8.9,Low,8.0
1313,21,Male,Italy,Undergraduate,TikTok,Entertainment,4.9,147,3.5,2.1,7.2,High,5.0
1314,20,Female,South Korea,Undergraduate,KakaoTalk,News,4.2,138,3.9,1.8,7.6,Medium,6.0
1315,22,Male,Russia,Undergraduate,VKontakte,Entertainment,3.7,126,4.5,1.6,8.3,Medium,7.0
1316,19,Female,USA,Undergraduate,Instagram,Entertainment,7.1,230,2.1,1.1,5.0,Very High,4.0
1317,21,Male,UK,Undergraduate,Facebook,Networking,4.6,160,4.4,2.0,7.0,Medium,6.0
1318,20,Female,Australia,Undergraduate,Instagram,Entertainment,3.9,161,1.8,2.2,7.9,Low,7.0
1319,22,Male,Germany,Undergraduate,Facebook,Networking,3.1,123,4.6,3.2,8.4,Low,8.0
1320,19,Female,Spain,Undergraduate,Instagram,Entertainment,5.2,191,2.7,1.4,6.8,Very High,6.0
1321,21,Male,Denmark,Undergraduate,Facebook,Networking,4.1,149,2.5,1.9,7.8,High,8.0
1322,20,Female,Ireland,Undergraduate,Instagram,Entertainment,5.0,164,3.1,2.0,7.0,High,7.0
1323,22,Male,India,Undergraduate,WhatsApp,News,5.8,198,3.2,1.5,6.5,High,5.0
1324,19,Female,Switzerland,Undergraduate,Instagram,Entertainment,4.0,142,3.1,1.7,7.9,Medium,8.0
1325,21,Male,Turkey,Undergraduate,Instagram,Entertainment,5.5,172,2.8,0.9,6.7,High,6.0
1326,20,Female,USA,Undergraduate,TikTok,Entertainment,6.8,213,1.0,1.0,5.5,Very High,5.0
1327,22,Male,Mexico,Undergraduate,WhatsApp,News,5.6,191,1.9,1.1,6.6,High,6.0
1328,19,Female,France,Undergraduate,Instagram,Entertainment,4.5,152,4.7,1.0,7.5,Medium,7.0
1329,21,Male,Canada,Undergraduate,Instagram,Entertainment,5.3,185,2.3,1.3,6.9,High,6.0
1330,20,Female,Spain,Undergraduate,TikTok,Entertainment,5.1,191,3.3,1.2,6.7,High,6.0
1331,22,Male,Denmark,Undergraduate,Facebook,Networking,3.9,138,2.6,2.3,7.9,Medium,8.0
1332,19,Female,Ireland,Undergraduate,Instagram,Entertainment,4.8,156,4.7,2.1,7.1,Medium,7.0
1333,21,Male,India,Undergraduate,WhatsApp,Education,5.9,188,2.6,1.1,6.4,Very High,5.0
1334,20,Female,Switzerland,Undergraduate,Instagram,Entertainment,3.8,153,4.1,1.9,8.0,Medium,8.0
1335,22,Male,Turkey,Undergraduate,TikTok,Entertainment,5.4,167,3.1,0.7,6.8,High,6.0
1336,19,Female,USA,Undergraduate,Instagram,Entertainment,6.9,235,1.0,1.0,5.4,Very High,5.0
1337,21,Male,Mexico,Undergraduate,WhatsApp,Networking,5.7,183,3.2,1.8,6.5,High,6.0
1338,20,Female,France,Undergraduate,Instagram,Entertainment,4.4,168,3.3,2.3,7.6,High,7.0
1339,22,Male,Canada,Undergraduate,TikTok,Entertainment,5.2,186,2.6,1.3,7.0,Medium,6.0
1340,19,Female,Spain,Undergraduate,Instagram,Entertainment,5.0,181,2.6,2.3,6.9,High,6.0
1341,21,Male,Denmark,Undergraduate,Facebook,Networking,3.8,156,3.7,1.3,8.0,Medium,8.0
1342,20,Female,Ireland,Undergraduate,TikTok,Entertainment,4.7,149,3.9,1.2,7.2,High,7.0
1343,22,Male,India,Undergraduate,WhatsApp,Entertainment,6.0,198,2.2,1.9,6.3,High,5.0
1344,19,Female,Switzerland,Undergraduate,Instagram,Entertainment,3.7,120,4.8,2.9,8.1,Medium,8.0
1345,21,Male,Turkey,Undergraduate,Instagram,Entertainment,5.3,168,2.7,1.9,6.9,Very High,6.0
1346,20,Female,USA,Undergraduate,TikTok,Entertainment,7.0,201,1.4,1.2,5.3,Very High,5.0
1347,22,Male,Mexico,Undergraduate,WhatsApp,News,5.8,197,1.9,0.5,6.4,High,6.0
1348,19,Female,France,Undergraduate,Instagram,Entertainment,4.3,156,5.5,0.9,7.7,Medium,7.0
1349,21,Male,Canada,Undergraduate,Instagram,Entertainment,5.1,181,1.6,1.8,7.1,High,6.0
1350,20,Female,Spain,Undergraduate,TikTok,Entertainment,4.9,154,4.1,1.6,7.0,High,6.0
1351,22,Male,Denmark,Undergraduate,Facebook,Networking,3.7,130,5.4,1.5,8.1,Medium,8.0
1352,19,Female,Ireland,Undergraduate,Instagram,Entertainment,4.6,167,2.7,1.9,7.3,High,7.0
1353,21,Male,India,Undergraduate,WhatsApp,Networking,6.1,210,3.7,1.5,6.2,High,5.0
1354,20,Female,Switzerland,Undergraduate,Instagram,Entertainment,3.6,150,5.2,2.6,8.2,Low,8.0
1355,22,Male,Turkey,Undergraduate,TikTok,Entertainment,5.2,157,3.6,1.8,7.0,High,6.0
1356,19,Female,USA,Undergraduate,Instagram,Entertainment,7.1,218,1.0,1.8,5.2,Very High,5.0
1357,21,Male,Mexico,Undergraduate,WhatsApp,Education,5.9,172,1.9,1.5,6.3,Very High,6.0
1358,20,Female,France,Undergraduate,Instagram,Entertainment,4.2,162,3.6,1.9,7.8,Medium,7.0
1359,22,Male,Canada,Undergraduate,TikTok,Entertainment,5.0,154,3.3,2.3,7.2,Medium,6.0
1360,19,Female,Spain,Undergraduate,Instagram,Entertainment,4.8,177,4.3,1.3,7.1,High,6.0
1361,21,Male,Denmark,Undergraduate,Facebook,Networking,3.6,121,4.5,3.5,8.2,Low,8.0
1362,20,Female,Ireland,Undergraduate,TikTok,Entertainment,4.5,137,2.8,2.1,7.4,High,7.0
1363,22,Male,India,Undergraduate,WhatsApp,Entertainment,6.2,215,2.5,1.6,6.1,High,5.0
1364,19,Female,Switzerland,Undergraduate,Instagram,Entertainment,3.5,129,5.2,2.4,8.3,Medium,8.0
1365,21,Male,Turkey,Undergraduate,Instagram,Entertainment,5.1,168,3.4,2.7,7.1,High,6.0
1366,20,Female,USA,Undergraduate,TikTok,Entertainment,7.2,230,1.4,1.6,5.1,Very High,5.0
1367,22,Male,Mexico,Undergraduate,WhatsApp,News,6.0,185,1.8,0.7,6.2,Very High,6.0
1368,19,Female,France,Undergraduate,Instagram,Entertainment,4.1,154,3.2,2.7,7.9,Medium,7.0
1369,21,Male,Canada,Undergraduate,Instagram,Entertainment,4.9,164,2.4,1.6,7.3,High,6.0
1370,20,Female,Spain,Undergraduate,TikTok,Entertainment,4.7,152,2.0,1.9,7.2,Medium,6.0
1371,22,Male,Denmark,Undergraduate,Facebook,Networking,3.5,127,4.7,1.5,8.3,Medium,8.0
1372,19,Female,Ireland,Undergraduate,Instagram,Entertainment,4.4,135,3.5,2.2,7.5,Medium,7.0
1373,21,Male,India,Undergraduate,WhatsApp,Education,6.3,194,1.3,1.1,6.0,Very High,5.0
1374,20,Female,Switzerland,Undergraduate,Instagram,Entertainment,3.4,133,2.2,2.2,8.4,Medium,8.0
1375,22,Male,Turkey,Undergraduate,TikTok,Entertainment,5.0,155,2.0,1.6,7.2,Medium,6.0
1376,19,Female,USA,Undergraduate,Instagram,Entertainment,7.3,211,1.6,2.1,5.0,Very High,5.0
1377,21,Male,Mexico,Undergraduate,WhatsApp,News,6.1,203,1.4,2.5,6.1,Very High,6.0
1378,20,Female,France,Undergraduate,Instagram,Entertainment,4.0,142,4.3,2.0,8.0,Medium,7.0
1379,22,Male,Canada,Undergraduate,TikTok,Entertainment,4.8,150,2.1,1.8,7.4,High,6.0
1380,19,Female,Spain,Undergraduate,Instagram,Entertainment,4.6,169,4.6,1.7,7.3,Medium,6.0
1381,21,Male,Denmark,Undergraduate,Facebook,Networking,3.4,141,4.5,2.7,8.4,Medium,8.0
1382,20,Female,Ireland,Undergraduate,TikTok,Entertainment,4.3,133,3.9,1.8,7.6,Medium,7.0
1383,22,Male,India,Undergraduate,WhatsApp,Networking,6.4,193,3.5,1.2,5.9,Very High,5.0
1384,19,Female,Switzerland,Undergraduate,Instagram,Entertainment,3.3,121,5.9,2.7,8.5,Low,8.0
1385,21,Male,Turkey,Undergraduate,Instagram,Entertainment,4.9,176,2.9,1.5,7.3,High,6.0
1386,20,Female,USA,Undergraduate,TikTok,Entertainment,7.4,212,1.0,1.1,4.9,Very High,5.0
1387,22,Male,Mexico,Undergraduate,WhatsApp,News,6.2,212,1.5,0.7,6.0,Very High,6.0
1388,19,Female,France,Undergraduate,Instagram,Entertainment,3.9,134,4.5,2.4,8.1,Medium,7.0
1389,21,Male,Canada,Undergraduate,Instagram,Entertainment,4.7,147,3.2,2.8,7.5,Medium,6.0
1390,20,Female,Spain,Undergraduate,TikTok,Entertainment,4.5,171,3.2,2.2,7.4,Medium,6.0
1391,22,Male,Denmark,Undergraduate,Facebook,Networking,3.3,110,5.9,2.9,8.5,Medium,8.0
1392,19,Female,Ireland,Undergraduate,Instagram,Entertainment,4.2,135,3.7,1.5,7.7,High,7.0
1393,21,Male,India,Undergraduate,WhatsApp,News,6.5,224,3.3,1.5,5.8,Very High,5.0
1394,20,Female,Switzerland,Undergraduate,Instagram,Entertainment,3.2,125,4.9,1.7,8.6,Medium,8.0
1395,22,Male,Turkey,Undergraduate,TikTok,Entertainment,4.8,163,4.6,1.7,7.4,Medium,6.0
1396,19,Female,USA,Undergraduate,Instagram,Entertainment,7.5,239,1.0,1.5,4.8,Very High,5.0
1397,21,Male,Mexico,Undergraduate,WhatsApp,Entertainment,6.3,207,2.5,1.5,5.9,Very High,6.0
1398,20,Female,France,Undergraduate,Instagram,Entertainment,3.8,144,3.6,1.3,8.2,Medium,7.0
1399,22,Male,Canada,Undergraduate,TikTok,Entertainment,4.6,140,2.7,1.2,7.6,High,6.0
1400,19,Female,Spain,Undergraduate,Instagram,Entertainment,4.4,157,4.0,1.2,7.5,Medium,6.0
1401,21,Male,Denmark,Undergraduate,Facebook,Networking,3.2,116,5.6,2.4,8.6,Medium,8.0
1402,20,Female,Ireland,Undergraduate,TikTok,Entertainment,4.1,159,3.9,3.0,7.8,Medium,7.0
1403,22,Male,India,Undergraduate,WhatsApp,Education,6.6,210,1.0,2.0,5.7,High,5.0
1404,19,Female,Switzerland,Undergraduate,Instagram,Entertainment,3.1,106,3.8,1.3,8.7,Medium,8.0
1405,21,Male,Turkey,Undergraduate,Instagram,Entertainment,4.7,177,2.2,2.5,7.5,High,6.0
1406,20,Female,USA,Undergraduate,TikTok,Entertainment,7.6,226,1.0,1.6,4.7,Very High,5.0
1407,22,Male,Mexico,Undergraduate,WhatsApp,Education,6.4,195,1.7,0.6,5.8,Very High,6.0
1408,19,Female,France,Undergraduate,Instagram,Entertainment,3.7,154,5.2,1.9,8.3,Medium,7.0
1409,21,Male,Canada,Undergraduate,Instagram,Entertainment,4.5,168,3.5,2.4,7.7,High,6.0
1410,20,Female,Spain,Undergraduate,TikTok,Entertainment,4.3,166,1.9,2.2,7.6,High,6.0
1411,22,Male,Denmark,Undergraduate,Facebook,Networking,3.1,128,4.7,1.6,8.7,Low,8.0
1412,19,Female,Ireland,Undergraduate,Instagram,Entertainment,4.0,161,3.9,2.3,7.9,High,7.0
1413,21,Male,India,Undergraduate,WhatsApp,Education,6.7,196,3.0,0.3,5.6,Very High,5.0
1414,20,Female,Switzerland,Undergraduate,Instagram,Entertainment,3.0,123,3.8,2.1,8.8,Low,8.0
1415,22,Male,Turkey,Undergraduate,TikTok,Entertainment,4.6,151,3.1,2.4,7.6,Medium,6.0
1416,19,Female,USA,Undergraduate,Instagram,Entertainment,7.7,232,1.7,1.1,4.6,Very High,5.0
1417,21,Male,Mexico,Undergraduate,WhatsApp,Entertainment,6.5,196,1.9,1.1,5.7,Very High,6.0
1418,20,Female,France,Undergraduate,Instagram,Entertainment,3.6,123,4.9,2.5,8.4,Medium,7.0
1419,22,Male,Canada,Undergraduate,TikTok,Entertainment,4.4,152,3.7,2.4,7.8,High,6.0
1420,19,Female,Spain,Undergraduate,Instagram,Entertainment,4.2,166,4.1,2.6,7.7,Medium,6.0
1421,21,Male,Denmark,Undergraduate,Facebook,Networking,3.0,125,5.6,2.7,8.8,Low,8.0
1422,20,Female,Ireland,Undergraduate,TikTok,Entertainment,3.9,135,3.5,2.6,8.0,Medium,7.0
1423,22,Male,India,Undergraduate,WhatsApp,Networking,6.8,212,1.9,1.7,5.5,Very High,5.0
1424,19,Female,Switzerland,Undergraduate,Instagram,Entertainment,2.9,118,4.0,2.4,8.9,Low,8.0
1425,21,Male,Turkey,Undergraduate,Instagram,Entertainment,4.5,146,3.8,1.9,7.7,Medium,6.0
1426,20,Female,USA,Undergraduate,TikTok,Entertainment,7.8,240,1.0,0.9,4.5,Very High,5.0
1427,22,Male,Mexico,Undergraduate,WhatsApp,Entertainment,6.6,217,1.0,0.7,5.6,Very High,6.0
1428,19,Female,France,Undergraduate,Instagram,Entertainment,3.5,121,4.5,1.6,8.5,Medium,7.0
1429,21,Male,Canada,Undergraduate,Instagram,Entertainment,4.3,155,3.2,1.8,7.9,Medium,6.0
1430,20,Female,Spain,Undergraduate,TikTok,Entertainment,4.1,155,3.0,2.1,7.8,Medium,6.0
1431,22,Male,Denmark,Undergraduate,Facebook,Networking,2.9,117,4.8,3.0,8.9,Low,8.0
1432,19,Female,Ireland,Undergraduate,Instagram,Entertainment,3.8,131,3.3,2.0,8.1,Medium,7.0
1433,21,Male,India,Undergraduate,WhatsApp,Networking,6.9,219,1.4,1.8,5.4,Very High,5.0
1434,20,Female,Switzerland,Undergraduate,Instagram,Entertainment,2.8,126,4.3,2.8,9.0,Low,8.0
1435,22,Male,Turkey,Undergraduate,TikTok,Entertainment,4.4,143,4.2,1.8,7.8,Medium,6.0
1436,19,Female,USA,Undergraduate,Instagram,Entertainment,7.9,244,1.0,1.3,4.4,Very High,5.0
1437,21,Male,Mexico,Undergraduate,WhatsApp,Networking,6.7,219,1.0,1.2,5.5,Very High,6.0
1438,20,Female,France,Undergraduate,Instagram,Entertainment,3.4,122,4.1,2.8,8.6,Low,7.0
1439,22,Male,Canada,Undergraduate,TikTok,Entertainment,4.2,145,4.9,2.3,8.0,Medium,6.0
1440,19,Female,Spain,Undergraduate,Instagram,Entertainment,4.0,160,4.3,1.4,7.9,High,6.0
1441,21,Male,Denmark,Undergraduate,Facebook,Networking,2.8,109,5.0,2.4,9.0,Low,8.0
1442,20,Female,Ireland,Undergraduate,TikTok,Entertainment,3.7,140,4.7,2.9,8.2,Medium,7.0
1443,22,Male,India,Undergraduate,WhatsApp,News,7.0,205,1.0,1.2,5.3,Very High,5.0
1444,19,Female,Switzerland,Undergraduate,Instagram,Entertainment,2.7,129,5.3,2.5,9.1,Low,8.0
1445,21,Male,Turkey,Undergraduate,Instagram,Entertainment,4.3,155,5.3,2.2,7.9,Medium,6.0
1446,20,Female,USA,Undergraduate,TikTok,Entertainment,8.0,255,1.0,0.5,4.3,Very High,5.0
1447,22,Male,Mexico,Undergraduate,WhatsApp,Networking,6.8,219,1.3,1.6,5.4,Very High,6.0
1448,19,Female,France,Undergraduate,Instagram,Entertainment,3.3,121,5.1,1.5,8.7,Medium,7.0
1449,21,Male,Canada,Undergraduate,Instagram,Entertainment,4.1,140,4.6,1.7,8.1,Medium,6.0
1450,20,Female,Spain,Undergraduate,TikTok,Entertainment,3.9,150,2.5,2.6,8.0,Medium,6.0
1451,22,Male,Denmark,Undergraduate,Facebook,Networking,2.7,126,4.0,2.5,9.1,Low,8.0
1452,19,Female,Ireland,Undergraduate,Instagram,Entertainment,3.6,120,4.6,1.9,8.3,Low,7.0
1453,21,Male,India,Undergraduate,WhatsApp,Education,7.1,235,1.0,1.4,5.2,Very High,5.0
1454,20,Female,Switzerland,Undergraduate,Instagram,Entertainment,2.6,123,6.4,2.3,9.2,Medium,8.0
1455,22,Male,Turkey,Undergraduate,TikTok,Entertainment,4.2,134,3.5,2.0,8.0,Medium,6.0
1456,19,Female,USA,Undergraduate,Instagram,Entertainment,8.1,231,1.0,1.3,4.2,Very High,5.0
1457,21,Male,Mexico,Undergraduate,WhatsApp,News,6.9,224,1.0,0.9,5.3,Very High,6.0
1458,20,Female,France,Undergraduate,Instagram,Entertainment,3.2,138,2.6,2.2,8.8,Low,7.0
1459,22,Male,Canada,Undergraduate,TikTok,Entertainment,4.0,140,3.8,1.8,8.2,Medium,6.0
1460,19,Female,Spain,Undergraduate,Instagram,Entertainment,3.8,145,4.0,1.3,8.1,High,6.0
1461,21,Male,Denmark,Undergraduate,Facebook,Networking,2.6,129,5.1,1.9,9.2,Medium,8.0
1462,20,Female,Ireland,Undergraduate,TikTok,Entertainment,3.5,124,5.4,2.9,8.4,Medium,7.0
1463,22,Male,India,Undergraduate,WhatsApp,Education,7.2,214,1.8,1.4,5.1,Very High,5.0
1464,19,Female,Switzerland,Undergraduate,Instagram,Entertainment,2.5,126,5.4,1.7,9.3,Low,8.0
1465,21,Male,Turkey,Undergraduate,Instagram,Entertainment,4.1,138,2.2,1.2,8.1,Medium,6.0
1466,20,Female,USA,Undergraduate,TikTok,Entertainment,8.2,247,1.0,0.9,4.1,Very High,5.0
1467,22,Male,Mexico,Undergraduate,WhatsApp,Education,7.0,217,1.4,2.0,5.2,Very High,6.0
1468,19,Female,France,Undergraduate,Instagram,Entertainment,3.1,122,5.1,2.1,8.9,Low,7.0
1469,21,Male,Canada,Undergraduate,Instagram,Entertainment,3.9,132,4.9,2.7,8.3,Medium,6.0
1470,20,Female,Spain,Undergraduate,TikTok,Entertainment,3.7,144,3.4,2.3,8.2,Low,6.0
1471,22,Male,Denmark,Undergraduate,Facebook,Networking,2.5,114,7.1,2.6,9.3,Low,8.0
1472,19,Female,Ireland,Undergraduate,Instagram,Entertainment,3.4,118,3.8,1.5,8.5,Low,7.0
1473,21,Male,India,Undergraduate,WhatsApp,News,7.3,226,1.3,1.6,5.0,Very High,5.0
1474,20,Female,Switzerland,Undergraduate,Instagram,Entertainment,2.4,87,4.3,2.2,9.4,Low,8.0
1475,22,Male,Turkey,Undergraduate,TikTok,Entertainment,4.0,133,3.3,2.4,8.2,Medium,6.0
1476,19,Female,USA,Undergraduate,Instagram,Entertainment,8.3,271,1.0,0.5,4.0,Very High,5.0
1477,21,Male,Mexico,Undergraduate,WhatsApp,Education,7.1,222,1.0,1.3,5.1,Very High,6.0
1478,20,Female,France,Undergraduate,Instagram,Entertainment,3.0,124,5.7,2.4,9.0,Low,7.0
1479,22,Male,Canada,Undergraduate,TikTok,Entertainment,3.8,155,4.4,2.0,8.4,Low,6.0
1480,19,Female,Spain,Undergraduate,Instagram,Entertainment,3.6,143,4.3,2.3,8.3,Medium,6.0
1481,21,Male,Denmark,Undergraduate,Facebook,Networking,2.4,116,6.7,2.3,9.4,Low,8.0
1482,20,Female,Ireland,Undergraduate,TikTok,Entertainment,3.3,135,4.5,1.9,8.6,Medium,7.0
1483,22,Male,India,Undergraduate,WhatsApp,Entertainment,7.4,229,1.0,2.0,4.9,Very High,5.0
1484,19,Female,Switzerland,Undergraduate,Instagram,Entertainment,2.3,107,5.1,2.9,9.5,Low,8.0
1485,21,Male,Turkey,Undergraduate,Instagram,Entertainment,3.9,133,4.5,1.6,8.3,Medium,6.0
1486,20,Female,USA,Undergraduate,TikTok,Entertainment,8.4,270,1.0,1.2,3.9,Very High,5.0
1487,22,Male,Mexico,Undergraduate,WhatsApp,Education,7.2,212,1.0,0.8,5.0,Very High,6.0
1488,19,Female,France,Undergraduate,Instagram,Entertainment,2.9,132,4.5,1.7,9.1,Low,7.0
1489,21,Male,Canada,Undergraduate,Instagram,Entertainment,3.7,152,3.8,2.6,8.5,Medium,6.0
1490,20,Female,Spain,Undergraduate,TikTok,Entertainment,3.5,117,4.2,1.3,8.4,High,6.0
1491,22,Male,Denmark,Undergraduate,Facebook,Networking,2.3,110,4.6,2.9,9.5,Low,8.0
1492,19,Female,Ireland,Undergraduate,Instagram,Entertainment,3.2,144,4.3,2.1,8.7,Medium,7.0
1493,21,Male,India,Undergraduate,WhatsApp,News,7.5,234,1.0,1.0,4.8,Very High,5.0
1494,20,Female,Switzerland,Undergraduate,Instagram,Entertainment,2.2,93,6.4,2.7,9.6,Low,8.0
1495,22,Male,Turkey,Undergraduate,TikTok,Entertainment,3.8,155,4.8,2.3,8.4,Medium,6.0
1496,19,Female,USA,Undergraduate,Instagram,Entertainment,8.5,257,1.0,0.5,3.8,Very High,5.0
1497,21,Male,Mexico,Undergraduate,WhatsApp,Entertainment,7.3,211,1.0,1.5,4.9,Very High,6.0
1498,20,Female,France,Undergraduate,Instagram,Entertainment,2.8,104,5.3,2.4,9.2,Low,7.0
1499,22,Male,Canada,Undergraduate,TikTok,Entertainment,3.6,142,3.7,1.5,8.6,Medium,6.0
1500,19,Female,Brazil,Undergraduate,WhatsApp,Education,6.2,198,1.0,1.4,6.3,Very High,6.0
1501,21,Male,China,Undergraduate,WeChat,Entertainment,4.5,145,2.7,2.6,7.8,High,7.0
1502,20,Female,Netherlands,Undergraduate,Instagram,Entertainment,3.8,151,3.7,2.9,8.2,Medium,8.0
1503,22,Male,New Zealand,Undergraduate,Instagram,Entertainment,4.7,146,2.4,2.2,7.5,High,7.0
1504,19,Female,Singapore,Undergraduate,TikTok,Entertainment,5.1,160,3.0,1.1,7.0,Medium,6.0
1505,21,Male,Malaysia,Undergraduate,WhatsApp,Networking,5.5,180,3.1,1.9,6.8,High,6.0
1506,20,Female,UAE,Undergraduate,Instagram,Entertainment,6.5,188,1.0,1.8,6.5,Very High,5.0
1507,22,Male,Poland,Undergraduate,Facebook,Networking,4.2,145,3.8,2.3,7.9,High,7.0
1508,19,Female,India,Undergraduate,WhatsApp,Education,6.8,231,1.0,1.7,6.0,Very High,5.0
1509,21,Male,Canada,Undergraduate,Instagram,Entertainment,4.8,182,3.5,2.0,7.4,Medium,7.0
1510,20,Female,Brazil,Undergraduate,Instagram,Entertainment,6.1,211,1.9,1.4,6.4,Very High,6.0
1511,22,Male,China,Undergraduate,WeChat,Education,4.4,147,2.4,1.6,7.9,Medium,7.0
1512,19,Female,Netherlands,Undergraduate,TikTok,Entertainment,3.7,119,3.3,1.1,8.3,High,8.0
1513,21,Male,New Zealand,Undergraduate,Instagram,Entertainment,4.6,172,3.4,2.0,7.6,Medium,7.0
1514,20,Female,Singapore,Undergraduate,TikTok,Entertainment,5.2,169,3.6,1.8,6.9,High,6.0
1515,22,Male,Malaysia,Undergraduate,WhatsApp,Entertainment,5.6,194,1.0,1.9,6.7,High,6.0
1516,19,Female,UAE,Undergraduate,Instagram,Entertainment,6.6,194,1.7,0.7,6.4,Very High,5.0
1517,21,Male,Poland,Undergraduate,Facebook,Networking,4.1,153,4.9,2.3,8.0,High,7.0
1518,20,Female,India,Undergraduate,WhatsApp,Networking,6.9,220,1.0,2.3,5.9,Very High,5.0
1519,22,Male,Canada,Undergraduate,TikTok,Entertainment,4.7,178,3.7,1.9,7.5,Medium,7.0
1520,19,Female,Brazil,Undergraduate,WhatsApp,Networking,6.0,179,1.4,1.5,6.5,Very High,6.0
1521,21,Male,China,Undergraduate,WeChat,News,4.3,148,3.6,2.1,8.0,Medium,7.0
1522,20,Female,Netherlands,Undergraduate,Instagram,Entertainment,3.6,154,3.1,3.1,8.4,Medium,8.0
1523,22,Male,New Zealand,Undergraduate,Facebook,Networking,4.5,152,1.6,1.4,7.7,High,7.0
1524,19,Female,Singapore,Undergraduate,TikTok,Entertainment,5.3,183,3.5,1.8,6.8,High,6.0
1525,21,Male,Malaysia,Undergraduate,WhatsApp,Education,5.7,173,1.5,1.2,6.6,High,6.0
1526,20,Female,UAE,Undergraduate,Instagram,Entertainment,6.7,221,1.0,1.1,6.3,Very High,5.0
1527,22,Male,Poland,Undergraduate,Facebook,Networking,4.0,136,2.9,2.0,8.1,Low,7.0
1528,19,Female,India,Undergraduate,WhatsApp,Entertainment,7.0,222,1.0,1.9,5.8,Very High,5.0
1529,21,Male,Canada,Undergraduate,Instagram,Entertainment,4.6,175,3.3,2.8,7.6,Medium,7.0
1530,20,Female,Brazil,Undergraduate,TikTok,Entertainment,5.9,198,1.5,1.7,6.6,High,6.0
1531,22,Male,China,Undergraduate,WeChat,News,4.2,148,4.1,1.8,8.1,Medium,7.0
1532,19,Female,Netherlands,Undergraduate,Instagram,Entertainment,3.5,119,4.9,3.4,8.5,Low,8.0
1533,21,Male,New Zealand,Undergraduate,Facebook,Networking,4.4,148,3.9,1.7,7.8,Medium,7.0
1534,20,Female,Singapore,Undergraduate,TikTok,Entertainment,5.4,193,2.8,1.4,6.7,High,6.0
1535,22,Male,Malaysia,Undergraduate,WhatsApp,Networking,5.8,178,3.5,0.7,6.5,Medium,6.0
1536,19,Female,UAE,Undergraduate,Instagram,Entertainment,6.8,221,1.0,2.0,6.2,High,5.0
1537,21,Male,Poland,Undergraduate,Facebook,Networking,3.9,141,4.1,2.5,8.2,Low,7.0
1538,20,Female,India,Undergraduate,WhatsApp,Networking,7.1,214,1.8,2.4,5.7,Very High,5.0
1539,22,Male,Canada,Undergraduate,TikTok,Entertainment,4.5,165,4.5,1.2,7.7,Medium,7.0
1540,19,Female,Brazil,Undergraduate,WhatsApp,Entertainment,5.8,184,1.1,2.3,6.7,High,6.0
1541,21,Male,China,Undergraduate,WeChat,Education,4.1,138,3.7,2.0,8.2,High,7.0
1542,20,Female,Netherlands,Undergraduate,Instagram,Entertainment,3.4,131,5.7,2.6,8.6,Medium,8.0
1543,22,Male,New Zealand,Undergraduate,Instagram,Entertainment,4.3,162,4.1,1.1,7.9,Low,7.0
1544,19,Female,Singapore,Undergraduate,TikTok,Entertainment,5.5,196,2.7,2.4,6.6,High,6.0
1545,21,Male,Malaysia,Undergraduate,WhatsApp,News,5.9,197,1.9,1.9,6.4,High,6.0
1546,20,Female,UAE,Undergraduate,Instagram,Entertainment,6.9,223,1.0,1.3,6.1,High,5.0
1547,22,Male,Poland,Undergraduate,Facebook,Networking,3.8,151,4.4,2.4,8.3,Medium,7.0
1548,19,Female,India,Undergraduate,WhatsApp,News,7.2,215,1.0,0.8,5.6,Very High,5.0
1549,21,Male,Canada,Undergraduate,Instagram,Entertainment,4.4,145,3.6,1.6,7.8,Medium,7.0
1550,20,Female,Brazil,Undergraduate,TikTok,Entertainment,5.7,186,2.4,1.3,6.8,High,6.0
1551,22,Male,China,Undergraduate,WeChat,Education,4.0,150,3.5,1.1,8.3,Medium,7.0
1552,19,Female,Netherlands,Undergraduate,Instagram,Entertainment,3.3,132,5.1,2.6,8.7,Low,8.0
1553,21,Male,New Zealand,Undergraduate,Facebook,Networking,4.2,136,6.1,2.5,8.0,Medium,7.0
1554,20,Female,Singapore,Undergraduate,TikTok,Entertainment,5.6,196,1.0,1.2,6.5,High,6.0
1555,22,Male,Malaysia,Undergraduate,WhatsApp,News,6.0,189,2.3,1.7,6.3,High,6.0
1556,19,Female,UAE,Undergraduate,Instagram,Entertainment,7.0,235,1.0,1.1,6.0,Very High,5.0
1557,21,Male,Poland,Undergraduate,Facebook,Networking,3.7,145,4.8,2.2,8.4,Medium,7.0
1558,20,Female,India,Undergraduate,WhatsApp,News,7.3,246,1.0,0.9,5.5,Very High,5.0
1559,22,Male,Canada,Undergraduate,TikTok,Entertainment,4.3,157,4.3,1.5,7.9,Medium,7.0
1560,19,Female,Brazil,Undergraduate,WhatsApp,Education,5.6,186,3.3,2.1,6.9,High,6.0
1561,21,Male,China,Undergraduate,WeChat,News,3.9,129,4.3,2.0,8.4,Medium,7.0
1562,20,Female,Netherlands,Undergraduate,Instagram,Entertainment,3.2,120,5.7,3.2,8.8,Low,8.0
1563,22,Male,New Zealand,Undergraduate,Instagram,Entertainment,4.1,161,2.0,2.0,8.1,Medium,7.0
1564,19,Female,Singapore,Undergraduate,TikTok,Entertainment,5.7,182,3.6,1.1,6.4,Very High,6.0
1565,21,Male,Malaysia,Undergraduate,WhatsApp,Education,6.1,179,2.2,2.1,6.2,High,6.0
1566,20,Female,UAE,Undergraduate,Instagram,Entertainment,7.1,211,1.8,1.5,5.9,Very High,5.0
1567,22,Male,Poland,Undergraduate,Facebook,Networking,3.6,138,3.4,2.5,8.5,Medium,7.0
1568,19,Female,India,Undergraduate,WhatsApp,Entertainment,7.4,235,1.0,1.7,5.4,Very High,5.0
1569,21,Male,Canada,Undergraduate,Instagram,Entertainment,4.2,169,3.9,1.6,8.0,High,7.0
1570,20,Female,Spain,Undergraduate,Instagram,Entertainment,6.1,214,1.9,1.4,7.2,High,5.0
1571,23,Male,Denmark,Graduate,Twitter,News,3.8,141,4.4,2.0,7.8,Medium,8.0
1572,19,Female,Ireland,Undergraduate,TikTok,Entertainment,5.5,184,3.4,1.0,6.8,High,6.0
1573,22,Male,India,Undergraduate,Facebook,Networking,7.2,237,1.0,1.1,5.9,Very High,4.0
1574,21,Female,Switzerland,Undergraduate,Instagram,Entertainment,4.2,131,4.6,2.6,7.5,Medium,7.0
1575,24,Male,Turkey,Graduate,TikTok,Entertainment,6.8,218,1.2,1.4,6.2,Very High,5.0
1576,20,Female,USA,Undergraduate,Instagram,Entertainment,5.9,190,1.9,0.9,6.7,High,6.0
1577,22,Male,Mexico,Undergraduate,Facebook,Networking,6.5,218,1.0,0.6,6.1,Very High,5.0
1578,19,Female,France,Undergraduate,Twitter,News,4.7,174,3.7,2.7,7.4,Medium,7.0
1579,23,Male,Canada,Graduate,Instagram,Entertainment,5.2,181,1.0,1.7,7.0,High,6.0
1580,21,Female,UK,Undergraduate,TikTok,Entertainment,6.3,208,2.2,1.1,6.4,Medium,5.0
1581,24,Male,Italy,Graduate,Facebook,Networking,4.9,174,1.9,1.6,7.3,High,7.0
1582,20,Female,Russia,Undergraduate,Instagram,Entertainment,6.7,215,1.3,0.6,6.0,Very High,5.0
1583,22,Male,China,Undergraduate,WeChat,Networking,5.8,179,2.1,2.3,6.5,Very High,6.0
1584,19,Female,Japan,Undergraduate,Twitter,News,4.5,148,4.4,1.7,7.6,High,8.0
1585,23,Male,Poland,Graduate,Facebook,Networking,6.4,214,1.5,2.1,6.3,Very High,5.0
1586,21,Female,Finland,Undergraduate,Instagram,Entertainment,4.1,151,3.3,2.0,7.7,Medium,7.0
1587,24,Male,Spain,Graduate,TikTok,Entertainment,6.6,199,1.0,2.1,6.2,High,5.0
1588,20,Female,Denmark,Undergraduate,Instagram,Entertainment,4.4,170,4.6,2.0,7.4,High,7.0
1589,22,Male,Ireland,Undergraduate,Twitter,News,5.7,206,2.7,2.0,6.8,High,6.0
1590,19,Female,India,Undergraduate,Instagram,Entertainment,7.0,225,1.0,1.6,5.8,Very High,4.0
1591,23,Male,Switzerland,Graduate,Facebook,Networking,4.3,141,3.5,2.2,7.5,Medium,7.0
1592,21,Female,Turkey,Undergraduate,TikTok,Entertainment,6.9,234,1.0,1.4,6.1,Very High,5.0
1593,24,Male,USA,Graduate,Instagram,Entertainment,5.6,174,2.7,1.5,6.9,High,6.0
1594,20,Female,Mexico,Undergraduate,Facebook,Networking,6.2,197,1.0,2.4,6.3,Very High,5.0
1595,21,Male,France,Undergraduate,Instagram,Entertainment,5.8,204,2.8,1.1,6.7,High,6.0
1596,23,Female,Canada,Graduate,TikTok,Entertainment,4.9,167,3.2,1.8,7.3,High,7.0
1597,20,Male,UK,Undergraduate,Facebook,Networking,6.4,194,3.5,1.4,6.2,High,5.0
1598,22,Female,Italy,Undergraduate,Twitter,News,5.1,155,2.0,1.9,7.1,High,7.0
1599,19,Male,Russia,Undergraduate,Instagram,Entertainment,6.7,206,1.2,1.1,6.0,Very High,4.0
1600,24,Female,China,Graduate,WeChat,Networking,5.5,188,3.9,1.8,6.8,High,6.0
1601,21,Male,Japan,Undergraduate,Twitter,News,4.3,160,4.7,1.8,7.6,Medium,8.0
1602,23,Female,Poland,Graduate,Instagram,Entertainment,6.2,188,1.2,0.7,6.4,High,5.0
1603,20,Male,Finland,Undergraduate,Facebook,Networking,4.5,143,3.7,1.9,7.4,High,7.0
1604,22,Female,Spain,Undergraduate,TikTok,Entertainment,6.3,210,1.7,0.9,6.3,Very High,5.0
1605,19,Male,Denmark,Undergraduate,Instagram,Entertainment,4.7,148,3.5,1.0,7.2,Medium,7.0
1606,24,Female,Ireland,Graduate,Twitter,News,5.9,174,1.5,1.6,6.6,High,6.0
1607,21,Male,India,Undergraduate,Facebook,Networking,7.1,221,1.0,1.5,5.7,Very High,4.0
1608,23,Female,Switzerland,Graduate,Instagram,Entertainment,4.4,157,2.3,2.2,7.4,Medium,7.0
1609,20,Male,Turkey,Undergraduate,TikTok,Entertainment,6.6,199,1.5,1.6,6.2,Very High,5.0
1610,22,Female,USA,Undergraduate,Instagram,Entertainment,5.4,168,3.0,0.7,6.9,High,6.0
1611,19,Male,Mexico,Undergraduate,Facebook,Networking,6.5,196,1.3,0.7,6.1,Very High,5.0
1612,24,Female,France,Graduate,Twitter,News,4.8,158,1.9,2.8,7.3,Medium,7.0
1613,21,Male,Canada,Undergraduate,Instagram,Entertainment,5.7,167,3.1,1.1,6.7,High,6.0
1614,23,Female,UK,Graduate,TikTok,Entertainment,6.1,177,2.2,1.8,6.4,Very High,5.0
1615,20,Male,Italy,Undergraduate,Facebook,Networking,4.6,154,2.8,1.5,7.2,High,7.0
1616,22,Female,Russia,Undergraduate,Instagram,Entertainment,6.8,195,1.0,1.3,5.9,High,4.0
1617,19,Male,China,Undergraduate,WeChat,Entertainment,5.6,177,1.2,1.3,6.8,High,6.0
1618,24,Female,Japan,Graduate,Twitter,News,4.2,153,3.0,2.2,7.5,Medium,8.0
1619,21,Male,Poland,Undergraduate,TikTok,Entertainment,6.3,183,1.3,1.5,6.3,High,5.0
1620,23,Female,Finland,Graduate,Instagram,Entertainment,4.4,159,4.6,1.7,7.4,Medium,7.0
1621,20,Male,Spain,Undergraduate,Facebook,Networking,6.5,211,1.0,0.8,6.2,Very High,5.0
1622,22,Female,Denmark,Undergraduate,Twitter,News,4.6,162,3.9,2.0,7.3,High,7.0
1623,19,Male,Ireland,Undergraduate,Instagram,Entertainment,5.8,195,1.8,0.9,6.6,High,6.0
1624,24,Female,India,Graduate,TikTok,Entertainment,7.0,232,1.2,1.5,5.8,Very High,4.0
1625,21,Male,Switzerland,Undergraduate,Facebook,Networking,4.5,139,3.4,3.2,7.3,High,7.0
1626,23,Female,Turkey,Graduate,Instagram,Entertainment,6.7,198,2.0,2.0,6.1,Very High,5.0
1627,20,Male,USA,Undergraduate,Twitter,News,5.5,174,2.1,2.0,6.8,High,6.0
1628,22,Female,Mexico,Undergraduate,Facebook,Networking,6.4,212,1.0,1.4,6.2,High,5.0
1629,19,Male,France,Undergraduate,Instagram,Entertainment,4.7,176,2.2,0.9,7.2,Medium,7.0
1630,24,Female,Canada,Graduate,TikTok,Entertainment,5.6,201,2.0,0.9,6.7,High,6.0
1631,21,Male,UK,Undergraduate,Facebook,Networking,6.2,203,1.0,2.1,6.3,High,5.0
1632,23,Female,Italy,Graduate,Twitter,News,4.8,161,3.5,1.4,7.1,High,7.0
1633,20,Male,Russia,Undergraduate,Instagram,Entertainment,6.9,213,1.0,0.9,5.9,Very High,4.0
1634,22,Female,China,Undergraduate,WeChat,News,5.7,169,4.2,1.5,6.7,High,6.0
1635,19,Male,Japan,Undergraduate,Twitter,News,4.4,153,2.2,1.4,7.4,High,8.0
1636,24,Female,Poland,Graduate,TikTok,Entertainment,6.1,197,2.1,0.9,6.4,Very High,5.0
1637,21,Male,Finland,Undergraduate,Instagram,Entertainment,4.3,140,2.8,1.9,7.5,Medium,7.0
1638,23,Female,Spain,Graduate,Facebook,Networking,6.4,215,1.2,1.0,6.2,Very High,5.0
1639,20,Male,Denmark,Undergraduate,Twitter,News,4.5,169,3.6,1.5,7.3,Low,7.0
1640,22,Female,Ireland,Undergraduate,Instagram,Entertainment,5.9,184,1.0,1.1,6.5,High,6.0
1641,19,Male,India,Undergraduate,TikTok,Entertainment,7.2,241,1.0,1.5,5.7,Very High,4.0
1642,24,Female,Switzerland,Graduate,Facebook,Networking,4.6,144,4.9,1.7,7.2,High,7.0
1643,21,Male,Turkey,Undergraduate,Instagram,Entertainment,6.8,231,1.0,1.2,6.0,Very High,5.0
1644,23,Female,USA,Graduate,Twitter,News,5.3,187,2.9,2.0,6.8,High,6.0
1645,22,Male,Mexico,Undergraduate,Facebook,Networking,6.3,190,2.5,1.4,6.2,Very High,5.0
1646,20,Female,France,Undergraduate,Instagram,Entertainment,4.8,171,3.1,1.7,7.1,High,7.0
1647,23,Male,Canada,Graduate,TikTok,Entertainment,5.7,179,1.8,1.8,6.6,Very High,6.0
1648,21,Female,UK,Undergraduate,Twitter,News,6.2,211,1.0,1.8,6.3,Very High,5.0
1649,24,Male,Italy,Graduate,Facebook,Networking,4.7,148,3.8,1.8,7.2,Medium,7.0
1650,19,Female,Russia,Undergraduate,Instagram,Entertainment,6.8,204,1.1,1.3,5.9,Very High,4.0
1651,22,Male,China,Undergraduate,WeChat,Entertainment,5.6,177,1.6,1.2,6.7,High,6.0
1652,20,Female,Japan,Undergraduate,Twitter,News,4.3,139,3.8,1.5,7.5,High,8.0
1653,23,Male,Poland,Graduate,TikTok,Entertainment,6.2,193,1.3,1.8,6.3,High,5.0
1654,21,Female,Finland,Undergraduate,Instagram,Entertainment,4.4,159,3.2,2.1,7.4,Medium,7.0
1655,24,Male,Spain,Graduate,Facebook,Networking,6.5,212,2.0,1.6,6.1,Very High,5.0
1656,19,Female,Denmark,Undergraduate,Twitter,News,4.6,162,2.3,2.0,7.3,Medium,7.0
1657,22,Male,Ireland,Undergraduate,Instagram,Entertainment,5.8,177,3.0,1.6,6.6,Very High,6.0
1658,20,Female,India,Undergraduate,TikTok,Entertainment,7.1,210,1.0,1.6,5.8,Very High,4.0
1659,23,Male,Switzerland,Graduate,Facebook,Networking,4.5,173,3.0,2.3,7.3,High,7.0
1660,21,Female,Turkey,Undergraduate,Instagram,Entertainment,6.7,202,2.8,1.8,6.0,Very High,5.0
1661,24,Male,USA,Graduate,Twitter,News,5.4,164,3.5,1.6,6.8,High,6.0
1662,19,Female,Mexico,Undergraduate,TikTok,Entertainment,6.4,203,1.7,2.1,6.2,High,5.0
1663,22,Male,France,Undergraduate,Facebook,Networking,4.7,142,2.5,1.9,7.2,Medium,7.0
1664,20,Female,Canada,Undergraduate,Instagram,Entertainment,5.6,178,2.0,1.9,6.7,High,6.0
1665,23,Male,UK,Graduate,Twitter,News,6.3,216,1.8,1.6,6.2,Very High,5.0
1666,21,Female,Italy,Undergraduate,TikTok,Entertainment,4.8,155,3.2,1.9,7.1,High,7.0
1667,24,Male,Russia,Graduate,Instagram,Entertainment,6.9,225,1.0,0.9,5.9,Very High,4.0
1668,19,Female,China,Undergraduate,WeChat,News,5.7,186,2.3,1.9,6.7,High,6.0
1669,22,Male,Japan,Undergraduate,Twitter,News,4.4,149,3.4,3.3,7.4,Medium,8.0
1670,20,Female,Poland,Undergraduate,Facebook,Networking,6.1,203,1.0,1.3,6.4,Very High,5.0
1671,23,Male,Finland,Graduate,Instagram,Entertainment,4.3,155,3.3,2.0,7.5,Medium,7.0
1672,21,Female,Spain,Undergraduate,TikTok,Entertainment,6.4,197,2.3,1.2,6.2,High,5.0
1673,24,Male,Denmark,Graduate,Twitter,News,4.5,145,2.4,1.6,7.3,Medium,7.0
1674,19,Female,Ireland,Undergraduate,Instagram,Entertainment,5.9,208,1.9,2.3,6.5,High,6.0
1675,22,Male,India,Undergraduate,Facebook,Networking,7.2,211,1.0,0.9,5.7,Very High,4.0
1676,20,Female,Switzerland,Undergraduate,TikTok,Entertainment,4.6,178,3.5,1.6,7.2,High,7.0
1677,23,Male,Turkey,Graduate,Instagram,Entertainment,6.8,213,1.0,0.5,6.0,Very High,5.0
1678,21,Female,USA,Undergraduate,Twitter,News,5.3,196,3.9,1.3,6.8,High,6.0
1679,24,Male,Mexico,Graduate,Facebook,Networking,6.2,194,2.2,0.6,6.3,High,5.0
1680,19,Female,France,Undergraduate,Instagram,Entertainment,4.7,164,2.3,2.1,7.2,High,7.0
1681,22,Male,Canada,Undergraduate,TikTok,Entertainment,5.8,194,2.7,2.9,6.6,Very High,6.0
1682,20,Female,UK,Undergraduate,Twitter,News,6.1,190,1.3,1.3,6.4,High,5.0
1683,23,Male,Italy,Graduate,Facebook,Networking,4.8,153,2.7,1.0,7.1,Medium,7.0
1684,21,Female,Russia,Undergraduate,Instagram,Entertainment,6.7,212,1.6,1.8,6.0,Very High,4.0
1685,24,Male,China,Graduate,WeChat,Entertainment,5.5,188,2.1,1.3,6.8,High,6.0
1686,19,Female,Japan,Undergraduate,Twitter,News,4.2,140,4.5,2.6,7.5,Medium,8.0
1687,22,Male,Poland,Undergraduate,TikTok,Entertainment,6.3,212,1.1,1.3,6.2,Very High,5.0
1688,20,Female,Finland,Undergraduate,Instagram,Entertainment,4.4,160,3.1,1.6,7.4,High,7.0
1689,23,Male,Spain,Graduate,Facebook,Networking,6.5,193,1.0,1.3,6.1,Very High,5.0
1690,21,Female,Denmark,Undergraduate,Twitter,News,4.6,177,2.9,2.2,7.3,Medium,7.0
1691,24,Male,Ireland,Graduate,Instagram,Entertainment,5.9,173,3.0,1.4,6.5,High,6.0
1692,19,Female,India,Undergraduate,TikTok,Entertainment,7.0,226,1.5,1.0,5.8,Very High,4.0
1693,22,Male,Switzerland,Undergraduate,Facebook,Networking,4.5,154,4.9,1.8,7.3,High,7.0
1694,20,Female,Turkey,Undergraduate,Instagram,Entertainment,6.6,216,3.2,0.7,6.1,Very High,5.0
1695,23,Male,USA,Graduate,Twitter,News,5.5,192,1.7,1.8,6.7,High,6.0
1696,21,Female,Mexico,Undergraduate,TikTok,Entertainment,6.3,209,1.8,0.5,6.2,Very High,5.0
1697,24,Male,France,Graduate,Facebook,Networking,4.8,171,2.3,1.6,7.1,High,7.0
1698,19,Female,Canada,Undergraduate,Instagram,Entertainment,5.7,200,1.7,2.0,6.6,High,6.0
1699,22,Male,UK,Undergraduate,Twitter,News,6.2,208,1.3,1.6,6.3,Very High,5.0
1700,20,Female,Italy,Undergraduate,TikTok,Entertainment,4.7,174,2.5,2.1,7.2,High,7.0
1701,23,Male,Russia,Graduate,Instagram,Entertainment,6.8,211,1.0,1.3,5.9,Very High,4.0
1702,21,Female,China,Undergraduate,WeChat,News,5.6,173,2.3,2.2,6.7,High,6.0
1703,24,Male,Japan,Graduate,Twitter,News,4.3,141,2.7,2.4,7.5,Medium,8.0
1704,19,Female,Poland,Undergraduate,Facebook,Networking,6.2,204,2.5,1.7,6.3,Very High,5.0
1705,19,Male,Sri Lanka,Undergraduate,TikTok,Entertainment,5.7,188,1.6,2.0,5.7,High,6.0
1706,22,Male,Canada,Undergraduate,TikTok,Entertainment,4.0,128,6.2,2.4,8.2,Low,6.0
1707,24,Male,Other,Graduate,YouTube,Education,7.2,213,1.0,1.0,5.9,Very High,5.9
1708,20,Female,Australia,Undergraduate,Facebook,Networking,4.2,168,3.9,1.3,7.6,Low,7.0
1709,19,Male,Nepal,Undergraduate,TikTok,Entertainment,4.3,161,2.7,2.1,7.7,High,7.0
1710,19,Female,Qatar,Undergraduate,TikTok,Entertainment,4.9,177,4.5,2.0,5.7,High,6.0
1711,18,Male,Argentina,High School,TikTok,Entertainment,5.5,169,3.4,2.2,5.3,High,5.0
1712,23,Female,Spain,Graduate,Facebook,Networking,6.4,187,1.8,0.9,6.2,High,5.0
1713,23,Male,Other,Graduate,TikTok,Entertainment,3.5,123,3.4,1.7,8.5,Low,7.3
1714,18,Female,Other,High School,YouTube,Education,7.4,244,1.0,1.4,5.8,Very High,4.7
1715,20,Female,Australia,Undergraduate,Instagram,Entertainment,4.6,160,2.5,1.8,7.3,High,7.0
1716,21,Male,Germany,Undergraduate,Instagram,Entertainment,1.9,103,7.3,1.6,8.7,Low,8.1
1717,20,Female,Ireland,Undergraduate,TikTok,Entertainment,3.3,126,5.3,2.4,8.6,Medium,7.0
1718,20,Male,Canada,Undergraduate,Twitter,News,5.8,189,2.3,0.6,5.6,High,5.5
1719,19,Female,USA,Undergraduate,Instagram,Entertainment,7.5,236,1.0,0.7,4.8,Very High,5.0
1720,22,Female,India,Undergraduate,Instagram,Entertainment,5.8,208,1.4,2.2,5.8,Very High,6.0
1721,20,Male,Other,Undergraduate,TikTok,Entertainment,4.0,142,4.6,2.9,7.1,Medium,7.3
1722,22,Male,Poland,Undergraduate,TikTok,Entertainment,6.3,205,2.7,0.8,6.2,High,5.0
1723,22,Female,Other,Undergraduate,Instagram,Entertainment,8.0,261,1.0,0.8,4.9,Very High,4.0
1724,24,Male,China,Graduate,WeChat,News,5.5,176,1.2,1.6,6.8,High,6.0
1725,19,Female,Ireland,Undergraduate,Instagram,Entertainment,4.8,178,3.4,2.7,7.1,High,7.0
1726,23,Male,Other,Graduate,TikTok,Entertainment,6.6,211,2.2,1.1,5.6,Very High,5.0
1727,19,Male,USA,Undergraduate,Twitter,News,3.9,157,2.8,1.8,6.6,High,6.9
1728,22,Male,Malaysia,Undergraduate,WhatsApp,News,5.6,183,2.4,2.4,6.7,High,6.0
1729,21,Male,Mexico,Undergraduate,WhatsApp,Networking,6.7,217,1.5,1.1,5.5,Very High,6.0
1730,19,Male,Other,Undergraduate,TikTok,Entertainment,6.3,194,1.5,1.8,4.8,Very High,4.0
1731,21,Male,Other,Undergraduate,YouTube,Education,6.3,207,1.0,0.7,5.9,High,4.5
1732,22,Male,India,Undergraduate,Facebook,Networking,4.4,148,3.3,1.8,8.8,Medium,7.0
1733,22,Female,USA,Undergraduate,LinkedIn,Education,4.2,154,3.5,1.1,6.8,Medium,6.5
1734,20,Male,Other,Undergraduate,YouTube,Education,3.9,153,4.0,1.5,6.7,High,6.0
1735,19,Female,Bangladesh,Undergraduate,Instagram,Entertainment,4.6,157,2.9,2.3,7.0,Medium,5.0
1736,22,Male,Other,Undergraduate,YouTube,Education,6.0,192,1.6,1.5,6.7,High,6.4
1737,21,Male,Mexico,Undergraduate,WhatsApp,Education,5.7,179,2.3,1.4,6.5,High,6.0
1738,19,Female,Other,Undergraduate,Snapchat,Entertainment,5.1,181,3.3,1.4,7.1,Medium,6.5
1739,19,Female,India,Undergraduate,Facebook,Networking,5.8,193,2.0,1.4,7.4,High,6.5
1740,21,Male,Australia,Undergraduate,TikTok,Entertainment,7.2,225,1.0,1.4,4.7,Very High,5.8
1741,23,Female,Other,Graduate,Instagram,Entertainment,7.6,216,1.0,1.6,4.7,Very High,5.6
1742,19,Female,Japan,Undergraduate,Twitter,News,4.5,141,2.0,0.6,7.6,Medium,8.0
1743,21,Female,Germany,Undergraduate,YouTube,Education,3.7,117,4.7,1.7,8.7,Medium,8.6
1744,20,Male,Cyprus,Undergraduate,Facebook,Networking,3.8,154,4.2,2.1,6.6,Medium,7.0
1745,23,Male,USA,Graduate,YouTube,Education,4.7,176,3.3,1.8,6.9,High,6.2
1746,22,Male,Canada,Undergraduate,TikTok,Entertainment,3.6,117,5.2,2.3,8.6,Low,6.0
1747,20,Male,Other,Undergraduate,LinkedIn,Education,8.1,228,1.0,1.1,5.9,Very High,5.9
1748,19,Male,Other,Undergraduate,LinkedIn,Education,3.2,136,3.2,2.0,9.0,Medium,8.3
1749,22,Female,India,Undergraduate,YouTube,Education,3.0,120,5.2,2.0,8.9,Medium,7.1
1750,21,Male,UK,Undergraduate,TikTok,Entertainment,4.7,154,3.3,1.7,6.2,High,6.3
1751,22,Female,Other,Undergraduate,TikTok,Entertainment,5.2,179,2.9,2.3,6.3,Medium,6.8
1752,21,Male,UK,Undergraduate,TikTok,Entertainment,4.7,151,2.9,1.5,6.2,High,6.3
1753,22,Male,Other,Undergraduate,LinkedIn,Education,8.0,232,1.0,1.0,4.5,Very High,5.4
1754,19,Female,India,Undergraduate,Instagram,Entertainment,7.0,214,1.7,1.3,5.8,Very High,4.0
1755,22,Male,Russia,Undergraduate,VKontakte,Networking,4.3,167,4.1,2.7,7.7,High,7.0
1756,18,Female,Canada,High School,YouTube,Education,6.8,225,1.0,1.1,5.2,Very High,5.2
1757,19,Female,India,Undergraduate,WhatsApp,Education,7.0,207,1.0,1.7,5.8,Very High,5.0
1758,19,Male,Nepal,Undergraduate,TikTok,Entertainment,3.5,134,5.1,2.7,8.5,Medium,7.0
1759,19,Female,India,Undergraduate,WhatsApp,News,6.8,230,2.2,1.3,6.0,Very High,5.0
1760,20,Male,Germany,Undergraduate,YouTube,Education,4.4,173,4.1,1.8,6.1,High,6.5
1761,23,Female,Other,Graduate,Facebook,Networking,2.0,105,5.3,2.3,7.9,Low,7.1
1762,18,Female,Other,High School,Snapchat,Entertainment,3.7,122,4.8,1.9,7.9,Medium,7.3
1763,24,Female,Other,Graduate,YouTube,Education,7.8,229,1.0,1.5,5.4,Very High,5.6
1764,21,Male,Italy,Undergraduate,TikTok,Entertainment,5.1,160,4.1,1.8,7.0,High,5.0
1765,19,Male,USA,Undergraduate,LinkedIn,Education,2.4,91,4.9,2.5,7.2,Low,8.6
1766,24,Female,Other,Graduate,Facebook,Networking,3.3,114,4.5,1.6,7.2,Medium,7.3
1767,24,Female,USA,Graduate,Twitter,News,6.4,197,2.2,0.9,6.0,Very High,5.2
1768,23,Female,Other,Graduate,LinkedIn,Education,6.2,202,1.8,2.5,5.3,Very High,5.4
1769,24,Male,Other,Graduate,Facebook,Networking,4.1,142,3.0,1.9,6.1,Medium,6.0
1770,21,Female,Other,Undergraduate,TikTok,Entertainment,5.8,186,2.5,1.2,5.6,High,6.0
1771,21,Male,Canada,Undergraduate,Instagram,Entertainment,4.9,156,3.6,2.5,7.3,High,6.0
1772,22,Male,Other,Undergraduate,TikTok,Entertainment,1.6,71,6.5,2.7,8.2,Low,8.6
1773,19,Female,Other,Undergraduate,YouTube,Education,2.9,136,5.3,2.6,7.1,Low,8.8
1774,22,Male,India,Undergraduate,WhatsApp,Networking,6.2,203,1.6,1.4,6.1,Very High,5.0
1775,23,Male,UK,Graduate,Instagram,Entertainment,3.7,126,5.5,1.9,8.4,Medium,7.2
1776,20,Female,Spain,Undergraduate,TikTok,Entertainment,4.5,169,2.8,1.8,7.4,High,6.0
1777,22,Female,USA,Undergraduate,LinkedIn,Education,4.2,163,3.3,1.3,6.8,High,6.5
1778,20,Female,France,Undergraduate,Instagram,Entertainment,3.0,138,5.0,2.2,9.0,Low,7.0
1779,22,Male,Denmark,Undergraduate,Facebook,Networking,2.7,98,6.0,2.5,9.1,Low,8.0
1780,18,Male,Other,High School,Twitter,News,7.3,232,1.0,2.1,5.3,Very High,5.0
1781,21,Male,Other,Undergraduate,Snapchat,Entertainment,8.2,269,1.0,1.0,4.9,Very High,5.6
1782,24,Male,UK,Graduate,TikTok,Entertainment,5.9,204,1.0,0.4,5.9,High,4.9
1783,18,Male,Other,High School,LinkedIn,Education,7.3,216,1.0,1.1,5.1,Very High,4.1
1784,22,Male,Afghanistan,Undergraduate,LinkedIn,Education,2.9,132,4.2,3.6,7.0,Medium,7.0
1785,23,Male,Poland,Graduate,Facebook,Networking,6.4,201,1.3,1.8,6.3,Very High,5.0
1786,22,Male,Denmark,Undergraduate,Facebook,Networking,3.1,121,5.4,1.8,8.7,Low,8.0
1787,19,Female,Ireland,Undergraduate,Instagram,Entertainment,6.1,199,1.4,1.8,5.2,Very High,5.0
1788,23,Female,Switzerland,Graduate,LinkedIn,Education,2.5,117,5.7,2.0,7.3,Low,8.0
1789,21,Male,India,Undergraduate,WhatsApp,Education,6.7,196,1.1,0.6,5.6,Very High,5.0
1790,22,Female,Canada,Undergraduate,Instagram,Entertainment,6.8,216,1.7,1.1,5.4,Very High,4.4
1791,21,Female,India,Undergraduate,Instagram,Entertainment,5.6,197,2.8,1.6,5.6,High,6.0
1792,19,Female,Brazil,Undergraduate,WhatsApp,Networking,6.2,201,1.2,0.5,6.3,Very High,6.0
1793,19,Female,Other,Undergraduate,Facebook,Networking,6.1,187,1.8,0.9,4.6,High,4.3
1794,22,Female,Other,Undergraduate,YouTube,Education,2.3,84,6.5,2.4,8.8,Low,9.0
1795,24,Male,India,Graduate,LinkedIn,Education,8.1,248,1.0,0.8,5.1,Very High,5.1
1796,23,Male,Canada,Graduate,Instagram,Entertainment,5.2,183,1.7,1.9,7.0,High,6.0
1797,19,Male,Other,Undergraduate,YouTube,Education,3.4,131,5.1,1.5,8.6,Low,7.6
1798,20,Male,Other,Undergraduate,TikTok,Entertainment,3.5,151,3.6,2.5,7.9,Low,7.8
1799,18,Female,Germany,High School,YouTube,Education,1.9,96,7.2,1.9,7.7,Low,7.8
1800,20,Female,Australia,Undergraduate,Snapchat,Entertainment,7.5,232,1.3,1.9,5.2,Very High,4.8
1801,21,Male,Other,Undergraduate,LinkedIn,Education,1.8,72,6.4,1.7,9.0,Low,8.2
1802,20,Female,Australia,Undergraduate,Facebook,Networking,4.2,152,3.9,1.4,7.6,Medium,7.0
1803,22,Male,Other,Undergraduate,YouTube,Education,8.1,233,1.0,1.2,5.6,Very High,5.4
1804,21,Male,Turkey,Undergraduate,Instagram,Entertainment,3.9,150,4.6,2.9,8.3,Low,6.0
1805,22,Male,Russia,Undergraduate,VKontakte,Networking,4.2,136,3.5,2.1,7.8,Medium,7.0
1806,24,Male,Sweden,Graduate,LinkedIn,Education,2.0,111,6.2,2.8,7.8,Low,8.0
1807,21,Male,Other,Undergraduate,Twitter,News,5.8,182,2.9,1.6,5.4,Very High,4.9
1808,19,Male,Other,Undergraduate,TikTok,Entertainment,4.4,152,3.2,1.4,7.0,High,6.2
1809,19,Male,Other,Undergraduate,TikTok,Entertainment,4.8,150,2.7,1.6,7.0,High,6.1
1810,23,Male,India,Graduate,LinkedIn,Education,4.5,145,2.5,1.3,6.2,Medium,6.4
1811,19,Male,Uzbekistan,Undergraduate,TikTok,Entertainment,5.5,198,1.6,1.0,5.4,Very High,5.0
1812,23,Female,Other,Graduate,YouTube,Education,7.4,221,1.0,1.4,5.7,Very High,4.2
1813,23,Female,Other,Graduate,TikTok,Entertainment,1.6,85,7.0,2.0,8.7,Low,8.9
1814,23,Male,Australia,Graduate,YouTube,Education,3.4,149,6.0,2.3,8.7,Medium,7.8
1815,20,Male,Other,Undergraduate,Twitter,News,7.8,244,1.3,0.4,5.2,Very High,5.2
1816,18,Female,Other,High School,Snapchat,Entertainment,3.2,106,3.5,2.3,7.8,Low,8.5
1817,21,Female,Other,Undergraduate,TikTok,Entertainment,3.5,126,5.1,1.9,7.5,High,9.0
1818,23,Male,Slovakia,Graduate,LinkedIn,Education,2.3,97,6.8,3.1,7.4,Low,8.0
1819,19,Female,Nepal,Undergraduate,TikTok,Entertainment,5.8,181,1.8,1.7,5.4,High,6.0
1820,24,Male,India,Graduate,Instagram,Entertainment,2.7,101,5.4,2.9,8.6,Medium,7.8
1821,20,Female,India,Undergraduate,Snapchat,Entertainment,6.5,207,1.0,1.0,5.7,Very High,4.1
1822,22,Female,Other,Undergraduate,TikTok,Entertainment,4.1,142,4.1,2.0,6.4,Medium,6.9
1823,22,Male,Mexico,Undergraduate,WhatsApp,Entertainment,6.0,186,1.1,1.0,6.2,Very High,6.0
1824,22,Male,Bangladesh,Undergraduate,Facebook,Networking,4.3,148,3.9,1.7,7.3,High,5.0
1825,20,Male,India,Undergraduate,LinkedIn,Education,7.5,225,1.0,1.0,5.2,Very High,5.2
1826,22,Male,Turkey,Undergraduate,TikTok,Entertainment,3.8,129,4.6,1.7,8.4,Low,6.0
1827,19,Male,Andorra,Undergraduate,TikTok,Entertainment,5.3,175,3.5,1.1,5.5,Very High,5.0
1828,20,Female,Nepal,Undergraduate,TikTok,Entertainment,5.5,199,1.9,0.9,5.9,High,6.0
1829,20,Female,Netherlands,Undergraduate,Instagram,Entertainment,3.6,135,3.5,0.9,8.4,Medium,8.0
1830,23,Female,Other,Graduate,Facebook,Networking,7.2,228,1.0,0.7,5.6,Very High,4.6
1831,21,Male,Other,Undergraduate,Facebook,Networking,6.7,231,1.1,1.6,4.6,Very High,4.5
1832,19,Female,Canada,Undergraduate,Instagram,Entertainment,5.7,191,1.8,0.8,6.6,High,6.0
1833,22,Female,Other,Undergraduate,YouTube,Education,7.9,230,1.0,0.3,5.1,Very High,4.9
1834,19,Female,USA,Undergraduate,YouTube,Education,5.2,170,3.2,2.6,7.0,High,6.7
1835,21,Male,Other,Undergraduate,Snapchat,Entertainment,8.3,251,1.0,0.6,4.7,Very High,5.0
1836,21,Male,New Zealand,Undergraduate,Instagram,Entertainment,4.6,158,2.5,2.0,7.6,High,7.0
1837,18,Female,USA,High School,Twitter,News,3.8,125,3.8,2.4,8.4,Medium,7.2
1838,19,Female,Norway,Undergraduate,Instagram,Entertainment,5.0,154,3.9,2.1,5.7,High,5.0
1839,24,Male,Other,Graduate,Twitter,News,8.3,245,1.0,0.2,5.5,Very High,4.3
1840,20,Female,Paraguay,Undergraduate,TikTok,Entertainment,4.7,178,3.2,1.7,5.8,Medium,6.0
1841,23,Female,USA,Graduate,Instagram,Entertainment,3.8,148,4.7,1.2,7.4,Medium,7.1
1842,18,Female,Other,High School,Twitter,News,5.6,198,1.5,2.8,4.8,High,5.9
1843,24,Male,Other,Graduate,Instagram,Entertainment,6.5,193,1.5,0.6,5.3,Very High,4.8
1844,24,Female,Other,Graduate,Instagram,Entertainment,3.7,133,4.4,1.6,8.8,Medium,9.0
1845,18,Male,Trinidad,High School,TikTok,Entertainment,5.6,188,2.0,1.1,5.2,High,5.0
1846,21,Female,Lithuania,Undergraduate,Facebook,Networking,3.2,122,5.1,1.5,6.8,High,7.0
1847,19,Male,Other,Undergraduate,TikTok,Entertainment,6.9,213,1.0,2.0,5.0,Very High,5.6
1848,18,Female,USA,High School,Twitter,News,5.9,186,2.5,2.7,4.5,Very High,5.8
1849,20,Male,UK,Undergraduate,Facebook,Networking,6.4,187,2.0,1.2,6.2,Very High,5.0
1850,23,Female,Other,Graduate,Facebook,Networking,7.7,251,1.0,0.4,5.7,Very High,4.6
1851,21,Male,Other,Undergraduate,Facebook,Networking,5.9,209,3.1,0.4,6.0,Very High,6.7
1852,24,Male,Other,Graduate,LinkedIn,Education,2.5,90,3.1,2.3,7.9,Low,8.8
1853,20,Female,Other,Undergraduate,TikTok,Entertainment,3.2,121,4.3,2.0,8.6,Low,7.5
1854,20,Female,Spain,Undergraduate,Instagram,Entertainment,6.1,197,2.7,1.1,7.2,Very High,5.0
1855,20,Female,Other,Undergraduate,YouTube,Education,3.3,138,4.4,2.3,7.4,Low,7.1
1856,22,Male,Other,Undergraduate,Instagram,Entertainment,5.6,204,1.2,1.8,5.8,Very High,5.2
1857,21,Male,Turkey,Undergraduate,Instagram,Entertainment,3.9,138,3.2,2.2,8.3,Medium,6.0
1858,18,Female,Other,High School,Facebook,Networking,7.7,246,1.1,0.9,5.4,Very High,4.0
1859,24,Male,Malaysia,Graduate,LinkedIn,Education,2.2,117,4.3,1.9,7.4,Medium,8.0
1860,21,Male,Italy,Undergraduate,Instagram,Entertainment,5.4,193,3.5,2.0,6.7,Very High,5.0
1861,19,Male,Other,Undergraduate,TikTok,Entertainment,6.9,208,1.1,1.3,5.0,Very High,5.6
1862,18,Male,Other,High School,Snapchat,Entertainment,6.0,207,1.0,1.9,5.0,High,5.5
1863,18,Female,Other,High School,LinkedIn,Education,4.8,161,2.7,2.2,6.8,Very High,6.3
1864,21,Female,Canada,Undergraduate,Instagram,Entertainment,3.4,110,3.8,1.4,7.0,Low,7.3
1865,19,Female,USA,Undergraduate,Facebook,Networking,6.1,207,2.6,0.8,4.8,High,4.2
1866,20,Female,Other,Undergraduate,Facebook,Networking,2.9,130,5.7,1.9,8.4,Medium,8.4
1867,19,Female,Other,Undergraduate,Twitter,News,2.5,100,4.1,1.8,7.3,Medium,8.3
1868,21,Male,Egypt,Undergraduate,YouTube,Education,3.9,140,3.8,2.4,6.5,Medium,7.0
1869,22,Male,Mexico,Undergraduate,Facebook,Networking,6.5,201,1.0,1.6,6.1,Very High,5.0
1870,21,Male,USA,Undergraduate,Snapchat,Entertainment,3.9,126,5.1,2.6,7.1,Low,7.5
1871,19,Female,Switzerland,Undergraduate,Instagram,Entertainment,2.3,121,4.6,2.6,9.5,Low,8.0
1872,22,Female,Italy,Undergraduate,Twitter,News,5.1,152,4.2,1.8,7.1,Medium,7.0
1873,18,Male,Australia,High School,Facebook,Networking,4.4,157,3.6,2.5,6.5,High,6.5
1874,19,Male,Other,Undergraduate,LinkedIn,Education,6.5,187,1.0,1.6,5.4,High,5.8
1875,19,Female,Japan,Undergraduate,LINE,Entertainment,3.3,134,4.2,2.2,8.3,Low,8.0
1876,22,Male,Other,Undergraduate,Snapchat,Entertainment,6.6,226,1.0,2.1,5.2,Very High,5.2
1877,18,Male,Belgium,High School,TikTok,Entertainment,5.3,182,1.7,1.7,5.5,Very High,5.0
1878,21,Male,Other,Undergraduate,LinkedIn,Education,8.2,253,1.0,0.8,6.0,Very High,5.4
1879,18,Female,UK,High School,Facebook,Networking,6.7,225,1.0,0.9,5.8,Very High,4.6
1880,20,Female,Spain,Undergraduate,TikTok,Entertainment,4.1,165,2.2,2.3,7.8,Medium,6.0
1881,18,Female,USA,High School,Twitter,News,3.8,154,3.9,2.7,8.4,Medium,7.2
1882,19,Female,UK,Undergraduate,Snapchat,Entertainment,8.4,244,1.0,0.9,5.0,Very High,4.5
1883,21,Female,USA,Undergraduate,Twitter,News,5.3,179,2.1,2.3,6.8,High,6.0
1884,20,Female,Sri Lanka,Undergraduate,Facebook,Networking,4.6,172,2.7,0.9,8.1,High,7.0
1885,22,Female,Other,Undergraduate,Instagram,Entertainment,4.5,148,2.8,1.8,6.6,High,6.8
1886,20,Female,Finland,Undergraduate,TikTok,Entertainment,5.4,187,4.2,1.6,5.7,High,5.0
1887,24,Female,Other,Graduate,YouTube,Education,8.2,229,1.0,0.6,4.5,Very High,5.6
1888,22,Male,Maldives,Undergraduate,TikTok,Entertainment,5.1,187,3.1,2.9,5.3,Very High,6.0
1889,20,Female,South Korea,Undergraduate,KakaoTalk,Entertainment,4.8,169,1.8,1.8,7.0,High,6.0
1890,19,Female,Maldives,Undergraduate,Instagram,Entertainment,4.9,176,2.6,1.6,5.8,High,6.0
1891,23,Male,Other,Graduate,TikTok,Entertainment,5.2,188,3.0,1.7,6.8,High,6.9
1892,24,Female,Germany,Graduate,TikTok,Entertainment,3.2,113,4.0,1.2,7.9,Low,7.4
1893,23,Male,Other,Graduate,TikTok,Entertainment,5.6,183,3.1,1.2,5.5,Very High,4.2
1894,20,Male,UK,Undergraduate,Facebook,Networking,6.4,219,1.0,1.9,6.2,High,5.0
1895,22,Male,Italy,Undergraduate,LinkedIn,Education,2.8,101,5.0,2.0,7.2,Low,8.0
1896,18,Female,Other,High School,Twitter,News,8.0,257,1.0,0.6,5.4,Very High,5.7
1897,20,Female,Other,Undergraduate,Snapchat,Entertainment,4.2,141,3.9,2.6,6.2,High,6.7
1898,20,Female,Paraguay,Undergraduate,TikTok,Entertainment,4.7,165,2.8,2.5,5.8,High,6.0
1899,21,Male,Turkey,Undergraduate,Instagram,Entertainment,6.8,215,1.0,1.6,6.0,High,5.0
1900,23,Male,Canada,Graduate,Instagram,Entertainment,5.2,182,2.6,1.5,7.0,High,6.0
1901,22,Male,India,Undergraduate,WhatsApp,Entertainment,6.2,213,1.2,1.3,6.1,Very High,5.0
1902,20,Female,Switzerland,Undergraduate,Instagram,Entertainment,3.6,128,4.8,1.7,8.2,Low,8.0
1903,22,Male,France,Undergraduate,Facebook,Networking,4.7,148,3.5,1.3,7.2,Medium,7.0
1904,21,Male,Canada,Undergraduate,Instagram,Entertainment,4.6,156,3.3,1.3,7.6,Medium,7.0
1905,22,Male,Denmark,Undergraduate,Facebook,Networking,3.5,136,4.2,1.8,8.3,Medium,8.0
1906,19,Female,USA,Undergraduate,Instagram,Entertainment,8.5,267,1.0,0.4,3.8,Very High,5.0
1907,20,Female,Australia,Undergraduate,Instagram,Entertainment,4.4,165,3.4,1.1,7.4,Medium,7.0
1908,22,Female,India,Undergraduate,YouTube,Education,3.0,113,4.8,2.4,8.9,Medium,7.1
1909,19,Female,Japan,Undergraduate,LINE,Education,3.6,152,4.5,2.2,8.1,Low,8.0
1910,19,Female,France,Undergraduate,Instagram,Entertainment,3.7,120,5.7,2.9,8.3,Medium,7.0
1911,19,Female,Spain,Undergraduate,Instagram,Entertainment,4.4,139,2.5,1.6,7.5,Medium,6.0
1912,20,Female,South Korea,Undergraduate,KakaoTalk,Networking,4.3,132,4.3,2.1,7.5,High,6.0
1913,21,Female,Other,Undergraduate,Twitter,News,2.3,119,4.2,2.6,7.0,Medium,8.4
1914,18,Male,Other,High School,LinkedIn,Education,3.7,124,4.5,1.9,7.9,Medium,8.2
1915,21,Male,Other,Undergraduate,Instagram,Entertainment,2.0,99,7.3,2.9,7.1,Low,7.7
1916,20,Female,South Korea,Undergraduate,KakaoTalk,Networking,4.6,172,3.8,2.2,7.2,High,6.0
1917,20,Female,Ireland,Undergraduate,TikTok,Entertainment,4.3,162,3.8,2.1,7.6,Medium,7.0
1918,20,Male,Other,Undergraduate,LinkedIn,Education,2.8,132,4.8,2.2,8.5,Low,8.7
1919,22,Male,Canada,Undergraduate,TikTok,Entertainment,3.8,122,4.2,1.9,8.4,Low,6.0
1920,20,Female,Switzerland,Undergraduate,Instagram,Entertainment,2.8,111,5.0,1.6,9.0,Medium,8.0
1921,22,Male,India,Undergraduate,Twitter,News,5.5,182,1.9,1.2,7.1,High,7.0
1922,18,Female,Other,High School,Twitter,News,5.8,197,2.0,1.2,5.0,High,5.6
1923,20,Female,Italy,Undergraduate,TikTok,Entertainment,4.7,166,3.5,1.3,7.2,Medium,7.0
1924,19,Female,Japan,Undergraduate,LINE,Education,3.6,137,3.8,2.3,8.1,Medium,8.0
1925,21,Male,Italy,Undergraduate,Instagram,Entertainment,5.3,169,2.1,2.3,6.8,High,5.0
1926,24,Male,Other,Graduate,LinkedIn,Education,2.5,91,4.4,1.9,7.9,Low,8.8
1927,18,Male,Other,High School,Instagram,Entertainment,7.1,219,1.2,1.4,5.9,Very High,4.8
1928,21,Male,Mexico,Undergraduate,WhatsApp,News,6.3,192,2.1,0.9,5.9,Very High,6.0
1929,23,Male,USA,Graduate,Twitter,News,5.5,184,2.7,1.5,6.7,High,6.0
1930,21,Male,UK,Undergraduate,Facebook,Networking,6.2,211,2.6,1.1,6.3,High,5.0
1931,22,Male,Turkey,Undergraduate,TikTok,Entertainment,3.8,142,4.3,2.4,8.4,Medium,6.0
1932,19,Female,Japan,Undergraduate,LINE,Networking,3.4,133,4.9,1.8,8.2,Low,8.0
1933,22,Male,Nepal,Undergraduate,Facebook,Networking,4.1,128,4.1,2.5,7.9,Medium,7.0
1934,19,Female,Brazil,Undergraduate,WhatsApp,Entertainment,6.0,200,1.9,1.4,6.5,High,6.0
1935,19,Male,USA,Undergraduate,LinkedIn,Education,5.8,187,1.8,1.2,5.3,Very High,5.0
1936,22,Male,Other,Undergraduate,Snapchat,Entertainment,6.6,194,3.2,0.7,5.2,Very High,5.2
1937,22,Male,Russia,Undergraduate,VKontakte,News,4.0,133,3.6,2.1,8.0,Medium,7.0
1938,21,Male,New Zealand,Undergraduate,Facebook,Networking,4.4,166,3.1,2.3,7.8,High,7.0
1939,21,Male,Canada,Undergraduate,Instagram,Entertainment,4.5,173,3.8,2.0,7.7,Medium,6.0
1940,20,Female,Spain,Undergraduate,TikTok,Entertainment,4.3,152,3.9,3.0,7.6,Medium,6.0
1941,22,Male,Nepal,Undergraduate,Facebook,Networking,4.1,166,2.8,2.7,7.9,Low,7.0
1942,24,Female,Poland,Graduate,TikTok,Entertainment,6.1,184,2.8,1.3,6.4,High,5.0
1943,21,Female,UK,Undergraduate,Twitter,News,6.2,191,1.7,1.3,6.3,Very High,5.0
1944,19,Female,Other,Undergraduate,YouTube,Education,7.2,242,1.0,1.4,5.9,Very High,5.0
1945,22,Male,Afghanistan,Undergraduate,LinkedIn,Education,2.9,104,6.1,1.9,7.0,Low,7.0
1946,18,Male,USA,High School,YouTube,Education,3.9,148,4.6,2.6,6.0,High,6.7
1947,23,Female,Other,Graduate,TikTok,Entertainment,2.3,90,4.7,2.6,8.3,Low,8.8
1948,23,Female,Other,Graduate,LinkedIn,Education,1.6,78,7.8,2.7,8.6,Low,7.6
1949,18,Male,Canada,High School,Instagram,Entertainment,6.1,196,2.4,1.8,5.6,High,4.6
1950,23,Male,Other,Graduate,LinkedIn,Education,6.1,191,1.9,2.3,5.9,High,4.8
1951,22,Male,Ireland,Undergraduate,Twitter,News,5.7,201,3.6,1.7,6.8,High,6.0
1952,24,Male,Other,Graduate,Snapchat,Entertainment,3.4,148,4.7,2.1,7.1,Low,8.3
1953,19,Female,Japan,Undergraduate,LINE,Networking,3.6,135,4.4,2.9,8.1,Medium,8.0
1954,21,Female,Other,Undergraduate,TikTok,Entertainment,7.3,228,1.0,1.7,5.8,High,5.6
1955,20,Female,USA,Undergraduate,TikTok,Entertainment,7.8,222,1.0,0.9,4.5,Very High,5.0
1956,24,Male,USA,Graduate,Twitter,News,5.4,169,3.0,1.7,6.8,Very High,6.0
1957,21,Female,India,Undergraduate,Instagram,Entertainment,4.8,146,3.2,1.9,4.8,High,6.0
1958,19,Male,Uzbekistan,Undergraduate,TikTok,Entertainment,5.5,196,1.9,1.8,5.4,Very High,5.0
1959,24,Male,India,Graduate,LinkedIn,Education,8.1,236,1.0,0.3,5.1,Very High,5.1
1960,23,Male,USA,Graduate,Twitter,News,5.5,175,2.4,0.9,6.7,Medium,6.0
1961,22,Male,Canada,Undergraduate,TikTok,Entertainment,4.2,163,2.7,1.5,8.0,High,6.0
1962,19,Female,India,Undergraduate,TikTok,Entertainment,6.0,203,1.0,1.0,6.8,High,6.5
1963,24,Female,Other,Graduate,LinkedIn,Education,4.6,164,3.9,1.5,6.8,High,6.4
1964,20,Female,Ireland,Undergraduate,TikTok,Entertainment,3.5,113,2.4,2.4,8.4,Low,7.0
1965,23,Female,Other,Graduate,YouTube,Education,2.9,119,5.3,2.2,7.3,Medium,8.5
1966,22,Male,Maldives,Undergraduate,TikTok,Entertainment,4.7,164,2.9,1.9,4.5,High,6.0
1967,21,Male,Other,Undergraduate,LinkedIn,Education,3.1,114,5.9,1.6,8.5,Medium,8.5
1968,21,Male,Other,Undergraduate,TikTok,Entertainment,2.6,119,5.0,2.1,7.4,High,8.9
1969,18,Male,Other,High School,Snapchat,Entertainment,6.0,212,2.5,1.8,5.0,Very High,5.5
1970,20,Female,UK,Undergraduate,TikTok,Entertainment,7.1,212,1.0,1.5,5.9,Very High,4.2
1971,18,Male,Other,High School,Facebook,Networking,3.8,133,4.3,1.7,8.4,Low,8.3
1972,20,Male,Canada,Undergraduate,LinkedIn,Education,4.3,144,4.3,2.0,6.6,Medium,6.7
1973,20,Male,Russia,Undergraduate,Instagram,Entertainment,6.9,230,1.0,2.4,5.9,Very High,4.0
1974,21,Female,USA,Undergraduate,LinkedIn,Education,5.8,173,3.0,1.5,7.0,High,6.4
1975,18,Male,Other,High School,Twitter,News,7.0,235,1.0,0.9,5.1,Very High,4.8
1976,20,Female,Singapore,Undergraduate,TikTok,Entertainment,5.4,191,2.8,1.6,6.7,High,6.0
1977,21,Male,India,Undergraduate,Snapchat,Entertainment,2.5,106,6.2,2.4,7.4,Medium,8.0
1978,18,Female,Other,High School,LinkedIn,Education,5.6,188,2.9,1.5,5.9,High,5.2
1979,22,Female,Other,Undergraduate,TikTok,Entertainment,7.3,242,2.2,1.2,4.8,Very High,5.7
1980,19,Female,Japan,Undergraduate,LINE,Networking,3.8,150,3.6,1.3,7.9,Medium,8.0
1981,20,Female,India,Undergraduate,Instagram,Entertainment,5.0,161,1.9,1.3,5.0,High,6.0
1982,19,Female,Australia,Undergraduate,TikTok,Entertainment,6.4,187,1.0,1.3,5.5,Very High,4.4
1983,21,Male,Canada,Undergraduate,Instagram,Entertainment,5.1,178,3.4,1.6,7.1,High,6.0
1984,18,Male,Other,High School,YouTube,Education,5.6,170,2.8,1.3,4.5,Very High,5.7
1985,19,Female,Ireland,Undergraduate,Instagram,Entertainment,4.4,138,3.7,1.8,7.5,High,7.0
1986,18,Female,USA,High School,YouTube,Education,7.2,244,1.0,1.2,5.5,Very High,5.8
1987,23,Male,Australia,Graduate,YouTube,Education,3.4,128,5.2,2.6,8.7,Medium,7.8
1988,22,Male,USA,Undergraduate,Twitter,News,4.0,151,3.0,2.0,7.6,Medium,8.6
1989,20,Male,Other,Undergraduate,Twitter,News,2.8,103,6.1,2.5,8.2,Medium,7.3
1990,21,Male,Canada,Undergraduate,Instagram,Entertainment,4.9,151,5.4,1.5,7.3,Medium,6.0
1991,20,Female,Singapore,Undergraduate,TikTok,Entertainment,5.4,162,2.9,1.9,6.7,High,6.0
1992,23,Male,Canada,Graduate,Twitter,News,2.8,109,5.7,2.5,7.7,Medium,8.1
1993,22,Male,Maldives,Undergraduate,TikTok,Entertainment,5.3,157,2.3,2.1,5.7,High,6.0
1994,18,Male,Australia,High School,Facebook,Networking,4.4,151,2.2,2.3,6.5,Very High,6.5
1995,22,Male,Other,Undergraduate,Snapchat,Entertainment,5.7,179,1.8,1.9,6.6,Very High,6.4
1996,20,Female,UK,Undergraduate,TikTok,Entertainment,2.9,118,4.2,2.2,7.5,Medium,7.9
1997,22,Male,France,Undergraduate,Facebook,Networking,4.7,165,2.1,1.9,7.2,High,7.0
1998,20,Male,Other,Undergraduate,TikTok,Entertainment,6.9,209,2.5,1.8,5.3,Very High,5.1
1999,19,Male,Other,Undergraduate,TikTok,Entertainment,4.8,163,3.4,1.5,7.0,Medium,6.1
2000,20,Female,Singapore,Undergraduate,TikTok,Entertainment,5.2,193,2.9,1.7,6.7,High,5.7
2001,21,Male,Canada,Undergraduate,Instagram,Entertainment,4.6,147,3.2,3.2,7.4,Medium,6.0
2002,20,Female,USA,Undergraduate,TikTok,Entertainment,7.9,226,0.8,1.6,4.8,Very High,5.0
2003,20,Female,USA,Undergraduate,TikTok,Entertainment,7.0,201,1.2,1.1,5.6,Very High,4.9
2004,19,Male,Bangladesh,Undergraduate,TikTok,Entertainment,5.5,173,1.3,1.4,6.1,High,5.2
2005,24,Female,Other,Graduate,Facebook,Networking,3.4,114,4.8,1.8,7.5,Medium,7.2
2006,19,Female,Nigeria,Undergraduate,Instagram,Entertainment,5.7,204,1.2,1.3,5.3,Very High,5.0
2007,21,Male,Poland,Undergraduate,TikTok,Entertainment,6.4,183,1.3,1.3,6.4,High,4.8
2008,21,Male,Other,Undergraduate,Snapchat,Entertainment,3.7,122,4.1,2.0,7.0,Medium,5.9
2009,20,Female,India,Undergraduate,Instagram,Entertainment,4.9,163,3.7,1.7,4.9,High,5.9
2010,24,Male,USA,Graduate,Instagram,Entertainment,5.6,174,2.6,1.2,6.7,High,5.8
2011,20,Female,Australia,Undergraduate,Instagram,Entertainment,4.3,170,1.5,3.2,7.6,Medium,7.3
2012,23,Female,Other,Graduate,Facebook,Networking,2.2,105,5.1,2.5,8.3,Low,6.9
2013,20,Male,USA,Undergraduate,LinkedIn,Education,4.0,154,3.0,1.9,7.1,Medium,6.7
2014,19,Male,Other,Undergraduate,Snapchat,Entertainment,2.8,97,7.0,2.8,7.7,Low,8.9
2015,23,Female,Other,Graduate,Twitter,News,4.7,167,3.2,1.0,7.5,Medium,6.3
2016,19,Female,Other,Undergraduate,Twitter,News,5.5,182,3.0,1.9,7.3,High,6.5
2017,22,Male,UK,Undergraduate,Facebook,Networking,8.1,249,1.0,1.2,4.3,Very High,4.1
2018,19,Female,India,Undergraduate,WhatsApp,Entertainment,7.3,235,1.1,1.6,5.5,Very High,5.0
2019,20,Male,Other,Undergraduate,YouTube,Education,2.4,96,6.3,2.0,7.2,Medium,7.2
2020,20,Female,UK,Undergraduate,Facebook,Networking,6.2,208,1.6,2.4,5.6,Very High,4.8
2021,18,Male,Other,High School,LinkedIn,Education,7.1,219,0.8,1.6,5.9,Very High,5.1
2022,21,Male,India,Undergraduate,WhatsApp,Networking,7.2,219,1.6,1.9,5.1,Very High,5.0
2023,22,Male,India,Undergraduate,WhatsApp,Entertainment,6.4,215,2.6,1.7,6.5,High,5.3
2024,19,Female,Other,Undergraduate,Instagram,Entertainment,8.4,267,1.3,0.8,4.4,Very High,5.9
2025,21,Male,UK,Undergraduate,Instagram,Entertainment,5.1,171,2.4,1.3,6.6,High,6.1
2026,24,Female,Other,Graduate,Instagram,Entertainment,3.9,143,4.9,1.6,6.9,Medium,6.3
2027,22,Female,Other,Undergraduate,TikTok,Entertainment,7.5,215,1.0,2.0,4.5,Very High,5.3
2028,19,Female,Japan,Undergraduate,LINE,Education,3.6,143,5.4,2.8,7.6,Medium,8.2
2029,21,Male,North Macedonia,Undergraduate,Snapchat,Entertainment,3.7,150,4.4,1.7,6.7,Medium,7.5
2030,23,Female,USA,Graduate,Instagram,Entertainment,3.7,148,4.9,1.2,7.5,Medium,7.0
2031,19,Male,Other,Undergraduate,TikTok,Entertainment,6.7,213,1.1,1.6,5.4,Very High,5.6
2032,24,Female,Other,Graduate,YouTube,Education,3.4,138,5.1,2.3,7.7,Medium,8.0
2033,22,Male,Canada,Undergraduate,Instagram,Entertainment,4.2,166,3.5,1.8,6.7,Medium,7.3
2034,24,Male,Other,Graduate,LinkedIn,Education,3.7,129,3.8,2.1,7.8,Low,8.8
2035,19,Female,Other,Undergraduate,Facebook,Networking,2.3,108,5.7,2.0,7.7,Low,8.6
2036,20,Female,USA,Undergraduate,TikTok,Entertainment,7.2,201,1.2,1.3,5.4,Very High,4.9
2037,20,Male,Other,Undergraduate,Twitter,News,8.5,253,1.1,1.1,4.6,Very High,4.6
2038,22,Male,China,Undergraduate,WeChat,Networking,6.0,179,2.0,2.7,6.5,Very High,6.2
2039,19,Male,UK,Undergraduate,Snapchat,Entertainment,1.9,100,5.3,3.0,7.5,Low,7.9
2040,20,Female,India,Undergraduate,Instagram,Entertainment,5.1,161,2.0,1.3,5.3,High,5.6
2041,19,Female,Sri Lanka,Undergraduate,Facebook,Networking,4.2,173,3.6,2.5,8.3,Medium,7.0
2042,20,Female,India,Undergraduate,Instagram,Entertainment,4.9,145,3.6,1.1,4.5,High,6.4
2043,20,Female,Other,Undergraduate,Snapchat,Entertainment,4.2,141,3.8,2.7,6.2,High,6.7
2044,22,Male,Germany,Undergraduate,YouTube,Education,5.5,182,4.2,2.6,6.0,High,5.8
2045,19,Female,Other,Undergraduate,TikTok,Entertainment,5.8,189,3.1,1.5,6.4,High,6.4
2046,20,Female,Sri Lanka,Undergraduate,Facebook,Networking,4.6,172,2.7,0.7,8.1,High,6.9
2047,19,Female,Nepal,Undergraduate,TikTok,Entertainment,6.1,214,2.4,1.5,4.5,Very High,6.0
2048,20,Female,Ireland,Undergraduate,TikTok,Entertainment,4.8,133,3.6,2.1,7.5,Medium,7.0
2049,20,Female,South Korea,Undergraduate,KakaoTalk,Entertainment,4.7,169,1.6,2.0,6.8,High,5.9
2050,18,Male,Other,High School,LinkedIn,Education,7.5,232,1.2,0.7,4.9,Very High,5.3
2051,21,Female,Finland,Undergraduate,Instagram,Entertainment,4.4,159,3.2,2.1,7.4,Medium,6.7
2052,24,Female,Other,Graduate,TikTok,Entertainment,4.6,174,5.0,2.5,6.6,High,6.3
2053,22,Male,Turkey,Undergraduate,TikTok,Entertainment,4.4,143,4.1,2.2,7.8,Medium,5.9
2054,23,Female,India,Graduate,Instagram,Entertainment,6.0,206,2.2,1.8,4.4,Very High,5.3
2055,23,Female,India,Graduate,Instagram,Entertainment,3.5,150,4.7,1.3,7.4,Medium,7.9
2056,19,Female,Poland,Undergraduate,Facebook,Networking,6.0,204,2.6,1.4,6.2,Very High,5.1
2057,20,Female,Italy,Undergraduate,TikTok,Entertainment,4.4,166,3.5,1.1,7.2,Medium,7.2
2058,21,Male,Other,Undergraduate,Snapchat,Entertainment,3.8,122,4.3,1.5,7.2,Medium,6.0
2059,24,Male,Other,Graduate,TikTok,Entertainment,3.5,110,4.9,1.6,8.0,Medium,7.6
2060,24,Male,Germany,Graduate,YouTube,Education,5.1,174,3.2,1.3,6.8,High,6.7
2061,23,Female,Other,Graduate,Facebook,Networking,5.9,202,1.5,2.4,6.0,High,5.5
2062,20,Female,Ireland,Undergraduate,TikTok,Entertainment,3.6,140,4.8,3.0,8.2,Medium,6.7
2063,24,Male,UK,Graduate,Facebook,Networking,2.3,118,4.3,2.0,7.3,Low,6.9
2064,20,Female,France,Undergraduate,Instagram,Entertainment,3.3,123,4.6,2.7,8.7,Medium,6.7
2065,23,Male,Australia,Graduate,YouTube,Education,3.7,149,6.1,2.7,8.9,Medium,7.5
2066,23,Female,Other,Graduate,Instagram,Entertainment,7.7,216,1.1,1.5,4.5,Very High,5.4
2067,23,Male,Canada,Graduate,Twitter,News,2.7,113,4.9,2.6,7.7,Medium,8.0
2068,18,Female,UK,High School,Facebook,Networking,6.8,223,1.0,2.3,6.1,Very High,4.7
2069,22,Male,Germany,Undergraduate,Instagram,Entertainment,3.3,126,4.2,1.8,8.0,High,8.0
2070,18,Male,UK,High School,YouTube,Education,3.0,127,4.1,2.8,6.9,Medium,6.8
2071,22,Male,Other,Undergraduate,Instagram,Entertainment,2.0,101,6.2,2.2,7.4,Medium,8.6
2072,21,Male,India,Undergraduate,WhatsApp,Education,6.9,196,1.2,0.7,5.5,Very High,4.9
2073,24,Female,Other,Graduate,Twitter,News,3.2,115,5.3,2.0,8.1,Medium,8.2
2074,19,Female,Nepal,Undergraduate,TikTok,Entertainment,6.5,214,2.6,1.4,4.7,Very High,6.1
2075,24,Female,Ireland,Graduate,Twitter,News,5.9,174,1.8,1.6,6.5,High,5.9
2076,21,Male,Canada,Undergraduate,Instagram,Entertainment,4.6,147,3.0,2.5,6.9,Medium,6.1
2077,21,Male,Other,Undergraduate,Instagram,Entertainment,7.4,239,1.3,0.6,5.0,High,4.8
2078,20,Female,Bangladesh,Undergraduate,Instagram,Entertainment,4.7,157,2.7,1.2,6.5,High,4.9
2079,20,Male,USA,Undergraduate,TikTok,Entertainment,7.6,256,0.9,1.7,5.7,Very High,5.2
2080,23,Female,Other,Graduate,Snapchat,Entertainment,7.6,236,2.0,0.5,5.4,Very High,5.3
2081,24,Male,Sweden,Graduate,LinkedIn,Education,2.2,111,6.3,3.0,7.9,Low,7.6
2082,21,Male,India,Undergraduate,Instagram,Entertainment,3.3,136,5.9,3.6,6.9,Medium,7.2
2083,19,Female,USA,Undergraduate,Instagram,Entertainment,6.4,222,0.7,1.4,5.6,Very High,4.0
2084,19,Male,Other,Undergraduate,Twitter,News,3.5,135,3.8,2.9,7.0,Medium,6.9
2085,22,Male,Other,Undergraduate,Snapchat,Entertainment,5.6,179,1.8,1.9,6.7,Very High,6.5
2086,20,Male,USA,Undergraduate,Instagram,Entertainment,3.7,150,3.1,2.4,6.9,Medium,6.7
2087,20,Female,Singapore,Undergraduate,TikTok,Entertainment,5.3,162,3.0,1.7,6.6,High,6.3
2088,21,Female,India,Undergraduate,Instagram,Entertainment,4.9,174,1.6,1.2,4.5,High,5.8
2089,23,Female,Other,Graduate,TikTok,Entertainment,6.2,213,1.5,1.2,5.7,Very High,4.1
2090,20,Female,Nepal,Undergraduate,TikTok,Entertainment,6.5,188,1.9,1.0,4.4,Very High,6.0
2091,21,Male,Denmark,Undergraduate,Facebook,Networking,3.4,141,4.4,2.6,8.6,Medium,8.3
2092,18,Female,USA,High School,Instagram,Entertainment,2.2,93,6.4,2.5,8.6,Low,8.1
2093,18,Female,Other,High School,TikTok,Entertainment,6.0,180,2.8,1.1,5.4,Very High,5.2
2094,21,Female,USA,Undergraduate,Instagram,Entertainment,6.1,187,1.8,0.4,6.0,Very High,5.4
2095,18,Female,USA,High School,Twitter,News,5.7,186,2.5,2.6,4.5,Very High,5.6
2096,21,Male,Canada,Undergraduate,Instagram,Entertainment,5.2,185,2.5,1.4,6.8,High,5.4
2097,21,Male,Turkey,Undergraduate,Instagram,Entertainment,3.7,150,4.7,2.5,8.2,Low,6.1
2098,20,Female,USA,Undergraduate,LinkedIn,Education,7.3,216,0.7,1.4,6.0,Very High,3.9
2099,21,Male,Canada,Undergraduate,Instagram,Entertainment,3.9,152,3.6,2.5,8.4,Medium,5.9
2100,21,Male,Poland,Undergraduate,Facebook,Networking,3.8,141,4.1,2.3,8.3,Low,7.1
2101,19,Female,Other,Undergraduate,Twitter,News,8.2,258,0.7,1.1,4.8,Very High,4.7
2102,21,Female,Other,Undergraduate,Instagram,Entertainment,6.8,204,1.6,0.6,5.7,Very High,4.5
2103,19,Female,Japan,Undergraduate,LINE,Education,3.3,152,4.6,2.0,7.9,Low,8.2
2104,24,Male,Other,Graduate,Facebook,Networking,4.0,142,2.8,1.9,5.8,Medium,6.2
2105,19,Female,France,Undergraduate,Instagram,Entertainment,4.6,152,4.6,1.3,7.7,Medium,7.2
2106,21,Male,Georgia,Undergraduate,LinkedIn,Education,3.0,135,4.7,2.8,7.1,Low,8.3
2107,18,Male,Other,High School,Snapchat,Entertainment,6.5,212,2.6,2.1,4.9,Very High,5.4
2108,23,Male,Other,Graduate,Instagram,Entertainment,3.6,147,4.7,1.7,8.2,Low,7.3
2109,19,Female,Other,Undergraduate,Twitter,News,8.6,253,1.1,1.6,4.6,Very High,4.8
2110,19,Female,Albania,Undergraduate,TikTok,Entertainment,5.0,147,4.1,1.7,6.0,High,6.2
2111,20,Male,Other,Undergraduate,YouTube,Education,5.3,187,2.6,1.7,5.3,Very High,5.6
2112,18,Male,Other,High School,Snapchat,Entertainment,1.5,86,5.5,2.7,8.6,Low,7.9
2113,24,Female,India,Graduate,Snapchat,Entertainment,2.5,117,4.2,1.9,7.2,Medium,7.6
2114,20,Male,Denmark,Undergraduate,Twitter,News,4.4,169,3.6,1.2,7.5,Low,7.1
2115,21,Male,New Zealand,Undergraduate,Instagram,Entertainment,4.8,172,3.5,1.8,7.6,Medium,6.8
2116,20,Female,France,Undergraduate,Instagram,Entertainment,3.8,142,4.2,2.2,8.2,Medium,7.1
2117,18,Male,Other,High School,Snapchat,Entertainment,6.9,220,1.3,1.2,5.1,Very High,5.2
2118,22,Male,Turkey,Undergraduate,TikTok,Entertainment,3.9,142,4.6,2.3,8.5,Medium,5.8
2119,22,Male,Russia,Undergraduate,VKontakte,News,4.3,144,4.1,1.9,7.5,Medium,7.2
2120,23,Male,Other,Graduate,Instagram,Entertainment,3.2,133,5.2,2.8,9.0,Low,9.4
2121,24,Male,Sweden,Graduate,LinkedIn,Education,1.9,112,7.2,3.2,8.3,Low,8.1
2122,20,Female,Australia,Undergraduate,Facebook,Networking,5.0,181,3.0,1.2,7.2,High,7.1
2123,20,Male,Other,Undergraduate,LinkedIn,Education,4.0,129,4.7,2.5,7.2,Medium,6.5
2124,20,Male,Other,Undergraduate,TikTok,Entertainment,7.9,227,1.3,1.1,5.1,Very High,4.7
2125,21,Female,India,Undergraduate,TikTok,Entertainment,5.9,192,2.4,2.1,5.9,Very High,5.7
2126,21,Male,Egypt,Undergraduate,YouTube,Education,3.9,150,4.7,1.9,6.4,Medium,7.2
2127,18,Female,Australia,High School,LinkedIn,Education,6.4,202,1.4,2.4,6.0,Very High,5.3
2128,24,Male,Other,Graduate,LinkedIn,Education,7.4,226,1.5,1.4,5.0,Very High,4.6
2129,20,Female,Australia,Undergraduate,Instagram,Entertainment,4.4,138,3.9,2.4,7.5,Medium,8.1
2130,22,Female,Other,Undergraduate,YouTube,Education,3.1,121,5.4,2.5,8.3,Low,7.1
2131,18,Male,Australia,High School,Twitter,News,4.3,154,4.8,1.9,7.3,Medium,6.8
2132,24,Female,Other,Graduate,Instagram,Entertainment,5.2,166,3.5,1.6,6.2,High,6.9
2133,20,Female,Other,Undergraduate,Twitter,News,6.0,167,2.0,1.9,4.9,High,5.6
2134,21,Male,Turkey,Undergraduate,Instagram,Entertainment,4.5,146,3.9,1.7,7.7,Medium,5.7
2135,20,Female,India,Undergraduate,Instagram,Entertainment,5.0,161,1.9,1.3,5.1,High,6.0
2136,20,Female,Switzerland,Undergraduate,Instagram,Entertainment,3.7,128,5.0,1.7,7.9,Low,7.9
2137,20,Female,Other,Undergraduate,Facebook,Networking,3.1,130,5.7,1.7,8.3,Medium,8.4
2138,18,Male,USA,High School,Facebook,Networking,4.7,166,3.6,1.5,6.9,Medium,6.9
2139,20,Female,Japan,Undergraduate,Twitter,News,4.3,139,4.0,1.6,7.7,High,7.8
2140,22,Male,Germany,Undergraduate,YouTube,Education,5.5,182,4.2,2.5,5.8,High,5.4
2141,18,Male,Other,High School,Snapchat,Entertainment,2.8,94,5.8,2.0,8.4,Low,7.6
2142,21,Male,Other,Undergraduate,LinkedIn,Education,1.8,100,6.0,1.8,9.0,Low,8.2
2143,22,Female,Other,Undergraduate,LinkedIn,Education,5.1,178,2.1,0.8,7.3,High,6.4
2144,22,Female,USA,Undergraduate,YouTube,Education,6.6,226,1.0,0.9,5.4,Very High,5.3
2145,22,Male,Japan,Undergraduate,Twitter,News,4.6,149,3.5,2.9,7.5,Medium,7.9
2146,21,Male,Other,Undergraduate,Snapchat,Entertainment,3.1,125,4.0,2.1,7.9,Medium,9.0
2147,21,Female,Maldives,Undergraduate,Instagram,Entertainment,4.5,143,3.1,1.4,8.0,Medium,7.8
2148,20,Male,Bangladesh,Undergraduate,Instagram,Entertainment,6.2,194,1.3,1.6,6.4,High,4.7
2149,18,Male,Other,High School,LinkedIn,Education,7.2,240,0.8,1.2,4.9,Very High,6.0
2150,18,Male,Canada,High School,Twitter,News,6.2,212,1.1,0.9,4.4,Very High,4.4
2151,22,Male,Canada,Undergraduate,TikTok,Entertainment,5.1,186,2.3,1.4,7.1,Medium,5.9
2152,21,Female,Other,Undergraduate,YouTube,Education,5.6,177,2.2,2.5,4.6,Very High,3.9
2153,21,Male,India,Undergraduate,WhatsApp,Networking,7.0,219,1.2,2.0,5.7,Very High,4.7
2154,21,Male,Turkey,Undergraduate,Instagram,Entertainment,5.3,172,3.1,0.9,6.8,High,5.9
2155,21,Male,Mexico,Undergraduate,WhatsApp,News,6.8,224,1.1,0.7,5.3,Very High,6.0
2156,19,Female,Brazil,Undergraduate,WhatsApp,Networking,6.2,201,1.6,0.6,6.2,Very High,6.1
2157,22,Male,India,Undergraduate,WhatsApp,News,7.1,205,1.0,1.1,5.2,Very High,4.9
2158,18,Male,Canada,High School,Instagram,Entertainment,6.2,196,2.2,2.1,5.5,High,4.3
2159,21,Male,Canada,Undergraduate,Instagram,Entertainment,4.5,168,3.7,2.7,7.4,High,5.8
2160,24,Female,Other,Graduate,Facebook,Networking,6.0,197,2.5,0.9,4.9,Very High,4.2
2161,20,Male,Other,Undergraduate,Facebook,Networking,7.2,241,1.0,1.7,5.5,Very High,5.5
2162,22,Female,Other,Undergraduate,TikTok,Entertainment,3.6,150,3.9,2.5,7.2,Medium,6.8
2163,18,Male,Other,High School,Instagram,Entertainment,7.1,219,1.1,1.4,5.8,Very High,5.0
2164,22,Female,Other,Undergraduate,Instagram,Entertainment,4.7,148,3.3,1.9,6.5,High,7.1
2165,20,Female,Brazil,Undergraduate,Instagram,Entertainment,6.3,211,1.9,1.3,6.4,Very High,6.2
2166,24,Male,Other,Graduate,Instagram,Entertainment,1.7,104,7.3,2.7,7.9,Low,8.6
2167,20,Female,Germany,Undergraduate,Snapchat,Entertainment,8.3,244,0.8,1.3,4.7,Very High,4.0
2168,22,Female,India,Undergraduate,YouTube,Education,2.7,113,5.1,2.4,8.5,Medium,7.2
2169,18,Male,Other,High School,Snapchat,Entertainment,6.0,191,1.4,2.9,5.0,High,5.6
2170,20,Female,UK,Undergraduate,TikTok,Entertainment,3.0,118,4.3,2.4,7.3,Medium,8.1
2171,22,Male,Other,Undergraduate,Facebook,Networking,5.6,199,2.7,1.0,4.6,High,4.6
2172,21,Male,New Zealand,Undergraduate,Instagram,Entertainment,4.7,158,2.4,2.0,7.3,High,7.1
2173,19,Male,India,Undergraduate,Twitter,News,7.6,239,1.2,1.6,5.3,Very High,4.8
2174,23,Male,Finland,Graduate,Instagram,Entertainment,4.5,155,3.5,2.0,7.3,Medium,7.0
2175,18,Male,Other,High School,Snapchat,Entertainment,7.3,241,2.6,1.0,4.7,Very High,5.3
2176,21,Female,USA,Undergraduate,Snapchat,Entertainment,7.9,228,0.8,1.5,5.6,Very High,4.9
2177,21,Male,Canada,Undergraduate,Instagram,Entertainment,5.2,151,5.2,1.1,7.1,Medium,6.1
2178,21,Male,Maldives,Undergraduate,TikTok,Entertainment,5.4,169,3.3,1.9,5.9,High,5.9
2179,21,Male,Other,Undergraduate,Instagram,Entertainment,5.8,183,2.5,1.8,6.6,High,6.4
2180,19,Female,France,Undergraduate,Instagram,Entertainment,3.8,134,4.7,2.3,7.9,Medium,6.9
2181,22,Male,India,Undergraduate,WhatsApp,Entertainment,6.0,198,2.2,1.9,6.0,High,5.4
2182,24,Male,Other,Graduate,LinkedIn,Education,3.8,129,3.5,2.0,7.7,Low,8.9
2183,24,Male,USA,Graduate,Twitter,News,5.2,169,3.2,1.7,6.8,Very High,6.1
2184,24,Male,Spain,Graduate,Facebook,Networking,6.2,212,2.0,1.6,6.1,Very High,5.4
2185,23,Male,Other,Graduate,TikTok,Entertainment,3.9,146,3.0,2.6,7.7,High,7.1
2186,24,Male,Other,Graduate,Snapchat,Entertainment,6.5,215,1.5,2.0,5.0,Very High,4.5
2187,21,Male,Denmark,Undergraduate,Facebook,Networking,3.1,116,5.6,2.7,8.4,Medium,7.8
2188,24,Female,Other,Graduate,Snapchat,Entertainment,5.6,202,2.9,2.1,7.1,High,6.4
2189,19,Female,USA,Undergraduate,Instagram,Entertainment,8.8,257,1.1,0.2,3.6,Very High,5.0
2190,20,Male,Other,Undergraduate,YouTube,Education,3.6,125,2.1,2.3,8.4,Medium,8.4
2191,21,Male,Canada,Undergraduate,YouTube,Education,3.7,151,4.7,2.0,6.3,Medium,6.4
2192,23,Female,India,Graduate,TikTok,Entertainment,6.6,192,1.6,1.2,5.3,Very High,5.0
2193,24,Female,Other,Graduate,TikTok,Entertainment,2.8,106,4.7,2.3,8.2,Medium,8.2
2194,21,Male,Poland,Undergraduate,Facebook,Networking,4.1,153,5.1,2.4,8.3,High,7.2
2195,24,Female,Australia,Graduate,YouTube,Education,7.5,247,1.1,1.2,4.8,Very High,5.4
2196,24,Male,USA,Graduate,YouTube,Education,4.7,154,2.3,1.0,7.1,High,6.0
2197,20,Female,Australia,Undergraduate,Facebook,Networking,4.5,179,1.7,2.2,7.7,Medium,7.1
2198,23,Female,Other,Graduate,Snapchat,Entertainment,7.8,236,2.1,0.6,5.6,Very High,5.2
2199,18,Female,Liechtenstein,High School,Instagram,Entertainment,5.5,184,2.1,1.8,5.5,Very High,4.9
2200,20,Female,Australia,Undergraduate,Facebook,Networking,4.6,181,2.7,1.4,7.1,High,7.2
2201,20,Female,Australia,Undergraduate,Instagram,Entertainment,4.3,138,4.0,2.2,7.4,Medium,7.8
2202,21,Male,Australia,Undergraduate,Instagram,Entertainment,4.6,142,2.3,1.2,7.3,High,6.7
2203,19,Female,Spain,Undergraduate,Instagram,Entertainment,4.6,139,2.5,1.7,7.4,Medium,5.9
2204,18,Male,Australia,High School,Facebook,Networking,4.7,151,2.2,2.5,6.2,Very High,6.5
2205,19,Male,Lebanon,Undergraduate,YouTube,Education,6.1,172,1.5,1.7,5.0,Very High,4.9
2206,19,Male,USA,Undergraduate,YouTube,Education,6.0,175,2.0,0.9,5.3,Very High,5.9
2207,23,Male,Spain,Graduate,Facebook,Networking,6.6,193,0.7,1.5,5.8,Very High,5.0
2208,20,Female,Singapore,Undergraduate,TikTok,Entertainment,4.7,169,3.8,1.6,6.8,High,6.0
2209,19,Male,Other,Undergraduate,Instagram,Entertainment,3.5,128,4.0,2.7,8.0,Medium,7.4
2210,21,Male,China,Undergraduate,WeChat,News,4.8,148,3.9,2.2,8.2,Medium,7.0
2211,24,Male,Other,Graduate,Instagram,Entertainment,3.8,141,4.6,1.6,7.6,Medium,8.4
2212,24,Male,Other,Graduate,TikTok,Entertainment,6.3,193,1.9,1.3,5.8,Very High,5.5
2213,19,Female,Ireland,Undergraduate,Instagram,Entertainment,3.7,120,4.5,1.8,8.4,Low,6.8
2214,23,Male,Australia,Graduate,YouTube,Education,3.5,111,4.8,2.8,9.0,Medium,7.9
2215,21,Male,Italy,Undergraduate,TikTok,Entertainment,5.3,187,1.7,0.9,7.0,Very High,5.1
2216,18,Male,Other,High School,LinkedIn,Education,7.2,216,1.0,0.8,5.2,Very High,4.2
2217,19,Male,Sri Lanka,Undergraduate,TikTok,Entertainment,5.8,188,1.6,2.1,5.4,High,6.1
2218,20,Female,Australia,Undergraduate,Facebook,Networking,4.4,179,1.6,2.1,7.1,Medium,7.2
2219,19,Female,Switzerland,Undergraduate,Instagram,Entertainment,2.1,126,5.5,1.8,9.3,Low,8.0
2220,23,Male,Other,Graduate,Snapchat,Entertainment,5.9,179,1.3,1.3,6.0,High,4.1
2221,22,Female,Other,Undergraduate,Snapchat,Entertainment,2.4,102,5.6,2.9,8.0,Medium,8.7
2222,23,Female,Germany,Graduate,Instagram,Entertainment,8.0,253,0.9,1.0,5.6,Very High,5.1
2223,19,Female,Other,Undergraduate,Twitter,News,8.6,253,1.3,1.5,4.5,Very High,4.2
2224,21,Male,Australia,Undergraduate,YouTube,Education,7.0,211,1.7,1.5,5.6,Very High,5.0
2225,19,Male,Nepal,Undergraduate,Facebook,Networking,4.8,149,1.5,0.9,7.4,High,7.1
2226,19,Male,Other,Undergraduate,Snapchat,Entertainment,8.5,255,0.9,0.8,4.7,Very High,5.4
2227,22,Male,Germany,Undergraduate,Facebook,Networking,3.9,138,4.6,2.4,7.6,Medium,8.0
2228,21,Female,USA,Undergraduate,LinkedIn,Education,5.8,188,2.2,0.3,6.8,High,6.4
2229,24,Male,Other,Graduate,LinkedIn,Education,3.9,155,4.1,1.8,8.8,Low,7.7
2230,22,Male,Other,Undergraduate,LinkedIn,Education,8.0,243,1.0,1.0,4.3,Very High,5.5
2231,21,Male,Denmark,Undergraduate,Facebook,Networking,2.8,141,4.2,2.8,8.5,Medium,8.1
2232,19,Male,Nepal,Undergraduate,TikTok,Entertainment,3.0,142,2.9,2.9,8.2,Medium,7.5
2233,24,Female,Other,Graduate,Facebook,Networking,3.6,150,5.2,2.4,7.1,Medium,8.6
2234,19,Female,Norway,Undergraduate,Instagram,Entertainment,5.3,154,4.1,1.9,5.7,High,4.8
2235,19,Female,Other,Undergraduate,TikTok,Entertainment,4.5,146,2.9,1.5,6.4,High,7.3
2236,21,Male,India,Undergraduate,Snapchat,Entertainment,2.5,106,6.0,2.6,7.6,Medium,8.5
2237,22,Female,Other,Undergraduate,Instagram,Entertainment,3.6,126,4.3,1.7,7.8,Medium,8.3
2238,20,Female,Singapore,Undergraduate,TikTok,Entertainment,5.6,196,1.0,1.2,6.7,High,5.9
2239,21,Male,Other,Undergraduate,TikTok,Entertainment,3.1,122,2.1,2.6,8.5,Medium,6.8
2240,22,Female,Other,Undergraduate,TikTok,Entertainment,5.3,185,2.4,2.6,6.3,Medium,6.7
2241,21,Female,USA,Undergraduate,LinkedIn,Education,6.0,173,3.0,1.8,7.0,High,6.5
2242,21,Male,Other,Undergraduate,Twitter,News,7.4,229,1.1,0.6,5.4,Very High,4.2
2243,22,Male,UK,Undergraduate,Facebook,Networking,8.4,249,0.9,0.7,4.5,Very High,4.5
2244,18,Female,Other,High School,Snapchat,Entertainment,6.9,208,0.8,2.0,5.0,Very High,4.4
2245,21,Male,India,Undergraduate,Snapchat,Entertainment,6.4,212,0.9,1.5,5.1,Very High,6.1
2246,21,Male,Other,Undergraduate,YouTube,Education,6.3,207,1.1,0.1,5.5,High,4.4
2247,22,Male,India,Undergraduate,Facebook,Networking,7.2,211,1.2,0.7,5.7,Very High,4.3
2248,20,Female,Switzerland,Undergraduate,Instagram,Entertainment,3.1,126,4.2,2.9,8.8,Low,7.8
2249,20,Male,Other,Undergraduate,Facebook,Networking,3.6,146,5.7,2.8,8.2,Low,8.8
2250,22,Male,Other,Undergraduate,YouTube,Education,5.9,203,3.1,1.3,7.1,High,6.3
2251,21,Male,UK,Undergraduate,Facebook,Networking,5.6,211,2.4,1.1,6.5,High,5.1
2252,22,Male,Other,Undergraduate,LinkedIn,Education,8.1,226,1.2,1.1,4.9,Very High,4.2
2253,19,Female,Other,Undergraduate,TikTok,Entertainment,4.7,146,3.0,1.5,6.5,High,6.9
2254,23,Male,Other,Graduate,TikTok,Entertainment,3.6,129,3.7,2.3,8.8,Medium,7.5
2255,23,Male,Other,Graduate,Snapchat,Entertainment,6.1,218,1.2,1.7,5.1,Very High,5.3
2256,22,Male,Pakistan,Undergraduate,Instagram,Entertainment,4.2,139,3.5,1.1,8.0,Medium,5.2
2257,19,Male,Other,Undergraduate,LinkedIn,Education,2.0,111,6.2,2.3,8.5,Low,7.7
2258,20,Female,Other,Undergraduate,LinkedIn,Education,7.0,232,2.3,1.4,6.2,Very High,4.1
2259,20,Female,Other,Undergraduate,Snapchat,Entertainment,3.9,160,2.4,1.8,6.3,High,6.5
2260,19,Male,USA,Undergraduate,LinkedIn,Education,5.9,171,1.2,2.4,5.2,High,4.9
2261,24,Male,Other,Graduate,Snapchat,Entertainment,1.5,68,5.9,3.1,8.7,Low,7.1
2262,22,Male,China,Undergraduate,WeChat,News,4.6,148,4.3,1.9,8.4,Medium,6.8
2263,20,Female,Other,Undergraduate,Instagram,Entertainment,1.9,111,6.5,3.0,7.6,Low,8.0
2264,19,Male,Japan,Undergraduate,Twitter,News,4.4,153,2.1,1.3,7.2,High,7.4
2265,22,Male,Other,Undergraduate,YouTube,Education,3.8,141,4.7,1.4,7.5,Medium,9.1
2266,21,Male,Turkey,Undergraduate,Instagram,Entertainment,5.0,168,3.7,2.8,6.8,High,5.8
2267,22,Female,USA,Undergraduate,LinkedIn,Education,4.0,143,3.4,2.5,6.5,High,6.6
2268,20,Female,UAE,Undergraduate,Instagram,Entertainment,6.8,221,0.9,1.2,6.4,Very High,4.9
2269,20,Female,UK,Undergraduate,YouTube,Education,5.2,165,3.7,3.0,7.2,High,6.6
2270,19,Female,USA,Undergraduate,Instagram,Entertainment,7.1,235,0.9,1.0,5.5,Very High,4.7
2271,21,Female,Other,Undergraduate,Twitter,News,1.8,100,5.8,2.8,7.8,Medium,8.0
2272,24,Female,Other,Graduate,Instagram,Entertainment,7.7,237,1.6,0.5,5.0,Very High,5.0
2273,22,Male,Other,Undergraduate,Instagram,Entertainment,5.6,199,2.7,2.4,6.0,High,5.3
2274,19,Female,Germany,Undergraduate,Instagram,Entertainment,2.5,91,5.6,1.9,8.1,Low,7.0
2275,22,Female,Other,Undergraduate,Snapchat,Entertainment,2.0,94,6.3,3.4,8.3,Low,8.3
2276,22,Male,Nepal,Undergraduate,Facebook,Networking,4.0,137,2.9,1.7,7.7,Medium,6.8
2277,20,Male,Other,Undergraduate,Facebook,Networking,6.8,222,2.6,-0.1,4.7,Very High,4.6
2278,21,Female,Other,Undergraduate,Instagram,Entertainment,1.7,103,5.4,2.8,8.8,Low,7.3
2279,22,Male,Other,Undergraduate,Instagram,Entertainment,5.9,184,0.7,1.3,5.7,Very High,5.6
2280,20,Female,Sri Lanka,Undergraduate,Facebook,Networking,3.9,159,2.1,2.3,8.9,Medium,6.8
2281,18,Male,India,High School,Snapchat,Entertainment,5.5,161,2.5,2.5,6.4,High,6.8
2282,24,Male,USA,Graduate,TikTok,Entertainment,4.3,149,4.2,1.6,6.4,Medium,6.4
2283,20,Female,Kosovo,Undergraduate,Instagram,Entertainment,5.2,173,2.9,2.7,5.5,High,5.0
2284,19,Male,Other,Undergraduate,TikTok,Entertainment,6.5,222,1.1,1.1,5.0,Very High,4.2
2285,21,Male,Mexico,Undergraduate,WhatsApp,Entertainment,6.4,196,1.8,1.0,5.6,Very High,5.5
2286,22,Male,Germany,Undergraduate,Instagram,Entertainment,3.7,125,4.4,1.7,7.7,Medium,8.4
2287,22,Male,Russia,Undergraduate,VKontakte,Networking,4.3,137,6.4,1.4,7.6,High,6.9
2288,19,Female,Singapore,Undergraduate,TikTok,Entertainment,5.5,182,3.8,1.1,6.5,Very High,6.0
2289,18,Male,Other,High School,Twitter,News,7.0,220,0.9,1.0,6.0,Very High,4.6
2290,19,Male,Hong Kong,Undergraduate,Instagram,Entertainment,4.5,143,3.6,0.9,5.7,High,6.0
2291,21,Male,Italy,Undergraduate,TikTok,Entertainment,5.3,160,3.9,2.1,7.0,High,4.7
2292,24,Male,India,Graduate,LinkedIn,Education,8.2,248,0.5,0.7,4.8,Very High,5.1
2293,21,Male,Other,Undergraduate,TikTok,Entertainment,2.6,119,4.9,1.8,7.4,High,9.1
2294,24,Male,India,Graduate,LinkedIn,Education,7.9,248,1.1,1.0,5.2,Very High,5.0
2295,23,Female,Other,Graduate,YouTube,Education,7.6,220,0.7,0.7,5.5,Very High,4.1
2296,22,Male,Other,Undergraduate,Snapchat,Entertainment,7.0,226,1.0,1.5,4.7,Very High,4.9
2297,19,Female,USA,Undergraduate,Instagram,Entertainment,7.4,236,1.2,0.6,4.6,Very High,4.6
2298,23,Female,India,Graduate,Instagram,Entertainment,6.2,206,2.8,1.6,4.7,Very High,5.1
2299,21,Male,UK,Undergraduate,Facebook,Networking,4.4,160,4.5,2.2,7.0,Medium,5.7
2300,21,Male,Canada,Undergraduate,Instagram,Entertainment,5.0,185,2.3,1.3,7.1,High,6.5
2301,24,Female,Other,Graduate,Instagram,Entertainment,7.7,237,1.5,0.3,5.0,Very High,4.5
2302,18,Male,Belgium,High School,TikTok,Entertainment,5.3,182,1.8,2.0,5.8,Very High,4.9
2303,24,Male,Other,Graduate,Snapchat,Entertainment,5.9,204,1.0,2.2,4.7,High,4.9
2304,22,Female,Other,Undergraduate,YouTube,Education,2.3,111,4.9,1.8,9.0,Low,9.1
2305,20,Female,Nepal,Undergraduate,TikTok,Entertainment,6.5,188,1.8,1.5,4.3,Very High,5.8
2306,23,Female,Other,Graduate,Snapchat,Entertainment,2.1,118,5.5,2.9,7.6,Medium,7.7
2307,21,Male,Turkey,Undergraduate,Instagram,Entertainment,5.6,172,3.1,1.2,6.7,High,6.2
2308,19,Male,Hong Kong,Undergraduate,Instagram,Entertainment,4.7,143,3.7,1.4,5.6,High,5.8
2309,19,Female,Bangladesh,Undergraduate,Instagram,Entertainment,5.6,168,3.5,0.9,6.1,High,5.3
2310,22,Female,Australia,Undergraduate,YouTube,Education,3.0,134,4.5,1.5,8.5,Medium,7.8
2311,22,Female,Other,Undergraduate,Twitter,News,7.3,236,2.0,0.9,5.8,Very High,5.1
2312,21,Male,Italy,Undergraduate,Instagram,Entertainment,5.4,177,4.1,2.5,7.3,Medium,4.8
2313,18,Male,India,High School,Instagram,Entertainment,7.0,195,0.7,1.4,4.1,Very High,3.8
2314,20,Male,Finland,Undergraduate,Facebook,Networking,4.6,143,3.8,1.8,7.7,High,7.3
2315,22,Male,China,Undergraduate,WeChat,Entertainment,5.5,177,1.8,1.3,6.5,High,6.3
2316,21,Male,Turkey,Undergraduate,Instagram,Entertainment,5.3,168,2.7,2.0,7.0,Very High,6.1
2317,18,Male,Other,High School,Snapchat,Entertainment,5.6,172,2.0,1.3,6.5,High,5.9
2318,22,Male,Other,Undergraduate,Snapchat,Entertainment,2.1,102,5.1,3.0,7.8,Low,7.8
2319,23,Male,Other,Graduate,TikTok,Entertainment,5.3,188,3.0,1.8,6.9,High,6.7
2320,21,Male,Italy,Undergraduate,TikTok,Entertainment,5.2,188,1.9,1.6,6.9,High,4.8
2321,24,Male,Japan,Graduate,Twitter,News,4.3,141,2.7,2.2,7.5,Medium,8.1
2322,22,Male,Other,Undergraduate,Snapchat,Entertainment,4.8,175,4.1,1.9,6.4,High,6.7
2323,22,Male,Other,Undergraduate,LinkedIn,Education,5.8,168,3.1,1.4,7.3,High,6.4
2324,22,Female,Other,Undergraduate,Instagram,Entertainment,6.7,201,1.2,1.1,6.0,Very High,4.1
2325,21,Female,Other,Undergraduate,LinkedIn,Education,3.4,158,4.1,2.1,7.5,Medium,7.1
2326,21,Female,Germany,Undergraduate,Facebook,Networking,4.6,142,3.9,1.6,6.6,High,6.2
2327,18,Male,Other,High School,LinkedIn,Education,3.7,135,3.7,1.2,6.6,Medium,6.3
2328,21,Male,New Zealand,Undergraduate,Instagram,Entertainment,4.7,172,3.1,1.8,7.5,Medium,6.9
2329,19,Female,France,Undergraduate,Instagram,Entertainment,4.6,156,5.6,0.9,7.9,Medium,7.0
2330,20,Female,Brazil,Undergraduate,TikTok,Entertainment,5.9,198,2.0,1.8,6.9,High,5.5
2331,19,Male,Other,Undergraduate,YouTube,Education,4.9,173,3.7,1.2,7.0,High,6.8
2332,24,Male,Other,Graduate,YouTube,Education,4.7,170,2.4,0.6,6.6,High,6.3
2333,21,Male,Canada,Undergraduate,Instagram,Entertainment,4.5,155,3.5,2.2,8.0,Medium,5.7
2334,23,Female,Other,Graduate,TikTok,Entertainment,6.8,229,1.2,0.7,6.1,Very High,4.4
2335,18,Male,Other,High School,TikTok,Entertainment,7.9,250,1.3,1.2,5.6,Very High,4.6
2336,24,Male,USA,Graduate,Twitter,News,5.3,169,3.1,1.8,6.8,Very High,6.3
2337,22,Male,Bulgaria,Undergraduate,LinkedIn,Education,3.1,126,5.0,1.8,7.4,Low,8.1
2338,19,Male,Other,Undergraduate,YouTube,Education,4.5,158,3.8,1.9,6.5,High,6.7
2339,18,Male,UK,High School,LinkedIn,Education,7.1,245,1.0,1.3,5.6,Very High,3.7
2340,19,Male,Other,Undergraduate,TikTok,Entertainment,5.2,174,3.5,1.7,7.0,High,5.9
2341,22,Female,Other,Undergraduate,YouTube,Education,6.0,202,1.5,2.9,5.6,Very High,4.7
2342,22,Male,USA,Undergraduate,YouTube,Education,8.4,232,0.9,0.7,5.1,Very High,4.8
2343,22,Male,Sri Lanka,Undergraduate,Facebook,Networking,5.2,192,4.4,2.3,5.3,High,6.0
2344,22,Female,Other,Undergraduate,LinkedIn,Education,6.0,188,2.3,1.4,6.8,High,6.3
2345,18,Female,Other,High School,Twitter,News,7.9,257,1.1,0.8,5.3,Very High,5.7
2346,18,Female,Mexico,High School,Instagram,Entertainment,6.5,203,2.7,1.3,5.8,Very High,4.7
2347,23,Female,Other,Graduate,TikTok,Entertainment,3.2,124,5.6,2.8,8.4,Low,7.5
2348,18,Male,Other,High School,LinkedIn,Education,7.2,216,0.8,1.1,5.1,Very High,3.7
2349,21,Male,Egypt,Undergraduate,YouTube,Education,4.0,150,4.4,1.7,6.3,Medium,6.7
2350,20,Male,Other,Undergraduate,TikTok,Entertainment,7.0,209,2.5,2.2,5.3,Very High,5.1
2351,22,Male,Canada,Undergraduate,TikTok,Entertainment,4.5,157,4.4,1.5,7.7,Medium,7.2
2352,22,Male,USA,Undergraduate,Facebook,Networking,7.6,224,1.3,0.6,5.7,Very High,4.3
2353,24,Female,Other,Graduate,LinkedIn,Education,4.0,140,4.5,3.0,8.4,Low,7.5
2354,24,Female,Other,Graduate,Snapchat,Entertainment,6.8,193,2.4,1.3,5.0,Very High,4.5
2355,23,Female,Other,Graduate,Facebook,Networking,7.3,214,1.1,0.9,5.9,Very High,4.3
2356,22,Female,Germany,Undergraduate,Snapchat,Entertainment,6.5,194,1.4,1.2,5.0,Very High,5.2
2357,22,Female,India,Undergraduate,YouTube,Education,7.3,247,0.8,0.6,5.3,Very High,4.7
2358,19,Female,Sri Lanka,Undergraduate,Facebook,Networking,4.6,170,4.4,1.1,7.4,Medium,6.9
2359,19,Male,Sri Lanka,Undergraduate,TikTok,Entertainment,4.9,182,2.4,1.0,5.3,High,6.1
2360,18,Female,Other,High School,LinkedIn,Education,5.6,204,1.8,1.2,5.8,High,5.1
2361,18,Male,Other,High School,Snapchat,Entertainment,6.0,212,2.4,2.0,4.9,Very High,5.8
2362,19,Male,Other,Undergraduate,TikTok,Entertainment,7.6,216,1.0,0.9,4.6,Very High,4.1
2363,24,Female,Other,Graduate,Facebook,Networking,3.5,153,3.3,2.5,6.9,Medium,7.1
2364,19,Female,Other,Undergraduate,YouTube,Education,3.0,114,4.4,2.7,8.8,Low,7.5
2365,23,Male,Germany,Graduate,LinkedIn,Education,1.6,78,6.4,2.2,8.0,Low,8.8
2366,23,Female,Finland,Graduate,Instagram,Entertainment,4.6,159,4.4,1.6,7.3,Medium,7.1
2367,21,Male,Canada,Undergraduate,Instagram,Entertainment,5.0,156,3.6,2.3,7.5,High,6.1
2368,21,Male,India,Undergraduate,Snapchat,Entertainment,2.3,107,5.3,2.6,7.4,Low,7.9
2369,20,Female,South Korea,Undergraduate,KakaoTalk,Networking,5.0,174,0.7,2.1,6.3,High,5.7
2370,21,Male,UK,Undergraduate,LinkedIn,Education,6.9,251,0.9,1.7,5.8,Very High,4.2
2371,21,Male,Other,Undergraduate,Snapchat,Entertainment,4.0,162,4.1,2.4,6.9,High,6.8
2372,18,Female,USA,High School,TikTok,Entertainment,7.0,230,1.2,2.2,5.2,Very High,5.3
2373,21,Male,Other,Undergraduate,Instagram,Entertainment,7.9,249,0.9,1.1,5.8,Very High,5.1
2374,22,Male,Mexico,Undergraduate,WhatsApp,Networking,6.4,219,1.8,1.5,5.6,Very High,6.0
2375,21,Male,Canada,Undergraduate,Instagram,Entertainment,4.5,168,3.5,2.3,7.9,High,5.9
2376,19,Female,Maldives,Undergraduate,Instagram,Entertainment,4.8,176,2.8,1.7,5.7,High,5.8
2377,21,Male,Other,Undergraduate,Snapchat,Entertainment,3.5,122,4.2,1.8,7.1,Medium,6.3
2378,20,Female,Spain,Undergraduate,TikTok,Entertainment,3.2,117,4.1,1.1,8.5,High,6.2
2379,20,Male,Denmark,Undergraduate,Twitter,News,4.3,169,3.4,1.5,7.4,Low,7.2
2380,19,Female,UK,Undergraduate,Snapchat,Entertainment,8.6,244,0.9,1.0,4.8,Very High,4.6
2381,19,Male,Other,Undergraduate,Twitter,News,3.8,135,3.9,2.7,6.8,Medium,6.9
2382,22,Male,India,Undergraduate,WhatsApp,News,6.7,205,0.8,1.5,5.5,Very High,5.6
2383,20,Female,Mexico,Undergraduate,Facebook,Networking,6.2,197,1.0,2.6,6.6,Very High,5.1
2384,19,Male,Uzbekistan,Undergraduate,TikTok,Entertainment,5.6,196,1.7,1.7,5.4,Very High,4.9
2385,23,Male,Other,Graduate,TikTok,Entertainment,6.7,209,1.1,1.8,5.5,High,4.7
2386,22,Male,Other,Undergraduate,Snapchat,Entertainment,5.4,190,2.7,1.5,6.5,Very High,6.6
2387,19,Female,Spain,Undergraduate,Instagram,Entertainment,3.7,145,4.0,1.4,8.0,High,6.0
2388,23,Male,Other,Graduate,Facebook,Networking,3.5,131,5.3,2.0,6.5,Medium,6.3
2389,21,Male,India,Undergraduate,Facebook,Networking,4.9,181,4.0,1.7,7.9,Medium,7.0
2390,23,Male,Australia,Graduate,Snapchat,Entertainment,8.1,228,1.2,1.1,6.1,Very High,3.9
2391,20,Female,Singapore,Undergraduate,TikTok,Entertainment,5.4,193,2.8,1.2,6.3,High,5.8
2392,22,Male,Australia,Undergraduate,Twitter,News,6.9,239,0.9,1.5,5.2,Very High,4.5
2393,21,Male,Germany,Undergraduate,Instagram,Entertainment,2.1,104,6.4,2.9,8.6,Low,8.0
2394,23,Female,Other,Graduate,Twitter,News,6.8,223,1.1,2.1,5.7,High,4.8
2395,20,Male,UK,Undergraduate,LinkedIn,Education,4.6,167,3.9,3.1,6.0,Medium,6.0
2396,19,Male,Andorra,Undergraduate,TikTok,Entertainment,5.3,175,3.4,1.4,5.6,Very High,5.1
2397,22,Female,Australia,Undergraduate,Facebook,Networking,8.1,240,1.2,1.2,5.1,Very High,4.8
2398,20,Female,Bhutan,Undergraduate,Snapchat,Entertainment,5.5,186,1.9,2.3,5.2,High,4.7
2399,21,Female,India,Undergraduate,LinkedIn,Education,4.5,136,4.4,1.3,6.6,High,6.6
2400,19,Female,Other,Undergraduate,TikTok,Entertainment,6.4,213,2.3,2.5,5.0,Very High,4.9
2401,18,Female,Czech Republic,High School,Snapchat,Entertainment,5.9,195,3.2,1.6,5.2,Very High,3.8
2402,18,Female,UK,High School,Facebook,Networking,6.6,225,1.2,1.0,5.5,Very High,4.6
2403,21,Male,Malaysia,Undergraduate,WhatsApp,Education,5.6,173,1.8,1.0,6.6,High,5.8
2404,19,Female,Japan,Undergraduate,LINE,Entertainment,3.3,134,4.2,2.2,8.5,Low,8.2
2406,20,Female,France,Undergraduate,Instagram,Entertainment,4.4,162,3.6,2.2,7.6,Medium,7.1
2407,19,Female,Costa Rica,Undergraduate,Instagram,Entertainment,5.4,180,3.3,1.1,5.5,Very High,4.8
2408,20,Female,Ghana,Undergraduate,Snapchat,Entertainment,4.8,177,2.2,2.3,5.7,High,6.0
2409,20,Female,UK,Undergraduate,TikTok,Entertainment,7.1,207,1.0,0.9,6.1,Very High,4.1
2410,23,Female,Other,Graduate,LinkedIn,Education,1.0,73,6.7,2.3,8.8,Low,7.6
2411,21,Male,Other,Undergraduate,Twitter,News,5.2,191,3.1,1.6,7.5,High,6.7
2412,21,Male,Other,Undergraduate,TikTok,Entertainment,5.1,187,2.1,1.8,6.4,High,6.6
2413,19,Female,Pakistan,Undergraduate,TikTok,Entertainment,4.9,154,3.0,1.4,6.1,High,6.0
2414,22,Male,UK,Undergraduate,Twitter,News,6.3,208,1.5,1.7,5.9,Very High,4.9
2415,24,Female,Other,Graduate,Instagram,Entertainment,2.1,103,7.3,2.8,8.1,Low,8.5
2416,21,Male,Other,Undergraduate,Instagram,Entertainment,6.0,208,2.3,1.1,4.6,Very High,6.0
2417,24,Male,Other,Graduate,LinkedIn,Education,3.9,155,3.5,1.8,8.1,Low,8.3
2418,24,Female,Other,Graduate,Snapchat,Entertainment,6.6,193,1.9,1.4,4.7,Very High,3.9
2419,23,Male,Other,Graduate,Facebook,Networking,1.8,105,4.9,2.6,7.7,Low,7.7
2420,22,Male,Other,Undergraduate,Snapchat,Entertainment,2.2,102,5.2,3.3,8.2,Low,7.5
2421,23,Male,Other,Graduate,Snapchat,Entertainment,6.1,218,1.3,2.0,5.2,Very High,4.9
2422,21,Male,Mexico,Undergraduate,WhatsApp,Networking,6.7,219,1.0,1.3,5.6,Very High,6.0
2423,23,Male,India,Graduate,Twitter,News,8.3,248,1.1,0.8,5.5,Very High,5.6
2424,21,Male,UK,Undergraduate,Instagram,Entertainment,3.4,133,5.7,2.4,8.6,Medium,8.5
2425,19,Female,Nepal,Undergraduate,TikTok,Entertainment,5.7,179,1.4,2.5,5.9,High,5.9
2426,20,Female,Australia,Undergraduate,Facebook,Networking,4.2,151,2.5,1.6,7.6,Medium,7.0
2427,21,Male,Other,Undergraduate,LinkedIn,Education,8.1,260,1.2,1.6,5.5,Very High,5.6
2428,19,Male,Other,Undergraduate,TikTok,Entertainment,7.4,216,0.9,0.8,4.9,Very High,4.0
2429,20,Female,Sri Lanka,Undergraduate,Facebook,Networking,4.7,181,3.4,1.7,7.6,High,7.0
2430,22,Male,Israel,Undergraduate,Facebook,Networking,3.1,118,6.0,2.0,6.5,Medium,6.9
2431,23,Female,Turkey,Graduate,Instagram,Entertainment,6.7,198,2.2,2.1,6.0,Very High,4.7
2432,22,Male,Denmark,Undergraduate,Facebook,Networking,2.5,110,4.7,2.7,9.6,Low,8.0
2433,19,Female,Switzerland,Undergraduate,Instagram,Entertainment,2.8,118,4.1,2.5,8.8,Low,7.8
2434,20,Male,Other,Undergraduate,Facebook,Networking,3.2,146,6.1,2.8,8.7,Low,8.8
2435,21,Female,Switzerland,Undergraduate,Instagram,Entertainment,4.0,131,4.5,2.5,7.2,Medium,7.0
2436,20,Female,France,Undergraduate,Instagram,Entertainment,4.4,142,4.2,2.1,7.8,Medium,6.9
2437,22,Male,New Zealand,Undergraduate,Instagram,Entertainment,4.1,162,4.5,1.0,8.0,Low,7.3
2438,18,Male,Other,High School,TikTok,Entertainment,2.0,121,6.3,2.1,8.2,Low,7.1
2439,18,Female,Other,High School,Facebook,Networking,6.4,220,0.8,2.4,4.6,Very High,4.8
2440,24,Male,India,Graduate,Instagram,Entertainment,3.1,120,5.5,2.5,8.5,Medium,8.1
2441,22,Male,Other,Undergraduate,LinkedIn,Education,6.6,201,1.0,2.5,5.0,Very High,4.9
2442,23,Female,Germany,Graduate,Snapchat,Entertainment,6.2,193,1.9,2.1,5.3,High,5.8
2443,24,Male,Other,Graduate,Snapchat,Entertainment,6.0,215,1.2,2.0,5.6,Very High,4.4
2444,21,Female,Italy,Undergraduate,TikTok,Entertainment,4.5,155,3.3,1.8,7.1,High,7.0
2445,19,Female,Romania,Undergraduate,Instagram,Entertainment,5.6,194,2.6,2.0,5.6,High,5.0
2446,23,Male,USA,Graduate,Instagram,Entertainment,5.4,172,3.1,0.8,5.8,High,4.0
2447,19,Male,Andorra,Undergraduate,TikTok,Entertainment,5.4,187,3.5,1.4,5.7,High,4.8
2448,20,Female,Other,Undergraduate,Instagram,Entertainment,6.8,212,1.2,2.0,4.2,Very High,5.8
2449,21,Female,Germany,Undergraduate,Snapchat,Entertainment,7.8,235,1.7,1.4,5.1,Very High,5.3
2450,21,Female,Monaco,Undergraduate,Instagram,Entertainment,4.8,154,4.2,2.8,5.7,High,5.8
2451,19,Female,Other,Undergraduate,Twitter,News,5.2,191,3.6,1.5,5.2,Very High,5.2
2452,21,Male,Other,Undergraduate,TikTok,Entertainment,5.2,187,1.8,1.7,6.4,High,7.1
2453,19,Female,Pakistan,Undergraduate,TikTok,Entertainment,4.7,154,2.5,1.2,5.5,High,6.1
2454,20,Male,Other,Undergraduate,LinkedIn,Education,2.9,104,4.0,1.9,9.1,Low,8.7
2455,24,Male,Other,Graduate,Twitter,News,3.8,140,3.9,2.0,6.2,Medium,5.9
2456,22,Male,Mexico,Undergraduate,WhatsApp,Entertainment,6.8,217,1.0,0.9,5.4,Very High,6.3
2457,23,Male,Other,Graduate,Snapchat,Entertainment,6.2,218,1.1,2.0,5.1,Very High,4.8
2458,21,Male,Vietnam,Undergraduate,Facebook,Networking,3.7,116,4.5,1.3,7.0,Medium,7.0
2459,24,Female,Germany,Graduate,TikTok,Entertainment,3.6,113,4.3,1.0,7.9,Low,7.5
2460,21,Male,India,Undergraduate,Facebook,Networking,7.5,221,1.2,1.3,5.6,Very High,3.9
2461,18,Female,Other,High School,YouTube,Education,5.8,208,2.1,1.3,5.6,Very High,4.3
2462,24,Male,Other,Graduate,Facebook,Networking,4.2,155,4.0,2.0,6.1,Medium,5.5
2464,21,Male,Canada,Undergraduate,Instagram,Entertainment,4.7,151,5.6,1.2,7.5,Medium,6.3
2465,19,Female,Japan,Undergraduate,LINE,Entertainment,3.4,123,5.1,2.4,8.2,Medium,8.3
2466,22,Male,Other,Undergraduate,Snapchat,Entertainment,6.6,191,1.2,2.1,4.9,Very High,4.8
2467,20,Female,South Korea,Undergraduate,KakaoTalk,Entertainment,5.0,169,1.8,1.7,7.0,High,6.1
2468,22,Male,Russia,Undergraduate,VKontakte,News,4.2,144,4.0,2.2,8.1,Medium,7.1
2469,22,Male,Bangladesh,Undergraduate,Facebook,Networking,4.2,147,2.8,2.1,7.4,Medium,4.8
2470,22,Male,Bangladesh,Undergraduate,Facebook,Networking,4.9,190,3.8,1.3,6.5,High,4.8
2471,19,Female,Mexico,Undergraduate,TikTok,Entertainment,6.0,203,1.7,2.1,5.8,High,4.9
2472,19,Male,Sri Lanka,Undergraduate,TikTok,Entertainment,5.2,182,2.5,1.1,5.1,High,5.8
2473,20,Female,Canada,Undergraduate,Facebook,Networking,4.2,154,4.4,2.1,6.3,High,6.1
2474,23,Female,Other,Graduate,Instagram,Entertainment,5.2,174,1.4,1.2,6.6,High,6.1
2475,18,Female,Other,High School,Facebook,Networking,6.6,220,0.8,2.4,4.9,Very High,5.0
2476,24,Male,Italy,Graduate,Facebook,Networking,4.7,148,3.7,1.6,7.4,Medium,6.9
2477,20,Female,Denmark,Undergraduate,Instagram,Entertainment,4.4,170,4.5,2.2,7.2,High,6.9
2478,20,Female,Other,Undergraduate,LinkedIn,Education,3.4,133,5.6,2.4,7.6,Low,7.9
2479,22,Female,Other,Undergraduate,YouTube,Education,2.2,84,6.0,2.1,8.7,Low,9.0
2480,21,Male,Poland,Undergraduate,Facebook,Networking,3.9,153,5.3,2.1,8.0,High,6.9
2481,19,Female,Japan,Undergraduate,LINE,Entertainment,3.6,123,5.0,2.2,8.1,Medium,7.7
2482,20,Female,Brazil,Undergraduate,TikTok,Entertainment,5.7,186,2.4,1.5,7.0,High,5.8
2483,22,Female,India,Undergraduate,Instagram,Entertainment,8.2,273,1.0,0.6,5.9,Very High,5.5
2484,23,Male,Other,Graduate,LinkedIn,Education,7.8,250,1.2,0.3,5.2,Very High,6.0
2485,19,Female,Other,Undergraduate,YouTube,Education,8.1,250,0.9,1.7,6.0,Very High,5.0
2486,22,Male,Other,Undergraduate,Facebook,Networking,5.4,182,3.1,2.5,6.7,Medium,6.5
2487,20,Female,Australia,Undergraduate,Facebook,Networking,4.6,150,5.1,2.1,7.5,Medium,7.0
2488,19,Male,India,Undergraduate,YouTube,Education,6.2,172,2.1,1.4,5.7,High,6.7
2489,19,Female,Other,Undergraduate,YouTube,Education,7.0,230,1.0,1.7,6.0,Very High,5.0
2490,20,Female,Other,Undergraduate,Twitter,News,6.6,227,1.3,1.2,5.1,High,5.5
2491,19,Female,Japan,Undergraduate,LINE,Networking,2.4,93,5.5,2.1,8.9,Low,8.0
2492,20,Female,France,Undergraduate,Instagram,Entertainment,3.8,122,4.1,2.6,9.1,Low,7.2
2493,20,Male,Other,Undergraduate,LinkedIn,Education,1.9,89,5.1,2.5,7.5,Low,7.6
2494,19,Female,India,Undergraduate,WhatsApp,News,6.8,230,1.9,1.5,6.1,Very High,5.0
2495,21,Male,Italy,Undergraduate,Instagram,Entertainment,5.2,186,2.2,0.8,7.4,High,5.0
2496,22,Male,Russia,Undergraduate,VKontakte,Entertainment,4.7,154,2.2,1.7,7.5,High,6.8
2497,22,Male,Germany,Undergraduate,Facebook,Networking,3.5,129,4.3,2.1,7.9,Medium,7.8
2498,19,Female,Switzerland,Undergraduate,Instagram,Entertainment,2.2,121,4.4,2.7,9.6,Low,7.8
2499,24,Male,USA,Graduate,Facebook,Networking,5.0,155,3.7,1.4,7.3,High,6.2
2500,19,Male,Nepal,Undergraduate,TikTok,Entertainment,3.8,162,4.6,1.3,7.9,Medium,6.9
2501,22,Male,Russia,Undergraduate,VKontakte,Networking,4.4,167,4.5,2.7,7.5,High,7.1
2502,21,Male,USA,Undergraduate,Snapchat,Entertainment,4.0,126,5.3,2.8,7.1,Low,7.4
2503,18,Male,Other,High School,LinkedIn,Education,7.1,219,1.0,1.4,5.8,Very High,4.8
2504,21,Male,Poland,Undergraduate,Facebook,Networking,4.0,145,5.0,2.0,8.5,Medium,7.1
2505,24,Female,Other,Graduate,Twitter,News,3.1,115,5.1,1.7,8.0,Medium,8.1
2506,20,Male,Other,Undergraduate,LinkedIn,Education,8.1,257,1.0,0.8,5.6,Very High,5.7
2507,22,Male,India,Undergraduate,Snapchat,Entertainment,6.2,198,2.9,2.2,4.5,Very High,5.6
2508,20,Male,USA,Undergraduate,LinkedIn,Education,2.6,92,5.3,1.9,7.7,Low,8.9
2509,23,Female,Other,Graduate,YouTube,Education,4.6,171,3.3,2.2,7.2,High,5.8
2510,20,Male,Germany,Undergraduate,YouTube,Education,4.3,173,4.1,1.7,6.1,High,6.7
2511,22,Male,Turkey,Undergraduate,TikTok,Entertainment,4.1,151,2.8,2.5,7.8,Medium,6.1
2512,24,Female,Other,Graduate,Instagram,Entertainment,2.1,103,7.2,3.6,8.1,Low,8.7
2513,21,Male,Maldives,Undergraduate,TikTok,Entertainment,4.6,150,3.0,2.2,4.2,High,6.2
2514,19,Male,USA,Undergraduate,Twitter,News,4.8,181,3.6,1.7,7.7,High,6.6
2515,19,Female,Japan,Undergraduate,LINE,Entertainment,3.8,147,4.6,2.7,8.1,Medium,8.2
2516,22,Male,Germany,Undergraduate,Instagram,Entertainment,4.1,158,3.3,2.0,7.8,Medium,8.1
2517,20,Female,Paraguay,Undergraduate,TikTok,Entertainment,4.5,181,3.5,1.8,6.0,High,5.9
2518,21,Male,Turkey,Undergraduate,Instagram,Entertainment,5.5,168,2.8,2.2,7.0,Very High,5.8
2519,22,Female,USA,Undergraduate,YouTube,Education,6.7,226,1.6,1.0,5.2,Very High,5.0
2520,20,Female,France,Undergraduate,Instagram,Entertainment,2.6,104,5.3,2.4,9.4,Low,7.0
2521,19,Female,Other,Undergraduate,YouTube,Education,2.8,105,6.8,1.5,7.3,Medium,8.7
2522,20,Female,India,Undergraduate,Instagram,Entertainment,4.4,145,3.8,0.9,4.9,High,6.0
2523,20,Female,UK,Undergraduate,TikTok,Entertainment,7.0,207,1.2,1.2,5.9,Very High,4.0
2524,22,Male,Mexico,Undergraduate,WhatsApp,Entertainment,6.6,217,1.1,0.6,6.2,Very High,6.4
2525,21,Female,India,Undergraduate,Instagram,Entertainment,5.8,197,3.1,1.6,5.7,High,6.0
2526,24,Male,USA,Graduate,Facebook,Networking,5.1,155,3.9,1.4,7.3,High,6.4
2527,19,Female,Other,Undergraduate,TikTok,Entertainment,7.8,260,1.1,1.7,5.4,Very High,5.6
2528,21,Male,Italy,Undergraduate,TikTok,Entertainment,4.5,160,3.8,2.1,6.8,High,5.4
2529,18,Male,Other,High School,YouTube,Education,5.9,189,2.3,1.8,5.8,High,4.2
2530,19,Female,France,Undergraduate,Instagram,Entertainment,3.2,121,4.5,1.6,8.3,Medium,6.8
2531,23,Male,India,Graduate,Snapchat,Entertainment,5.7,191,1.0,1.2,6.3,High,5.3
2532,20,Female,Australia,Undergraduate,Facebook,Networking,4.0,151,2.7,1.7,8.0,Medium,7.2
2533,22,Male,Russia,Undergraduate,VKontakte,News,4.2,154,2.9,1.2,7.0,Very High,6.7
2534,24,Male,Other,Graduate,TikTok,Entertainment,3.4,110,4.6,2.3,7.7,Medium,7.8
2535,19,Male,Other,Undergraduate,Snapchat,Entertainment,2.6,97,6.8,2.7,7.9,Low,9.2
2536,20,Male,India,Undergraduate,Instagram,Entertainment,7.5,242,0.8,0.4,5.4,Very High,4.3
2537,22,Female,India,Undergraduate,Instagram,Entertainment,5.7,208,1.6,2.2,6.4,Very High,6.3
2538,19,Female,Japan,Undergraduate,LINE,Education,3.3,124,4.7,2.3,8.4,Low,8.0
2539,23,Male,India,Graduate,Snapchat,Entertainment,5.8,191,0.5,1.4,6.2,High,5.0
2540,22,Female,Other,Undergraduate,LinkedIn,Education,3.7,137,5.0,1.9,6.2,High,7.0
2541,23,Male,Other,Graduate,TikTok,Entertainment,5.4,174,1.3,2.2,7.3,Medium,6.9
2542,21,Male,UK,Undergraduate,Facebook,Networking,4.8,168,3.1,2.2,6.2,Medium,6.2
2543,19,Female,Japan,Undergraduate,LINE,Networking,3.8,150,3.7,1.5,7.9,Medium,8.0
2544,22,Female,Other,Undergraduate,Instagram,Entertainment,4.6,148,3.1,2.0,7.0,High,6.7
2545,18,Male,Indonesia,High School,TikTok,Entertainment,5.3,187,3.7,1.0,5.5,Very High,5.1
2546,19,Female,Other,Undergraduate,Twitter,News,6.2,220,0.6,1.6,5.3,Very High,4.6
2547,18,Male,Argentina,High School,TikTok,Entertainment,5.9,199,2.0,1.8,4.9,High,4.6
2548,18,Male,Australia,High School,Twitter,News,4.2,154,4.3,1.8,7.2,Medium,6.2
2549,22,Male,Afghanistan,Undergraduate,LinkedIn,Education,2.6,132,4.2,3.6,6.8,Medium,7.1
2550,19,Male,Other,Undergraduate,YouTube,Education,7.9,240,0.9,1.1,4.2,Very High,6.0
2551,20,Female,France,Undergraduate,Instagram,Entertainment,4.6,171,3.2,1.9,7.4,High,6.9
2552,21,Male,Australia,Undergraduate,TikTok,Entertainment,6.9,231,1.4,0.5,4.7,Very High,5.4
2553,19,Female,Germany,Undergraduate,Snapchat,Entertainment,5.5,183,1.9,0.5,7.1,Medium,5.9
2554,20,Female,Other,Undergraduate,LinkedIn,Education,7.5,232,2.2,1.4,5.7,Very High,4.2
2555,21,Male,Other,Undergraduate,YouTube,Education,5.3,179,2.7,1.6,6.4,High,6.6
2556,21,Female,Other,Undergraduate,Facebook,Networking,3.9,115,3.3,3.5,7.3,Medium,9.2
2557,23,Female,Other,Graduate,Instagram,Entertainment,3.9,159,3.2,1.9,7.2,Medium,7.9
2558,18,Female,Other,High School,Twitter,News,5.9,197,1.8,1.2,4.8,High,5.4
2559,22,Male,Germany,Undergraduate,Instagram,Entertainment,3.7,158,3.5,2.1,8.1,Medium,7.9
2560,21,Male,Other,Undergraduate,Instagram,Entertainment,7.7,249,0.6,1.0,5.6,Very High,4.8
2561,22,Male,Maldives,Undergraduate,TikTok,Entertainment,5.3,187,3.3,2.6,5.2,Very High,5.9
2562,21,Male,Denmark,Undergraduate,Facebook,Networking,4.2,149,2.5,2.1,7.8,High,8.0
2563,21,Male,Italy,Undergraduate,Instagram,Entertainment,5.5,186,2.1,1.2,6.6,High,4.6
2564,19,Male,Lebanon,Undergraduate,YouTube,Education,5.7,172,0.9,2.0,5.3,Very High,5.1
2565,19,Female,USA,Undergraduate,YouTube,Education,5.4,170,3.5,2.2,6.7,High,6.8
2566,20,Male,Other,Undergraduate,Twitter,News,3.1,103,6.3,2.3,8.0,Medium,7.2
2567,22,Male,Canada,Undergraduate,TikTok,Entertainment,4.6,165,4.6,1.6,8.0,Medium,6.6
2568,23,Male,Other,Graduate,YouTube,Education,3.2,120,5.3,2.9,7.8,Medium,7.1
2569,22,Female,Other,Undergraduate,TikTok,Entertainment,7.3,228,1.2,0.2,4.6,Very High,5.8
2570,21,Male,UK,Undergraduate,TikTok,Entertainment,5.8,198,2.4,1.3,6.4,High,5.9
2571,20,Female,France,Undergraduate,Instagram,Entertainment,3.1,138,2.6,2.2,9.0,Low,7.0
2572,20,Female,Switzerland,Undergraduate,Instagram,Entertainment,2.2,87,4.6,2.0,9.4,Low,8.2
2573,21,Male,Other,Undergraduate,Facebook,Networking,5.0,171,3.2,1.5,7.1,Medium,6.3
2574,19,Male,Other,Undergraduate,Instagram,Entertainment,2.2,83,5.6,3.2,7.4,Medium,7.9
2575,22,Male,Denmark,Undergraduate,Facebook,Networking,2.3,110,4.7,2.9,9.6,Low,8.1
2576,21,Male,Turkey,Undergraduate,Instagram,Entertainment,4.8,146,3.8,2.1,7.9,Medium,6.1
2577,21,Female,Other,Undergraduate,Snapchat,Entertainment,5.0,165,1.4,1.2,6.3,High,6.5
2578,22,Male,Other,Undergraduate,Snapchat,Entertainment,6.4,186,2.0,2.4,5.4,Very High,4.1
2579,21,Male,Italy,Undergraduate,Instagram,Entertainment,5.8,177,3.9,1.4,6.9,High,6.2
2580,22,Male,India,Undergraduate,Facebook,Networking,5.0,160,2.6,0.2,8.5,Medium,7.0
2581,23,Male,Australia,Graduate,Snapchat,Entertainment,7.5,228,1.3,1.1,6.0,Very High,4.0
2582,20,Female,USA,Undergraduate,TikTok,Entertainment,7.1,213,1.3,1.0,5.6,Very High,4.8
2583,20,Female,Spain,Undergraduate,TikTok,Entertainment,4.5,166,1.9,2.4,7.5,High,6.0
2584,22,Male,Denmark,Undergraduate,Facebook,Networking,2.9,98,5.9,2.4,9.5,Low,8.1
2585,20,Female,Moldova,Undergraduate,Instagram,Entertainment,5.8,196,2.1,2.5,5.4,Very High,5.3
2586,21,Male,Denmark,Undergraduate,Facebook,Networking,3.4,116,5.7,2.6,8.8,Medium,8.1
2587,21,Female,USA,Undergraduate,Facebook,Networking,3.9,123,4.6,3.0,7.1,Medium,8.3
2588,19,Female,Singapore,Undergraduate,TikTok,Entertainment,5.4,196,3.0,2.2,6.3,High,5.8
2589,19,Female,Brazil,Undergraduate,WhatsApp,Networking,5.5,179,1.4,1.5,6.3,Very High,6.0
2590,20,Male,Other,Undergraduate,Twitter,News,3.0,123,4.5,1.8,7.9,Medium,7.1
2591,24,Male,Other,Graduate,Twitter,News,8.3,232,1.2,0.9,5.9,Very High,5.0
2592,24,Male,India,Graduate,LinkedIn,Education,8.3,236,1.2,0.8,5.2,Very High,4.9
2593,24,Female,Canada,Graduate,Facebook,Networking,5.7,181,2.7,1.3,5.6,High,4.1
2594,18,Female,Other,High School,LinkedIn,Education,2.4,99,5.3,2.7,7.4,Low,7.4
2595,24,Male,Other,Graduate,LinkedIn,Education,4.1,137,2.2,1.3,8.0,High,7.0
2596,20,Female,South Korea,Undergraduate,KakaoTalk,News,5.3,164,2.4,1.7,6.5,Medium,5.9
2597,19,Female,Russia,Undergraduate,Instagram,Entertainment,6.8,204,1.4,1.5,5.7,Very High,4.4
2598,19,Female,Qatar,Undergraduate,TikTok,Entertainment,5.1,150,1.1,1.0,5.9,High,5.5
2599,21,Male,India,Undergraduate,LinkedIn,Education,4.4,151,3.5,1.6,7.4,Medium,6.7
2600,23,Female,Other,Graduate,Twitter,News,6.0,223,0.8,2.2,5.3,High,4.5
2601,21,Male,India,Undergraduate,Facebook,Networking,7.3,221,1.1,1.6,5.5,Very High,4.1
2602,19,Male,China,Undergraduate,WeChat,Entertainment,5.8,177,1.1,1.2,6.8,High,6.0
2603,18,Male,Other,High School,LinkedIn,Education,4.1,124,4.6,1.8,7.9,Medium,8.4
2604,24,Female,Other,Graduate,YouTube,Education,7.5,242,1.1,1.0,4.9,Very High,4.8
2605,21,Male,Poland,Undergraduate,Facebook,Networking,4.0,153,4.8,2.3,8.1,High,7.1
2606,18,Female,Other,High School,Twitter,News,5.6,189,1.5,1.5,5.7,High,4.6
2607,19,Female,USA,Undergraduate,Facebook,Networking,5.9,211,1.9,1.5,4.6,Very High,4.4
2608,22,Male,India,Undergraduate,WhatsApp,Networking,6.0,203,1.2,1.3,6.0,Very High,5.2
2609,21,Male,Other,Undergraduate,Instagram,Entertainment,2.1,99,7.4,2.4,7.2,Low,8.0
2610,20,Male,UK,Undergraduate,Facebook,Networking,6.4,194,3.5,1.4,6.3,High,4.8
2611,21,Male,Other,Undergraduate,Twitter,News,5.7,192,1.6,2.0,5.1,High,5.0
2612,24,Female,Other,Graduate,Instagram,Entertainment,3.8,133,4.4,1.4,8.8,Medium,8.6
2613,19,Male,Other,Undergraduate,TikTok,Entertainment,4.3,165,4.9,2.3,7.0,High,6.0
2614,21,Male,Other,Undergraduate,Twitter,News,6.3,192,1.6,1.8,5.1,High,5.3
2615,18,Male,UK,High School,LinkedIn,Education,7.2,236,1.9,1.4,4.7,Very High,4.2
2616,19,Male,USA,Undergraduate,Twitter,News,4.2,132,4.2,2.7,5.9,Medium,6.1
2617,20,Female,Switzerland,Undergraduate,Instagram,Entertainment,2.9,126,4.5,3.1,9.2,Low,8.1
2618,20,Male,USA,Undergraduate,TikTok,Entertainment,7.9,256,1.0,1.4,5.3,Very High,5.3
2619,20,Female,South Korea,Undergraduate,KakaoTalk,Entertainment,4.7,162,5.0,1.7,7.2,High,5.9
2620,23,Male,Other,Graduate,YouTube,Education,3.9,134,5.2,2.3,8.3,Low,9.0
2621,20,Female,USA,Undergraduate,Twitter,News,5.1,176,1.9,2.1,6.4,High,7.0
2622,20,Male,Other,Undergraduate,LinkedIn,Education,1.9,89,5.8,2.7,8.0,Low,7.1
2623,22,Male,Germany,Undergraduate,Facebook,Networking,3.2,123,4.2,3.1,8.5,Low,7.8
2624,22,Male,India,Undergraduate,Facebook,Networking,4.8,160,3.1,0.7,8.8,Medium,7.1
2625,19,Male,Other,Undergraduate,TikTok,Entertainment,6.4,213,1.0,1.9,4.5,Very High,5.4
2626,22,Male,Other,Undergraduate,Facebook,Networking,7.4,250,1.1,0.5,5.0,Very High,6.0
2627,21,Male,UK,Undergraduate,Instagram,Entertainment,5.3,179,2.4,1.7,6.9,Very High,6.3
2628,22,Male,Other,Undergraduate,Facebook,Networking,4.6,175,3.7,1.8,6.1,High,6.6
2629,18,Male,Other,High School,Snapchat,Entertainment,6.1,207,0.9,1.9,5.0,High,5.4
2630,23,Female,USA,Graduate,YouTube,Education,2.6,103,4.9,2.5,7.6,Medium,7.5
2631,23,Female,Other,Graduate,LinkedIn,Education,7.4,210,1.2,1.1,5.7,Very High,5.3
2632,22,Male,USA,Undergraduate,LinkedIn,Education,5.6,204,3.3,0.3,6.7,Medium,6.7
2633,21,Female,Germany,Undergraduate,YouTube,Education,3.8,117,4.9,1.6,9.0,Medium,8.5
2634,21,Male,Germany,Undergraduate,Instagram,Entertainment,2.1,104,6.4,2.6,8.7,Low,8.3
2635,19,Female,Sri Lanka,Undergraduate,Facebook,Networking,4.9,170,4.2,1.5,7.7,Medium,6.9
2636,19,Male,India,Undergraduate,LinkedIn,Education,5.8,170,1.2,2.3,6.7,High,6.5
2637,19,Female,Australia,Undergraduate,TikTok,Entertainment,6.3,187,0.8,1.4,5.5,Very High,4.5
2638,18,Male,Other,High School,Twitter,News,7.3,216,1.4,0.7,5.5,Very High,5.1
2639,18,Male,Trinidad,High School,TikTok,Entertainment,5.6,188,2.2,1.2,5.0,High,5.0
2640,20,Female,Maldives,Undergraduate,Instagram,Entertainment,4.2,149,4.7,1.6,7.8,Medium,7.8
2641,21,Female,USA,Undergraduate,Instagram,Entertainment,6.1,187,1.8,0.6,5.7,Very High,4.7
2642,23,Male,Canada,Graduate,TikTok,Entertainment,5.5,179,1.6,1.7,6.5,Very High,6.6
2643,22,Female,Other,Undergraduate,Twitter,News,2.3,97,3.8,1.7,7.9,Low,8.5
2644,23,Male,Other,Graduate,LinkedIn,Education,6.5,213,0.9,0.9,5.0,Very High,4.4
2645,22,Female,UK,Undergraduate,Facebook,Networking,4.7,164,2.4,2.1,7.0,Medium,6.4
2646,19,Female,Other,Undergraduate,YouTube,Education,7.2,230,0.8,1.8,6.2,Very High,4.9
2647,24,Male,Italy,Graduate,Facebook,Networking,4.8,148,3.7,1.9,7.2,Medium,7.0
2648,23,Female,Switzerland,Graduate,Instagram,Entertainment,4.0,157,2.5,2.3,7.7,Medium,6.9
2649,22,Male,Greece,Undergraduate,Facebook,Networking,3.0,122,3.8,1.6,6.9,Low,6.6
2650,20,Male,USA,Undergraduate,Instagram,Entertainment,8.2,251,1.2,1.7,5.0,Very High,5.6
2651,21,Male,Panama,Undergraduate,Facebook,Networking,3.6,115,4.3,1.9,6.9,Very High,7.1
2652,23,Female,Other,Graduate,YouTube,Education,7.4,221,0.8,1.8,5.8,Very High,4.2
2653,20,Female,Peru,Undergraduate,TikTok,Entertainment,5.6,192,3.9,1.9,5.6,High,5.1
2654,20,Female,USA,Undergraduate,LinkedIn,Education,7.2,216,0.9,1.7,5.8,Very High,4.1
2655,18,Male,Luxembourg,High School,Snapchat,Entertainment,5.3,204,2.2,1.5,5.3,Very High,5.2
2656,18,Male,Other,High School,LinkedIn,Education,7.1,219,1.5,1.3,5.8,Very High,4.8
2657,18,Male,Other,High School,Snapchat,Entertainment,2.2,102,7.4,3.4,7.3,Medium,8.2
2658,19,Male,Other,Undergraduate,Instagram,Entertainment,3.2,128,4.1,2.4,8.4,Medium,7.6
2659,19,Female,Ireland,Undergraduate,Instagram,Entertainment,3.4,144,4.2,1.9,8.5,Medium,7.0
2660,22,Female,Other,Undergraduate,LinkedIn,Education,1.9,100,7.0,2.5,7.2,Low,8.7
2661,22,Male,Malaysia,Undergraduate,WhatsApp,News,5.8,189,2.4,2.0,6.5,High,5.7
2662,22,Male,Bangladesh,Undergraduate,Facebook,Networking,4.3,172,3.1,2.5,6.9,High,4.8
2663,22,Male,India,Undergraduate,Snapchat,Entertainment,4.9,146,3.8,1.7,6.2,Medium,6.8
2664,18,Male,UK,High School,LinkedIn,Education,6.9,236,1.9,1.4,5.4,Very High,4.0
2665,23,Female,Other,Graduate,Facebook,Networking,5.0,168,1.9,2.7,7.1,High,6.6
2666,20,Female,Switzerland,Undergraduate,Instagram,Entertainment,2.0,87,4.1,2.1,9.4,Low,8.2
2667,21,Male,Other,Undergraduate,TikTok,Entertainment,3.8,122,4.4,1.7,7.8,Medium,7.6
2668,20,Female,Brazil,Undergraduate,Snapchat,Entertainment,5.4,188,2.1,2.2,6.4,High,6.1
2669,19,Female,Qatar,Undergraduate,TikTok,Entertainment,5.1,150,1.2,1.1,5.8,High,5.7
2670,19,Female,Singapore,Undergraduate,TikTok,Entertainment,5.2,183,3.2,2.2,6.6,High,6.0
2671,23,Female,Australia,Graduate,Facebook,Networking,3.1,137,4.5,2.1,8.9,Medium,8.7
2672,20,Female,UAE,Undergraduate,Instagram,Entertainment,7.0,223,0.9,1.0,6.0,High,4.9
2673,22,Male,Canada,Undergraduate,TikTok,Entertainment,3.6,155,4.7,1.8,8.2,Low,5.9
2674,19,Male,USA,Undergraduate,Twitter,News,5.0,181,3.6,2.2,7.6,High,6.6
2675,19,Female,India,Undergraduate,WhatsApp,Education,7.0,231,1.3,1.4,6.1,Very High,5.2
2676,21,Male,Other,Undergraduate,TikTok,Entertainment,2.4,115,3.6,1.9,7.1,Low,9.2
2677,19,Female,Other,Undergraduate,TikTok,Entertainment,6.1,213,2.0,2.6,5.2,Very High,5.1
2678,20,Female,Other,Undergraduate,YouTube,Education,5.8,190,2.2,2.0,4.9,High,5.0
2679,24,Female,Other,Graduate,LinkedIn,Education,4.5,164,4.0,1.5,7.2,High,6.9
2680,19,Female,Other,Undergraduate,TikTok,Entertainment,8.7,260,0.6,1.2,5.3,Very High,5.3
2681,21,Female,USA,Undergraduate,Snapchat,Entertainment,5.7,181,2.5,0.5,5.2,High,5.9
2682,19,Female,France,Undergraduate,Twitter,News,4.9,174,3.5,2.8,7.6,Medium,7.1
2683,20,Female,South Korea,Undergraduate,KakaoTalk,News,5.0,164,2.6,1.3,6.7,Medium,5.8
2684,22,Male,China,Undergraduate,WeChat,Education,3.9,150,3.4,0.9,8.2,Medium,7.1
2685,21,Female,Other,Undergraduate,TikTok,Entertainment,8.6,242,1.0,1.1,5.4,Very High,6.3
2686,22,Male,Russia,Undergraduate,VKontakte,News,4.4,144,4.3,2.3,7.4,Medium,7.0
2687,24,Male,Other,Graduate,LinkedIn,Education,3.6,129,3.8,1.9,8.0,Low,8.3
2688,20,Female,Moldova,Undergraduate,Instagram,Entertainment,5.8,196,2.5,2.1,5.2,Very High,5.0
2689,21,Female,Other,Undergraduate,Instagram,Entertainment,6.8,233,0.9,1.6,4.8,Very High,6.0
2690,18,Male,Other,High School,Twitter,News,2.5,86,6.8,1.6,7.4,Low,8.4
2691,24,Female,USA,Graduate,Twitter,News,6.4,197,2.3,0.7,5.9,Very High,5.1
2692,20,Female,South Korea,Undergraduate,KakaoTalk,News,4.2,138,3.5,1.9,7.8,Medium,6.0
2693,23,Female,San Marino,Graduate,LinkedIn,Education,2.7,103,5.5,2.4,7.4,Medium,7.8
2694,21,Female,Other,Undergraduate,YouTube,Education,7.6,242,1.0,0.5,4.7,Very High,6.0
2695,18,Male,Other,High School,Twitter,News,5.9,199,2.4,2.5,6.9,High,6.0
2696,19,Female,Other,Undergraduate,YouTube,Education,4.6,150,2.7,2.6,7.1,High,6.8
2697,22,Male,Other,Undergraduate,YouTube,Education,8.1,239,1.0,1.6,5.3,Very High,5.8
2698,22,Male,Other,Undergraduate,Instagram,Entertainment,8.3,254,1.0,1.2,6.3,Very High,5.2
2699,22,Female,Other,Undergraduate,YouTube,Education,7.8,230,1.0,0.3,5.2,Very High,5.1
2700,24,Female,Other,Graduate,LinkedIn,Education,3.8,140,4.7,3.1,8.7,Low,7.7
2701,18,Male,Other,High School,Twitter,News,2.0,86,5.8,2.4,8.2,Medium,7.7
2702,24,Male,Mexico,Graduate,Facebook,Networking,6.3,194,2.1,0.3,6.2,High,4.5
2703,20,Female,South Korea,Undergraduate,KakaoTalk,News,5.0,164,2.3,1.6,6.5,Medium,6.0
2704,20,Female,USA,Undergraduate,Twitter,News,5.2,176,1.8,2.0,6.7,High,6.6
2705,19,Female,Other,Undergraduate,TikTok,Entertainment,4.4,146,3.0,1.2,6.3,High,6.8
2706,19,Male,Other,Undergraduate,YouTube,Education,3.3,104,5.4,1.6,7.2,Medium,8.3
2707,23,Female,Other,Graduate,Facebook,Networking,7.7,256,1.1,1.7,5.8,High,4.5
2708,22,Male,India,Undergraduate,WhatsApp,Networking,6.4,193,3.2,1.0,5.8,Very High,5.4
2709,24,Female,USA,Graduate,Twitter,News,6.5,197,2.1,0.8,6.0,Very High,5.4
2710,21,Male,New Zealand,Undergraduate,Instagram,Entertainment,4.5,172,3.4,2.0,7.8,Medium,6.9
2711,22,Female,USA,Undergraduate,LinkedIn,Education,3.7,143,3.8,1.9,6.8,High,7.0
2712,22,Female,UK,Undergraduate,Facebook,Networking,4.8,164,2.2,2.0,7.2,Medium,6.0
2713,20,Female,Bangladesh,Undergraduate,Instagram,Entertainment,4.8,165,3.4,1.3,6.0,High,4.9
2714,21,Female,Other,Undergraduate,YouTube,Education,7.0,211,1.4,2.6,5.3,Very High,5.1
2715,20,Male,India,Undergraduate,LinkedIn,Education,8.0,225,0.8,0.9,5.1,Very High,5.1
2716,22,Female,India,Undergraduate,YouTube,Education,2.7,120,4.7,1.8,9.1,Medium,7.1
2717,22,Female,India,Undergraduate,YouTube,Education,3.0,120,5.3,1.8,8.8,Medium,7.1
2718,24,Male,USA,Graduate,YouTube,Education,4.6,154,2.3,1.5,7.1,High,6.5
2719,23,Male,Spain,Graduate,Facebook,Networking,6.6,193,1.0,1.2,6.0,Very High,4.7
2720,20,Male,India,Undergraduate,TikTok,Entertainment,7.9,255,1.1,1.0,5.6,Very High,5.8
2721,22,Female,Australia,Undergraduate,YouTube,Education,3.1,134,4.6,1.4,8.2,Medium,8.0
2722,21,Male,Turkey,Undergraduate,Instagram,Entertainment,4.3,146,3.5,1.9,7.7,Medium,5.9
2723,19,Female,Brazil,Undergraduate,WhatsApp,Networking,6.0,201,1.1,0.3,6.4,Very High,6.0
2724,23,Male,Australia,Graduate,YouTube,Education,3.3,149,6.0,2.0,8.9,Medium,7.9
2725,19,Female,USA,Undergraduate,YouTube,Education,4.8,167,3.3,2.0,7.2,High,6.6
2726,20,Female,Switzerland,Undergraduate,Instagram,Entertainment,2.7,123,6.5,2.3,9.5,Medium,7.9
2727,22,Male,Nepal,Undergraduate,TikTok,Entertainment,4.5,144,4.0,1.2,7.3,Medium,6.8
2728,24,Male,Other,Graduate,LinkedIn,Education,7.3,226,1.6,1.1,4.7,Very High,4.7
2729,21,Male,Other,Undergraduate,TikTok,Entertainment,3.4,123,4.6,2.8,6.9,Medium,7.2
2730,21,Male,UK,Undergraduate,TikTok,Entertainment,4.9,154,3.0,1.7,6.1,High,6.3
2731,19,Male,Canada,Undergraduate,TikTok,Entertainment,2.5,101,4.7,2.6,8.7,Low,8.2
2732,24,Male,Other,Graduate,Instagram,Entertainment,2.0,104,7.4,2.6,7.5,Low,8.5
2733,23,Male,Slovakia,Graduate,LinkedIn,Education,2.6,97,7.2,2.9,7.2,Low,8.2
2734,21,Male,Italy,Undergraduate,TikTok,Entertainment,5.0,160,3.9,1.7,7.1,High,4.9
2735,20,Female,Spain,Undergraduate,TikTok,Entertainment,3.7,144,3.5,2.3,8.1,Low,6.0
2736,20,Male,Other,Undergraduate,Facebook,Networking,4.1,128,5.0,2.7,7.8,High,8.8
2737,20,Female,Australia,Undergraduate,Instagram,Entertainment,4.6,160,2.5,1.7,7.2,High,7.1
2738,18,Female,Other,High School,TikTok,Entertainment,3.2,116,3.6,2.2,8.6,Low,9.2
2739,23,Male,Turkey,Graduate,Instagram,Entertainment,7.0,213,1.1,0.5,6.0,Very High,5.1
2740,24,Female,Germany,Graduate,TikTok,Entertainment,3.4,113,4.1,1.4,7.9,Low,7.1
2741,24,Female,Other,Graduate,YouTube,Education,7.3,249,0.9,0.6,4.7,Very High,5.5
2742,18,Male,Other,High School,Instagram,Entertainment,6.8,220,2.4,1.3,4.6,Very High,5.9
2743,22,Male,Turkey,Undergraduate,TikTok,Entertainment,5.2,157,3.5,1.9,7.1,High,5.7
2744,24,Male,Ireland,Graduate,Instagram,Entertainment,6.1,173,3.1,1.3,6.4,High,5.9
2745,20,Female,Spain,Undergraduate,TikTok,Entertainment,4.2,166,2.1,1.8,7.6,High,6.0
2746,21,Male,UK,Undergraduate,Instagram,Entertainment,3.8,133,5.8,2.7,8.2,Medium,8.5
2747,20,Female,France,Undergraduate,Instagram,Entertainment,3.2,138,5.2,2.1,9.0,Low,6.8
2748,20,Male,Other,Undergraduate,Twitter,News,8.0,253,1.1,1.3,4.7,Very High,4.7
2749,23,Male,Other,Graduate,TikTok,Entertainment,6.5,211,2.3,1.1,5.7,Very High,5.1
2750,19,Female,USA,Undergraduate,TikTok,Entertainment,6.8,215,1.6,0.7,5.5,Very High,4.2
2751,22,Male,Mexico,Undergraduate,WhatsApp,Entertainment,6.9,217,0.7,1.1,5.5,Very High,6.3
2752,23,Female,Poland,Graduate,Instagram,Entertainment,6.0,188,1.5,0.7,6.4,High,5.0
2753,20,Female,France,Undergraduate,Instagram,Entertainment,2.8,104,5.2,2.7,9.0,Low,7.3
2754,19,Male,Other,Undergraduate,LinkedIn,Education,3.6,136,3.0,2.1,8.7,Medium,8.2
2755,24,Male,Other,Graduate,TikTok,Entertainment,4.0,125,4.8,0.5,6.2,Low,6.0
2756,21,Male,Australia,Undergraduate,Instagram,Entertainment,5.8,198,4.2,1.3,7.2,Medium,6.6
2757,19,Male,France,Undergraduate,Instagram,Entertainment,4.8,176,2.0,0.9,7.3,Medium,6.8
2758,21,Male,Australia,Undergraduate,Twitter,News,3.5,123,4.8,2.5,7.6,Medium,6.7
2759,24,Male,Canada,Graduate,Twitter,News,6.4,223,0.6,1.1,6.4,Very High,4.5
2760,19,Female,Other,Undergraduate,Twitter,News,6.5,220,1.0,1.2,5.7,Very High,4.6
2761,19,Male,Bangladesh,Undergraduate,TikTok,Entertainment,4.3,141,3.6,1.5,7.3,High,5.1
2762,22,Male,India,Undergraduate,Twitter,News,5.9,190,2.9,2.2,7.2,Medium,7.1
2763,21,Male,Other,Undergraduate,YouTube,Education,4.9,179,2.5,2.2,6.9,High,6.9
2764,23,Male,India,Graduate,Twitter,News,7.1,234,1.0,0.3,5.2,Very High,5.7
2765,18,Male,Canada,High School,LinkedIn,Education,6.3,194,1.1,2.2,6.4,High,6.0
2766,23,Female,Other,Graduate,Instagram,Entertainment,5.7,202,3.8,1.9,6.1,High,6.4
2767,20,Female,India,Undergraduate,WhatsApp,News,7.3,246,1.0,0.9,5.4,Very High,5.1
2768,21,Female,Other,Undergraduate,Snapchat,Entertainment,2.7,117,6.1,1.9,7.7,Medium,7.6
2769,21,Female,Russia,Undergraduate,Instagram,Entertainment,7.0,212,1.6,1.6,6.5,Very High,4.0
2770,22,Male,Canada,Undergraduate,TikTok,Entertainment,4.2,145,4.9,2.1,8.2,Medium,6.1
2771,23,Female,Other,Graduate,Snapchat,Entertainment,3.6,115,6.4,2.0,8.6,Medium,8.3
2772,24,Male,Other,Graduate,Snapchat,Entertainment,5.9,204,1.3,2.3,4.7,High,4.4
2773,19,Male,India,Undergraduate,LinkedIn,Education,5.6,170,1.1,1.8,6.8,High,6.8
2774,22,Male,Pakistan,Undergraduate,Instagram,Entertainment,3.8,139,4.1,1.2,7.7,Medium,5.2
2775,22,Male,Other,Undergraduate,Instagram,Entertainment,2.6,107,4.7,1.9,7.4,Medium,8.6
2776,22,Male,Afghanistan,Undergraduate,LinkedIn,Education,3.2,115,6.7,2.0,7.4,Medium,6.9
2777,19,Male,Canada,Undergraduate,Facebook,Networking,7.7,217,1.3,2.0,5.1,Very High,4.2
2778,22,Male,Other,Undergraduate,Twitter,News,2.6,100,5.3,2.2,8.4,Medium,7.5
2779,22,Female,Other,Undergraduate,Instagram,Entertainment,8.0,246,0.9,1.0,5.4,Very High,5.1
2780,20,Female,Maldives,Undergraduate,Instagram,Entertainment,3.7,151,2.5,2.6,8.4,Medium,8.2
2781,21,Male,Vietnam,Undergraduate,Facebook,Networking,3.7,116,4.5,1.5,6.7,Medium,6.8
2782,19,Female,Denmark,Undergraduate,Twitter,News,4.7,162,2.1,2.2,6.6,Medium,7.4
2783,24,Female,Other,Graduate,YouTube,Education,7.2,246,1.3,0.6,5.6,Very High,5.2
2784,22,Male,USA,Undergraduate,Twitter,News,3.5,151,2.7,2.1,7.4,Medium,8.6
2785,19,Female,Bangladesh,Undergraduate,Instagram,Entertainment,4.5,149,1.9,1.2,6.6,Medium,4.8
2786,19,Male,Other,Undergraduate,Snapchat,Entertainment,2.6,97,6.7,2.5,7.9,Low,9.1
2787,21,Male,India,Undergraduate,Facebook,Networking,4.6,170,2.5,2.0,7.0,Medium,7.0
2788,20,Male,USA,Undergraduate,TikTok,Entertainment,7.8,256,0.9,1.6,5.6,Very High,5.0
2789,22,Male,Italy,Undergraduate,LinkedIn,Education,2.6,101,5.0,2.0,7.2,Low,8.0
2790,19,Female,Nepal,Undergraduate,TikTok,Entertainment,5.4,181,2.0,1.9,5.5,High,6.2
2791,22,Female,Other,Undergraduate,TikTok,Entertainment,5.4,185,2.1,2.1,6.3,Medium,6.9
2792,18,Female,USA,High School,Twitter,News,3.8,125,3.7,2.4,8.3,Medium,7.3
2793,21,Male,Poland,Undergraduate,Facebook,Networking,3.7,145,4.7,2.2,8.3,Medium,7.1
2794,24,Female,Other,Graduate,LinkedIn,Education,5.8,190,1.5,0.9,6.0,Very High,4.8
2795,21,Male,India,Undergraduate,WhatsApp,Education,6.6,196,1.6,0.4,5.8,Very High,5.2
2796,22,Male,Other,Undergraduate,Facebook,Networking,5.2,182,3.3,2.5,7.4,Medium,5.9
2797,20,Female,Other,Undergraduate,TikTok,Entertainment,2.5,100,4.6,1.5,7.6,Medium,8.2
2798,19,Male,India,Undergraduate,YouTube,Education,6.6,224,2.0,2.1,5.9,Very High,5.9
2799,22,Male,Maldives,Undergraduate,TikTok,Entertainment,5.0,159,2.7,1.2,5.3,High,6.0
2800,21,Male,India,Undergraduate,Instagram,Entertainment,4.4,156,2.1,1.9,7.1,Medium,5.9
2801,22,Male,UK,Undergraduate,Twitter,News,6.5,208,1.4,1.6,6.7,Very High,4.9
2802,20,Female,France,Undergraduate,Instagram,Entertainment,3.4,122,4.1,2.9,8.4,Low,6.6
2803,19,Male,Other,Undergraduate,TikTok,Entertainment,7.2,208,1.0,1.6,5.1,Very High,5.5
2804,22,Male,Other,Undergraduate,TikTok,Entertainment,5.9,203,1.1,1.2,5.2,Very High,6.0
2805,19,Female,USA,Undergraduate,Instagram,Entertainment,6.9,213,1.9,0.6,5.4,Very High,3.8
2806,24,Male,UK,Graduate,TikTok,Entertainment,6.2,185,1.4,0.8,5.4,Very High,4.8
2807,23,Female,Other,Graduate,Instagram,Entertainment,7.7,216,1.4,1.6,4.8,Very High,5.7
2808,24,Male,Other,Graduate,Facebook,Networking,2.3,110,6.4,2.9,7.9,Low,8.8
2809,21,Male,UK,Undergraduate,Instagram,Entertainment,5.0,171,2.1,1.8,6.0,High,6.1
2810,19,Male,Sri Lanka,Undergraduate,TikTok,Entertainment,5.7,188,1.6,2.0,5.8,High,5.7
2811,21,Male,India,Undergraduate,WhatsApp,Education,6.2,196,1.3,0.4,5.7,Very High,5.0
2812,22,Male,Canada,Undergraduate,TikTok,Entertainment,4.0,157,4.5,1.5,7.7,Medium,7.3
2813,24,Female,USA,Graduate,YouTube,Education,7.5,228,0.9,0.4,5.8,Very High,4.2
2814,21,Male,India,Undergraduate,TikTok,Entertainment,7.7,222,1.4,0.2,5.0,Very High,4.6
2815,20,Male,Other,Undergraduate,Facebook,Networking,7.4,241,1.0,1.5,5.4,Very High,5.7
2816,20,Female,USA,Undergraduate,TikTok,Entertainment,7.5,226,1.1,1.6,4.6,Very High,4.6
2817,21,Female,Turkey,Undergraduate,Instagram,Entertainment,6.8,202,2.7,1.7,6.4,Very High,4.9
2818,21,Male,Canada,Undergraduate,YouTube,Education,3.4,151,4.3,2.1,6.3,Medium,5.9
2819,19,Female,Other,Undergraduate,LinkedIn,Education,4.7,151,2.3,2.5,6.7,High,6.5
2820,22,Male,Switzerland,Undergraduate,Facebook,Networking,4.7,154,5.0,1.9,7.5,High,7.1
2821,20,Male,Other,Undergraduate,YouTube,Education,4.0,153,4.0,1.5,6.5,High,6.0
2822,24,Female,Other,Graduate,LinkedIn,Education,4.8,147,4.5,2.1,6.4,High,6.6
2823,22,Male,Germany,Undergraduate,Facebook,Networking,4.4,155,2.7,1.3,7.7,Medium,6.7
2824,24,Male,Other,Graduate,Instagram,Entertainment,6.7,193,1.4,0.7,5.3,Very High,4.6
2825,20,Male,Other,Undergraduate,LinkedIn,Education,6.7,219,1.8,2.0,4.6,Very High,4.7
2826,19,Female,Other,Undergraduate,LinkedIn,Education,4.4,165,3.7,2.2,6.0,Medium,6.5
2827,18,Male,Australia,High School,Facebook,Networking,4.3,157,3.7,2.5,6.1,High,6.4
2828,22,Male,Poland,Undergraduate,Facebook,Networking,4.2,145,3.7,2.5,8.0,High,7.1
2829,22,Male,Other,Undergraduate,Facebook,Networking,7.4,227,1.2,0.4,5.6,Very High,5.0
2830,22,Male,Canada,Undergraduate,TikTok,Entertainment,4.5,150,2.0,1.5,7.3,High,6.2
2831,20,Female,USA,Undergraduate,Instagram,Entertainment,5.5,190,1.9,0.8,6.9,High,6.4
2832,22,Male,Turkey,Undergraduate,TikTok,Entertainment,4.1,133,3.3,2.2,8.2,Medium,6.0
2833,18,Female,USA,High School,YouTube,Education,2.1,87,5.2,2.8,8.2,Low,7.3
2834,21,Male,Other,Undergraduate,Facebook,Networking,5.9,209,3.2,0.7,6.0,Very High,7.0
2835,20,Male,India,Undergraduate,TikTok,Entertainment,8.2,255,1.3,0.9,5.8,Very High,6.2
2836,20,Male,USA,Undergraduate,Instagram,Entertainment,3.9,150,2.7,2.2,6.5,Medium,6.9
2837,19,Male,Other,Undergraduate,LinkedIn,Education,7.4,227,1.3,0.9,5.7,Very High,6.2
2838,20,Female,France,Undergraduate,Instagram,Entertainment,3.6,144,3.7,1.4,8.1,Medium,7.2
2839,24,Female,Other,Graduate,TikTok,Entertainment,4.7,174,4.7,2.3,6.8,High,6.6
2840,19,Male,Sri Lanka,Undergraduate,TikTok,Entertainment,5.1,182,2.7,1.3,4.8,High,6.1
2841,18,Male,Other,High School,LinkedIn,Education,7.6,232,1.1,0.8,5.1,Very High,5.5
2842,22,Male,Mexico,Undergraduate,WhatsApp,Networking,6.8,219,1.4,1.8,5.6,Very High,6.1
2843,20,Female,Other,Undergraduate,Instagram,Entertainment,8.4,260,1.0,1.5,5.7,Very High,4.9
2844,22,Female,Other,Undergraduate,TikTok,Entertainment,7.3,228,0.8,0.0,4.4,Very High,6.3
2845,19,Female,Japan,Undergraduate,LINE,Networking,3.4,135,4.3,2.7,8.2,Medium,8.0
2846,20,Female,Switzerland,Undergraduate,Instagram,Entertainment,2.5,93,6.2,2.6,9.9,Low,8.1
2847,20,Male,Hungary,Undergraduate,TikTok,Entertainment,4.4,130,3.4,2.0,5.9,High,6.0
2848,22,Male,India,Undergraduate,WhatsApp,Networking,6.3,203,1.2,1.6,6.1,Very High,5.1
2849,19,Female,India,Undergraduate,WhatsApp,Education,6.9,231,1.2,1.6,6.1,Very High,5.0
2850,23,Male,Other,Graduate,TikTok,Entertainment,3.5,139,5.1,0.8,9.0,Medium,7.4
2851,22,Female,India,Undergraduate,YouTube,Education,7.4,247,0.9,0.2,5.3,Very High,4.7
2852,23,Female,Other,Graduate,Twitter,News,4.6,164,4.6,2.4,7.3,High,6.0
2853,21,Male,Other,Undergraduate,Snapchat,Entertainment,8.3,261,1.1,1.6,4.9,Very High,4.8
2854,18,Female,Other,High School,LinkedIn,Education,2.7,99,5.4,2.6,7.4,Low,7.3
2855,22,Male,Malaysia,Undergraduate,WhatsApp,News,5.9,189,2.3,1.6,5.9,High,5.8
2856,24,Male,Other,Graduate,Snapchat,Entertainment,1.5,68,6.1,2.8,8.7,Low,7.6
2857,23,Male,India,Graduate,Instagram,Entertainment,2.5,126,6.1,2.4,8.8,Low,8.4
2858,21,Female,Maldives,Undergraduate,Instagram,Entertainment,3.6,111,4.5,3.2,8.8,Medium,7.9
2859,20,Female,Maldives,Undergraduate,Instagram,Entertainment,4.0,149,4.3,1.8,7.9,Medium,8.1
2860,20,Female,India,Undergraduate,Instagram,Entertainment,5.6,190,1.0,1.2,6.2,High,6.2
2861,22,Male,Denmark,Undergraduate,Facebook,Networking,2.0,110,4.7,3.0,9.5,Low,8.0
2862,23,Male,Canada,Graduate,Twitter,News,3.3,109,5.2,2.4,7.6,Medium,7.7
2863,21,Female,India,Undergraduate,TikTok,Entertainment,4.2,149,3.0,2.6,6.2,High,6.4
2864,21,Male,Canada,Undergraduate,Instagram,Entertainment,4.5,156,3.2,1.2,7.7,Medium,6.8
2865,20,Female,Other,Undergraduate,Instagram,Entertainment,8.1,260,0.8,1.4,5.6,Very High,4.8
2866,24,Female,USA,Graduate,Twitter,News,6.6,197,2.2,1.0,6.0,Very High,5.2
2867,22,Female,Other,Undergraduate,YouTube,Education,2.2,84,6.3,2.6,9.2,Low,9.1
2868,21,Female,Other,Undergraduate,Twitter,News,7.8,244,0.8,2.2,5.4,Very High,5.6
2869,19,Male,Other,Undergraduate,TikTok,Entertainment,6.9,208,1.1,1.1,5.4,Very High,5.7
2870,19,Female,Australia,Undergraduate,Facebook,Networking,6.5,199,2.5,1.1,5.2,Very High,6.1
2871,20,Male,Vatican City,Undergraduate,YouTube,Education,4.7,170,4.6,1.4,5.9,Medium,6.1
2872,22,Male,Other,Undergraduate,Twitter,News,6.2,199,2.0,1.4,5.8,High,7.3
2873,20,Female,UK,Undergraduate,TikTok,Entertainment,7.0,207,0.9,1.6,5.8,Very High,4.3
2874,22,Male,Russia,Undergraduate,VKontakte,Entertainment,3.5,140,2.9,1.8,8.7,Low,6.8
2875,22,Male,Maldives,Undergraduate,TikTok,Entertainment,4.6,164,2.8,1.8,4.2,High,6.3
2876,23,Male,Canada,Graduate,Twitter,News,2.7,109,5.6,2.5,7.4,Medium,8.5
2877,18,Male,Latvia,High School,Snapchat,Entertainment,5.4,177,3.9,0.9,5.1,Very High,5.0
2878,24,Male,Other,Graduate,LinkedIn,Education,1.9,103,5.3,2.6,8.4,Low,8.0
2879,21,Male,Malaysia,Undergraduate,WhatsApp,News,5.8,197,2.0,2.0,6.4,High,5.8
2880,22,Male,Mexico,Undergraduate,WhatsApp,News,5.8,185,1.7,0.5,6.2,Very High,6.2
2881,21,Male,Mexico,Undergraduate,WhatsApp,Entertainment,7.1,211,0.8,1.6,5.0,Very High,5.9
2882,20,Female,Singapore,Undergraduate,TikTok,Entertainment,5.5,162,2.8,2.1,6.7,High,6.0
2883,22,Male,Sri Lanka,Undergraduate,Facebook,Networking,4.8,149,4.5,2.1,4.5,High,5.8
2884,19,Male,Other,Undergraduate,Facebook,Networking,4.0,148,4.1,2.5,7.4,Low,8.9
2885,21,Female,Other,Undergraduate,Instagram,Entertainment,5.6,208,2.3,1.0,5.2,High,5.5
2886,21,Female,Other,Undergraduate,Instagram,Entertainment,6.8,233,0.8,1.7,5.1,Very High,6.2
2887,19,Female,Other,Undergraduate,YouTube,Education,7.5,242,1.2,1.2,6.1,Very High,4.9
2888,22,Male,UK,Undergraduate,Snapchat,Entertainment,8.2,266,1.2,0.6,5.3,Very High,5.2
2889,18,Female,Other,High School,Twitter,News,4.4,165,3.8,2.9,7.0,High,6.6
2890,22,Male,France,Undergraduate,Facebook,Networking,4.9,148,3.4,1.5,7.2,Medium,6.8
2891,24,Male,Other,Graduate,LinkedIn,Education,3.9,129,3.7,1.8,7.8,Low,8.9
2892,19,Male,India,Undergraduate,Facebook,Networking,3.5,120,4.3,1.9,8.7,Medium,8.2
2893,18,Female,Germany,High School,YouTube,Education,1.9,96,7.0,2.0,7.7,Low,7.9
2894,19,Male,Nepal,Undergraduate,TikTok,Entertainment,4.4,161,2.8,1.8,7.8,High,7.0
2895,21,Male,Italy,Undergraduate,TikTok,Entertainment,5.7,155,2.4,1.4,7.1,High,4.9
2896,21,Male,UK,Undergraduate,TikTok,Entertainment,4.8,169,3.7,1.1,5.9,High,6.7
2897,21,Female,China,Undergraduate,WeChat,News,5.6,173,2.3,2.2,6.7,High,5.8
2898,18,Male,Other,High School,TikTok,Entertainment,8.0,250,1.0,1.5,5.6,Very High,4.5
2899,20,Female,Australia,Undergraduate,Instagram,Entertainment,4.5,141,4.1,1.5,7.4,High,7.4
2900,20,Male,Other,Undergraduate,Snapchat,Entertainment,2.0,102,7.0,3.3,6.9,Low,8.8
2901,21,Male,New Zealand,Undergraduate,Instagram,Entertainment,4.7,158,2.8,1.8,7.4,High,7.1
2902,23,Female,Other,Graduate,YouTube,Education,3.1,120,6.1,2.8,7.4,Medium,8.3
2903,19,Female,Japan,Undergraduate,Twitter,News,4.7,140,4.3,2.4,7.5,Medium,8.1
2904,20,Female,UK,Undergraduate,YouTube,Education,5.6,165,3.5,2.8,7.3,High,6.9
2905,21,Female,Other,Undergraduate,TikTok,Entertainment,8.4,234,0.7,0.4,4.1,Very High,5.3
2906,23,Male,Other,Graduate,Instagram,Entertainment,3.2,133,5.1,2.4,9.0,Low,9.3
2907,23,Male,Switzerland,Graduate,Facebook,Networking,4.3,173,3.1,2.2,7.3,High,7.1
2908,19,Male,Other,Undergraduate,LinkedIn,Education,6.1,172,3.7,1.7,7.5,Very High,6.5
2909,24,Female,Other,Graduate,Instagram,Entertainment,5.5,166,4.0,1.7,6.6,High,6.7
2910,19,Female,Maldives,Undergraduate,Instagram,Entertainment,5.2,176,3.0,1.9,6.0,High,5.7
2911,23,Male,India,Graduate,Twitter,News,3.9,159,3.3,1.0,6.5,Medium,7.0
2912,19,Female,USA,Undergraduate,TikTok,Entertainment,7.0,215,1.8,0.4,5.0,Very High,3.6
2913,18,Female,Other,High School,LinkedIn,Education,5.6,188,3.0,1.9,6.0,High,5.4
2914,18,Male,Other,High School,LinkedIn,Education,7.5,216,0.8,0.7,5.1,Very High,4.2
2915,23,Male,Other,Graduate,YouTube,Education,3.1,120,5.2,2.5,8.0,Medium,7.6
2916,20,Male,Other,Undergraduate,LinkedIn,Education,2.5,99,5.0,2.6,8.0,Medium,8.7
2917,20,Female,Spain,Undergraduate,TikTok,Entertainment,4.0,169,2.5,1.7,7.4,High,6.2
2918,22,Male,Mexico,Undergraduate,Facebook,Networking,6.4,201,1.1,1.9,6.4,Very High,5.2
2919,22,Male,Other,Undergraduate,LinkedIn,Education,5.7,168,2.7,1.6,7.5,High,7.1
2920,23,Male,Other,Graduate,TikTok,Entertainment,4.3,146,3.2,2.6,7.5,High,6.9
2921,21,Male,New Zealand,Undergraduate,Facebook,Networking,4.4,148,3.7,1.6,8.0,Medium,7.0
2922,23,Female,Other,Graduate,TikTok,Entertainment,2.4,90,4.7,2.8,8.1,Low,8.5
2923,23,Female,USA,Graduate,Snapchat,Entertainment,7.9,223,1.1,-0.1,5.8,Very High,5.2
2924,22,Male,Mexico,Undergraduate,Facebook,Networking,6.2,190,2.4,1.2,6.3,Very High,5.1
2925,24,Female,Other,Graduate,YouTube,Education,7.3,249,1.1,0.9,5.1,Very High,5.2
2926,22,Male,Canada,Undergraduate,TikTok,Entertainment,4.6,165,4.6,1.3,7.7,Medium,7.1
2927,22,Male,Turkey,Undergraduate,TikTok,Entertainment,3.8,155,5.1,1.9,8.3,Medium,6.2
2928,23,Male,UK,Graduate,Twitter,News,6.1,216,1.7,1.4,6.1,Very High,5.1
2929,20,Female,USA,Undergraduate,TikTok,Entertainment,5.5,169,1.5,2.0,6.8,High,6.2
2930,23,Female,San Marino,Graduate,LinkedIn,Education,2.4,103,5.6,2.6,7.1,Medium,8.3
2931,20,Female,Australia,Undergraduate,LinkedIn,Education,5.4,175,2.9,1.6,5.0,High,5.9
2932,20,Female,Spain,Undergraduate,TikTok,Entertainment,4.3,165,2.3,2.5,8.0,Medium,6.1
2933,22,Male,Nepal,Undergraduate,TikTok,Entertainment,4.8,144,3.9,0.9,7.6,Medium,6.7
2934,20,Male,Other,Undergraduate,YouTube,Education,2.4,96,5.8,2.2,7.5,Medium,7.1
2935,19,Male,France,Undergraduate,Snapchat,Entertainment,4.6,162,2.0,2.4,6.0,Medium,4.9
2936,21,Male,UK,Undergraduate,Instagram,Entertainment,5.2,184,2.8,2.3,6.5,High,6.0
2937,21,Female,Germany,Undergraduate,Snapchat,Entertainment,7.8,235,1.8,1.5,4.7,Very High,5.1
2938,18,Female,Other,High School,Facebook,Networking,6.4,220,1.3,2.3,4.5,Very High,4.8
2939,24,Female,Other,Graduate,TikTok,Entertainment,3.6,151,4.5,2.3,8.9,Medium,8.9
2940,21,Male,Italy,Undergraduate,TikTok,Entertainment,5.3,155,2.5,1.7,6.9,High,5.1
2941,23,Female,Spain,Graduate,Facebook,Networking,6.6,187,2.0,1.2,6.5,High,5.3
2942,22,Male,Other,Undergraduate,Facebook,Networking,4.7,175,3.8,1.9,5.9,High,6.4
2943,19,Female,Germany,Undergraduate,Snapchat,Entertainment,5.4,183,1.9,0.7,7.5,Medium,6.2
2944,19,Male,USA,Undergraduate,LinkedIn,Education,5.7,187,1.8,1.4,5.4,Very High,5.1
2945,21,Female,Pakistan,Undergraduate,Instagram,Entertainment,5.3,176,3.4,1.7,6.7,High,5.2
2946,19,Male,Other,Undergraduate,YouTube,Education,3.0,102,6.1,3.1,8.0,Medium,7.8
2947,23,Male,Other,Graduate,TikTok,Entertainment,6.4,213,0.9,1.2,5.4,Very High,4.5
2948,23,Female,Other,Graduate,LinkedIn,Education,1.8,107,8.3,2.5,8.0,Low,7.4
2949,22,Male,Japan,Undergraduate,Twitter,News,4.6,149,3.4,3.0,7.3,Medium,7.9
2950,20,Female,Ireland,Undergraduate,TikTok,Entertainment,4.7,133,3.7,1.6,7.5,Medium,7.1
2951,22,Female,Other,Undergraduate,YouTube,Education,4.3,140,3.7,0.9,6.1,Medium,5.8
2952,20,Female,Spain,Undergraduate,TikTok,Entertainment,4.5,169,3.0,2.0,7.3,High,6.2
2953,21,Male,Other,Undergraduate,LinkedIn,Education,7.9,253,1.0,0.8,5.8,Very High,5.3
2954,20,Male,Canada,Undergraduate,LinkedIn,Education,4.3,144,4.2,1.9,6.6,Medium,6.7
2955,22,Male,Other,Undergraduate,LinkedIn,Education,6.5,201,1.6,2.1,4.7,Very High,5.1
2956,19,Female,Bangladesh,Undergraduate,Instagram,Entertainment,5.2,154,2.3,2.2,7.0,High,5.2
2957,22,Female,Australia,Undergraduate,TikTok,Entertainment,7.7,225,1.3,0.8,5.0,Very High,4.2
2958,20,Female,Australia,Undergraduate,Facebook,Networking,4.1,150,4.7,1.9,7.2,Medium,6.9
2959,23,Female,Other,Graduate,LinkedIn,Education,1.9,78,7.8,2.6,8.3,Low,7.6
2960,20,Female,UAE,Undergraduate,Instagram,Entertainment,6.2,188,0.8,1.7,6.5,Very High,5.0
2961,19,Female,India,Undergraduate,LinkedIn,Education,3.9,151,5.0,1.5,7.5,Medium,6.8
2962,22,Male,Maldives,Undergraduate,TikTok,Entertainment,5.5,187,3.3,2.8,5.4,Very High,6.0
2963,20,Female,Other,Undergraduate,LinkedIn,Education,7.3,232,1.8,1.6,6.0,Very High,4.3
2964,21,Male,Other,Undergraduate,Snapchat,Entertainment,8.4,251,1.0,0.6,5.2,Very High,5.3
2965,22,Male,New Zealand,Undergraduate,Instagram,Entertainment,4.8,146,2.6,2.6,7.8,High,6.8
2966,21,Male,Australia,Undergraduate,YouTube,Education,6.8,211,1.3,1.3,6.0,Very High,5.0
2967,21,Male,Mexico,Undergraduate,WhatsApp,News,6.2,203,1.6,2.9,6.2,Very High,6.2
2968,19,Female,Costa Rica,Undergraduate,Instagram,Entertainment,5.4,180,3.1,1.3,5.6,Very High,5.3
2969,18,Male,Other,High School,Facebook,Networking,6.0,211,2.9,1.6,5.4,High,4.3
2970,24,Male,Other,Graduate,Facebook,Networking,1.9,110,6.4,2.8,7.7,Low,8.2
2971,21,Female,Lithuania,Undergraduate,Facebook,Networking,3.4,120,4.4,2.0,6.9,Low,6.9
2972,18,Male,Australia,High School,Twitter,News,3.9,154,4.8,2.4,7.0,Medium,6.3
2973,19,Female,Other,Undergraduate,Snapchat,Entertainment,4.6,167,4.8,1.9,5.9,High,6.3
2974,21,Male,Poland,Undergraduate,Facebook,Networking,4.1,153,5.0,2.3,7.9,High,7.2
2975,19,Female,Mexico,Undergraduate,TikTok,Entertainment,6.2,203,1.9,2.2,6.4,High,4.7
2976,18,Male,Other,High School,Facebook,Networking,4.0,124,4.5,1.2,7.0,Medium,8.1
2977,24,Male,Other,Graduate,Facebook,Networking,2.0,110,6.4,3.0,7.9,Low,8.2
2978,19,Female,Germany,Undergraduate,Snapchat,Entertainment,5.2,183,1.8,0.8,7.4,Medium,6.2
2979,22,Female,Other,Undergraduate,Snapchat,Entertainment,2.4,102,6.1,2.9,7.8,Medium,8.8
2980,20,Female,Other,Undergraduate,Snapchat,Entertainment,4.0,136,2.7,1.7,7.5,Medium,7.0
2981,21,Male,Denmark,Undergraduate,Facebook,Networking,3.1,125,5.5,2.7,9.1,Low,7.7
2982,22,Male,India,Undergraduate,WhatsApp,Education,6.6,210,0.8,1.9,6.1,High,5.0
2983,21,Male,Canada,Undergraduate,TikTok,Entertainment,7.0,203,1.2,1.3,4.6,Very High,4.4
2984,21,Female,India,Undergraduate,YouTube,Education,2.6,94,5.6,3.1,7.4,Low,7.1
2985,23,Female,Iraq,Graduate,LinkedIn,Education,3.0,100,4.4,2.1,6.9,Medium,8.3
2986,19,Female,Ireland,Undergraduate,Instagram,Entertainment,6.0,189,2.1,1.9,5.2,Very High,4.8
2987,21,Male,Denmark,Undergraduate,Facebook,Networking,2.6,116,5.5,2.7,8.5,Medium,8.0
2988,18,Male,Other,High School,Snapchat,Entertainment,6.8,220,1.0,1.8,5.4,Very High,5.1
2989,22,Male,Australia,Undergraduate,YouTube,Education,6.1,210,1.3,2.2,5.7,Very High,4.7
2990,19,Female,Other,Undergraduate,YouTube,Education,7.0,233,0.8,1.2,5.4,Very High,4.8
2991,23,Male,Other,Graduate,TikTok,Entertainment,5.4,188,3.1,1.6,7.0,High,6.8
2992,19,Female,Japan,Undergraduate,LINE,News,2.9,112,5.4,2.5,8.4,Medium,7.9
2993,22,Female,Other,Undergraduate,Twitter,News,3.1,126,4.1,1.6,8.1,Low,7.1
2994,24,Female,Other,Graduate,YouTube,Education,8.2,229,0.9,0.6,4.7,Very High,5.6
2995,18,Male,Other,High School,Twitter,News,1.6,91,6.6,2.7,9.2,Low,8.5
2996,20,Female,Other,Undergraduate,LinkedIn,Education,2.8,107,5.5,2.6,8.6,Low,8.0
2997,21,Male,Egypt,Undergraduate,YouTube,Education,4.0,150,4.6,1.8,6.4,Medium,7.4
2998,22,Male,Other,Undergraduate,Facebook,Networking,5.5,199,2.4,0.7,4.7,High,4.8
2999,18,Male,Other,High School,Facebook,Networking,3.0,132,4.9,2.7,8.1,Medium,7.7
3000,18,Female,Other,High School,Snapchat,Entertainment,3.4,106,3.4,2.3,7.8,Low,8.7
3001,21,Male,Egypt,Undergraduate,YouTube,Education,3.6,150,4.3,1.4,6.8,Medium,6.7
3002,19,Female,Ireland,Undergraduate,Instagram,Entertainment,6.1,199,1.4,2.1,5.6,Very High,5.1
3003,18,Male,Other,High School,Snapchat,Entertainment,7.8,240,1.0,1.3,5.0,Very High,5.7
3004,23,Female,Other,Graduate,YouTube,Education,4.6,171,3.4,2.3,7.3,High,6.1
3005,23,Female,UK,Graduate,Snapchat,Entertainment,5.5,176,3.0,2.3,5.5,Very High,4.8
3006,22,Male,Denmark,Undergraduate,Facebook,Networking,2.8,117,4.5,2.7,9.0,Low,8.7
3007,19,Male,Denmark,Undergraduate,Instagram,Entertainment,4.7,148,3.8,1.3,7.4,Medium,6.9
3008,18,Male,Other,High School,LinkedIn,Education,7.1,219,1.3,1.7,5.7,Very High,5.0
3009,19,Female,Nepal,Undergraduate,TikTok,Entertainment,6.4,183,1.0,1.9,5.1,Very High,5.9
3010,18,Female,Other,High School,Facebook,Networking,7.6,219,0.9,1.8,4.3,Very High,5.8
3011,21,Female,Other,Undergraduate,TikTok,Entertainment,3.8,148,4.5,1.9,7.9,High,9.0
3012,20,Female,Australia,Undergraduate,Facebook,Networking,4.0,151,2.6,1.5,7.4,Medium,7.1
3013,23,Female,Other,Graduate,YouTube,Education,5.5,195,3.5,2.5,6.2,High,6.4
3014,19,Male,Other,Undergraduate,Instagram,Entertainment,2.9,94,5.4,1.8,8.2,Low,7.5
3015,22,Male,Other,Undergraduate,Twitter,News,5.4,189,3.8,2.0,6.4,High,7.0
3016,19,Male,Other,Undergraduate,TikTok,Entertainment,5.2,163,3.7,1.7,7.0,Medium,6.4
3017,19,Male,Other,Undergraduate,Facebook,Networking,4.8,170,4.1,2.7,6.1,High,6.4
3018,20,Male,Other,Undergraduate,Instagram,Entertainment,4.8,172,3.7,2.0,7.0,Medium,6.6
3019,20,Female,Australia,Undergraduate,Snapchat,Entertainment,7.8,235,1.2,1.4,5.3,Very High,4.9
3020,21,Male,Denmark,Undergraduate,Facebook,Networking,3.0,141,4.3,2.7,8.5,Medium,7.8
3021,19,Male,Other,Undergraduate,TikTok,Entertainment,4.8,174,3.2,1.6,6.6,High,6.3
3022,20,Female,Australia,Undergraduate,Snapchat,Entertainment,7.4,235,1.2,1.3,5.0,Very High,4.8
3023,22,Male,Denmark,Undergraduate,Facebook,Networking,3.2,117,4.7,3.0,8.9,Low,7.9
3024,20,Female,Netherlands,Undergraduate,Instagram,Entertainment,3.6,154,3.0,3.3,8.2,Medium,7.9
3025,19,Female,Bangladesh,Undergraduate,Instagram,Entertainment,4.7,157,3.0,2.4,6.9,Medium,5.1
3026,21,Female,India,Undergraduate,Facebook,Networking,3.1,139,5.4,2.2,7.2,Medium,8.5
3027,21,Female,Other,Undergraduate,Facebook,Networking,8.1,251,0.9,1.7,5.9,Very High,5.1
3028,23,Male,Canada,Graduate,Instagram,Entertainment,5.3,182,2.8,1.5,7.2,High,6.0
3029,20,Male,Other,Undergraduate,Twitter,News,2.7,114,4.9,1.9,8.4,Low,7.6
3030,24,Male,Ireland,Graduate,Instagram,Entertainment,5.7,173,2.8,1.4,6.5,High,6.0
3031,21,Female,India,Undergraduate,TikTok,Entertainment,5.7,192,2.2,2.0,6.5,Very High,6.1
3032,21,Male,Australia,Undergraduate,YouTube,Education,6.8,211,1.6,1.5,5.8,Very High,5.0
3033,22,Male,Other,Undergraduate,Twitter,News,5.8,208,1.7,2.1,4.7,Very High,5.6
3034,20,Female,South Korea,Undergraduate,KakaoTalk,Entertainment,4.8,169,2.0,1.9,6.9,High,5.8
3035,19,Male,Sri Lanka,Undergraduate,TikTok,Entertainment,6.1,188,1.3,2.0,5.9,High,6.0
3036,18,Female,Other,High School,Facebook,Networking,7.6,246,1.1,0.9,5.6,Very High,4.0
3037,22,Male,Pakistan,Undergraduate,Instagram,Entertainment,4.9,150,4.5,1.4,6.3,High,5.0
3038,24,Male,Other,Graduate,Twitter,News,8.0,232,0.8,1.0,5.9,Very High,4.7
3039,24,Female,Other,Graduate,TikTok,Entertainment,6.1,208,2.6,2.0,5.7,High,5.6
3040,22,Male,Other,Undergraduate,Twitter,News,5.7,199,1.4,1.2,6.2,High,7.0
3041,21,Female,Jordan,Undergraduate,TikTok,Entertainment,5.6,166,2.2,1.7,5.9,High,5.1
3042,20,Male,Other,Undergraduate,Facebook,Networking,5.0,149,2.6,1.9,7.3,Medium,6.0
3043,19,Male,Other,Undergraduate,Facebook,Networking,5.3,171,1.9,1.6,6.2,High,6.0
3044,18,Female,USA,High School,Facebook,Networking,3.0,128,5.5,2.8,7.8,Medium,8.6
3045,19,Female,Maldives,Undergraduate,Instagram,Entertainment,4.7,158,3.2,2.1,7.4,Medium,8.1
3046,18,Female,Czech Republic,High School,Snapchat,Entertainment,6.4,195,3.6,1.6,5.0,Very High,4.3
3047,21,Male,UK,Undergraduate,Facebook,Networking,4.5,168,3.0,2.0,6.8,Medium,6.1
3048,22,Female,Other,Undergraduate,TikTok,Entertainment,7.1,228,1.0,0.2,4.8,Very High,5.8
3049,21,Male,Mexico,Undergraduate,WhatsApp,Entertainment,6.6,196,1.9,1.2,5.5,Very High,5.8
3050,21,Male,Other,Undergraduate,Snapchat,Entertainment,3.5,125,3.5,2.1,7.5,Medium,8.7
3051,22,Male,Japan,Undergraduate,Twitter,News,4.6,149,3.1,3.7,7.4,Medium,8.0
3052,24,Male,South Africa,Graduate,LinkedIn,Education,2.6,113,6.3,3.2,7.4,Medium,7.7
3053,19,Male,USA,Undergraduate,TikTok,Entertainment,7.4,220,1.2,0.6,5.0,Very High,4.7
3054,20,Female,Spain,Undergraduate,TikTok,Entertainment,3.7,144,3.4,2.3,7.9,Low,5.9
3055,22,Female,USA,Undergraduate,LinkedIn,Education,4.1,154,3.2,1.1,7.0,Medium,6.7
3056,19,Male,Other,Undergraduate,LinkedIn,Education,7.8,252,1.6,-0.3,5.7,Very High,4.3
3057,19,Male,Australia,Undergraduate,YouTube,Education,5.7,193,1.9,1.6,5.7,High,5.6
3058,18,Male,Other,High School,Snapchat,Entertainment,5.8,212,2.5,1.5,5.0,Very High,5.6
3059,23,Male,Germany,Graduate,Facebook,Networking,7.6,214,1.2,2.5,5.7,Very High,5.2
3060,22,Male,Maldives,Undergraduate,TikTok,Entertainment,4.5,145,1.9,1.6,4.3,High,6.1
3061,19,Female,Other,Undergraduate,YouTube,Education,7.1,242,1.5,1.2,5.7,Very High,4.8
3062,18,Male,Trinidad,High School,TikTok,Entertainment,5.4,176,1.6,1.0,5.4,Very High,4.6
3063,22,Male,Other,Undergraduate,Facebook,Networking,7.0,196,0.9,0.7,5.2,Very High,4.6
3064,22,Male,Greece,Undergraduate,Facebook,Networking,3.3,122,3.6,1.9,6.8,Low,7.1
3065,23,Female,UK,Graduate,TikTok,Entertainment,6.0,177,2.0,2.0,6.4,Very High,5.1
3066,20,Female,Maldives,Undergraduate,Instagram,Entertainment,3.4,151,2.4,2.7,8.5,Medium,8.0
3067,24,Male,Other,Graduate,TikTok,Entertainment,6.5,209,1.1,1.8,5.7,Very High,5.5
3068,24,Female,USA,Graduate,Instagram,Entertainment,7.6,231,1.1,0.7,5.3,Very High,5.1
3069,19,Male,USA,Undergraduate,LinkedIn,Education,6.0,171,1.1,2.3,5.3,High,4.8
3070,20,Female,Sri Lanka,Undergraduate,Facebook,Networking,5.0,172,2.9,2.1,7.5,High,6.8
3071,22,Male,Ireland,Undergraduate,Twitter,News,6.0,206,2.7,2.1,6.9,High,5.9
3072,21,Male,India,Undergraduate,WhatsApp,News,6.5,224,3.3,1.5,5.6,Very High,4.9
3073,20,Female,Other,Undergraduate,YouTube,Education,3.0,107,5.4,2.5,7.6,Low,7.5
3074,21,Female,India,Undergraduate,TikTok,Entertainment,2.8,95,6.3,2.5,8.8,Low,7.6
3075,19,Female,Brazil,Undergraduate,WhatsApp,Networking,5.9,201,1.1,0.6,6.4,Very High,6.0
3076,20,Female,Australia,Undergraduate,Instagram,Entertainment,4.5,170,2.0,2.9,7.2,Medium,7.1
3077,24,Male,Mexico,Graduate,Facebook,Networking,6.5,194,2.4,0.5,6.4,High,4.8
3078,22,Male,Poland,Undergraduate,TikTok,Entertainment,6.4,212,1.1,1.1,6.3,Very High,5.0
3079,19,Female,Other,Undergraduate,Twitter,News,5.1,158,2.5,1.4,6.6,High,6.2
3080,18,Female,Other,High School,YouTube,Education,6.3,209,1.3,1.4,5.9,High,4.1
3081,19,Female,Other,Undergraduate,TikTok,Entertainment,8.3,260,0.8,1.6,5.5,Very High,5.7
3082,18,Female,UK,High School,Twitter,News,3.7,122,5.3,1.5,7.2,High,7.0
3083,18,Male,Other,High School,Instagram,Entertainment,7.1,222,1.2,1.2,5.6,Very High,4.8
3084,21,Male,India,Undergraduate,Snapchat,Entertainment,2.2,106,6.2,2.0,7.1,Medium,8.3
3085,22,Male,Canada,Undergraduate,YouTube,Education,4.1,149,3.6,2.4,7.3,Medium,7.9
3086,23,Female,India,Graduate,TikTok,Entertainment,6.2,192,1.8,1.8,5.0,Very High,4.9
3087,18,Male,Other,High School,LinkedIn,Education,3.9,135,3.7,1.3,6.5,Medium,5.8
3088,19,Female,Bangladesh,Undergraduate,Instagram,Entertainment,4.3,149,2.1,1.2,7.0,Medium,4.9
3089,22,Male,Germany,Undergraduate,Instagram,Entertainment,3.8,158,2.8,1.7,7.7,Medium,7.8
3090,21,Male,Turkey,Undergraduate,Instagram,Entertainment,3.9,138,2.8,1.2,8.2,Medium,6.0
3091,19,Female,Other,Undergraduate,Twitter,News,5.7,191,3.5,1.3,5.5,Very High,5.3
3092,19,Female,USA,Undergraduate,Instagram,Entertainment,7.4,236,0.9,0.4,4.7,Very High,4.5
3093,24,Female,Other,Graduate,TikTok,Entertainment,4.7,174,4.6,2.3,6.6,High,6.3
3094,18,Male,Australia,High School,Twitter,News,4.7,143,3.9,1.2,6.2,High,6.6
3095,22,Male,Other,Undergraduate,Facebook,Networking,7.7,250,1.1,0.2,4.8,Very High,5.9
3096,21,Male,Canada,Undergraduate,Instagram,Entertainment,4.4,156,3.1,1.3,7.6,Medium,6.8
3097,22,Male,Canada,Undergraduate,TikTok,Entertainment,4.3,152,3.8,2.1,7.8,High,6.3
3098,20,Female,Nepal,Undergraduate,TikTok,Entertainment,5.7,173,0.9,1.7,5.4,Very High,5.7
3099,18,Male,Other,High School,LinkedIn,Education,6.7,191,1.8,1.8,4.7,Very High,5.0
3100,22,Male,Germany,Undergraduate,Instagram,Entertainment,3.9,139,4.5,2.5,7.9,Medium,7.7
3101,23,Female,India,Graduate,Twitter,News,1.8,68,5.8,3.3,7.2,Medium,8.9
3102,24,Male,India,Graduate,LinkedIn,Education,7.9,261,0.7,0.5,5.2,Very High,5.0
3103,18,Male,Other,High School,LinkedIn,Education,3.7,133,4.3,1.6,7.3,High,6.9
3104,22,Female,USA,Undergraduate,LinkedIn,Education,4.1,143,3.4,2.4,7.0,High,6.6
3105,22,Male,Mexico,Undergraduate,WhatsApp,Entertainment,5.9,186,1.5,1.1,5.7,Very High,5.9
3106,19,Female,Other,Undergraduate,Facebook,Networking,5.9,187,1.7,1.0,4.8,High,4.6
3107,21,Male,Mexico,Undergraduate,WhatsApp,Entertainment,6.3,196,2.0,1.2,5.6,Very High,6.1
3108,19,Female,Canada,Undergraduate,Instagram,Entertainment,4.4,144,3.5,1.9,6.2,High,6.7
3109,21,Male,India,Undergraduate,Facebook,Networking,4.9,181,4.0,2.0,7.9,Medium,6.9
3110,21,Male,Poland,Undergraduate,Facebook,Networking,3.3,145,4.6,2.3,8.3,Medium,7.1
3111,21,Female,Canada,Undergraduate,Instagram,Entertainment,3.3,110,3.6,1.7,7.1,Low,7.0
3112,21,Female,India,Undergraduate,Instagram,Entertainment,5.4,171,2.3,1.6,4.8,High,5.8
3113,20,Male,Tajikistan,Undergraduate,YouTube,Education,4.3,151,1.5,3.2,6.2,High,6.1
3114,23,Male,Other,Graduate,Snapchat,Entertainment,6.2,218,1.4,2.1,5.5,Very High,5.0
3115,22,Female,Other,Undergraduate,Snapchat,Entertainment,6.3,210,1.2,1.9,5.4,Very High,5.6
3116,21,Male,Germany,Undergraduate,Instagram,Entertainment,1.9,103,7.2,1.4,8.8,Low,8.6
3117,20,Female,Spain,Undergraduate,TikTok,Entertainment,4.5,165,2.3,2.4,7.9,Medium,5.7
3118,21,Male,Other,Undergraduate,TikTok,Entertainment,3.2,123,4.3,3.2,7.0,Medium,7.2
3119,22,Female,USA,Undergraduate,YouTube,Education,7.1,244,1.3,1.3,4.6,Very High,5.5
3120,19,Male,Uzbekistan,Undergraduate,TikTok,Entertainment,5.4,198,1.6,1.1,5.4,Very High,4.8
3121,19,Male,France,Undergraduate,Snapchat,Entertainment,4.8,162,2.0,2.3,6.5,Medium,5.0
3122,22,Male,Germany,Undergraduate,Facebook,Networking,3.8,137,2.7,2.6,7.4,Medium,7.9
3123,22,Male,Mexico,Undergraduate,WhatsApp,Education,6.9,212,1.1,0.7,5.0,Very High,5.5
3124,19,Female,Ireland,Undergraduate,Instagram,Entertainment,4.0,135,3.9,1.3,7.7,High,6.8
3125,20,Female,Bangladesh,Undergraduate,Instagram,Entertainment,4.4,169,3.8,2.2,7.2,Medium,5.2
3126,21,Male,UK,Undergraduate,YouTube,Education,6.0,192,2.8,0.9,5.2,High,5.8
3127,22,Female,Other,Undergraduate,Instagram,Entertainment,4.4,148,2.8,2.0,6.7,High,6.9
3128,21,Male,Canada,Undergraduate,Instagram,Entertainment,4.6,147,3.2,3.0,7.6,Medium,6.0
3129,20,Female,Other,Undergraduate,TikTok,Entertainment,3.6,157,5.3,2.4,8.6,Medium,8.6
3130,19,Female,Other,Undergraduate,Twitter,News,5.8,166,2.3,1.3,4.8,Very High,5.2
3131,22,Male,Turkey,Undergraduate,TikTok,Entertainment,4.9,163,4.6,1.4,7.5,Medium,5.8
3132,20,Male,USA,Undergraduate,Instagram,Entertainment,4.1,150,2.9,2.2,6.4,Medium,7.0
3133,20,Male,Canada,Undergraduate,LinkedIn,Education,4.4,144,4.1,1.3,6.7,Medium,6.5
3134,20,Male,Australia,Undergraduate,LinkedIn,Education,3.2,141,4.0,1.5,8.7,Medium,7.9
3135,23,Female,Poland,Graduate,Instagram,Entertainment,6.2,188,1.1,0.7,6.4,High,4.9
3136,21,Female,USA,Undergraduate,LinkedIn,Education,5.6,173,3.1,1.7,6.8,High,6.8
3137,22,Male,Germany,Undergraduate,Instagram,Entertainment,3.3,122,4.7,1.9,8.1,Low,7.9
3138,20,Male,UK,Undergraduate,Facebook,Networking,6.6,187,2.0,1.3,6.3,Very High,5.0
3139,21,Male,Mexico,Undergraduate,WhatsApp,Education,6.4,172,1.8,1.7,5.8,Very High,6.1
3140,21,Male,Italy,Undergraduate,Instagram,Entertainment,5.2,186,2.0,3.1,6.9,High,5.1
3141,19,Female,France,Undergraduate,Instagram,Entertainment,4.5,156,5.9,1.0,7.8,Medium,7.2
3142,21,Female,Other,Undergraduate,TikTok,Entertainment,7.6,249,0.8,1.3,4.8,Very High,4.8
3143,23,Female,Other,Graduate,TikTok,Entertainment,3.0,124,5.0,2.6,7.5,Medium,9.2
3144,19,Male,Other,Undergraduate,Facebook,Networking,5.3,192,2.4,1.3,6.7,High,6.8
3145,23,Male,UK,Graduate,Instagram,Entertainment,4.0,126,5.4,2.0,8.2,Medium,7.0
3146,24,Male,Other,Graduate,Snapchat,Entertainment,6.2,215,1.4,1.8,5.3,Very High,4.4
3147,24,Female,Other,Graduate,YouTube,Education,7.9,229,0.8,1.8,5.6,Very High,5.8
3148,21,Male,Other,Undergraduate,Facebook,Networking,5.9,209,3.2,0.5,6.2,Very High,6.3
3149,19,Female,USA,Undergraduate,LinkedIn,Education,3.0,115,4.9,2.8,9.1,Low,7.7
3150,18,Female,Australia,High School,LinkedIn,Education,6.2,202,1.4,1.8,5.7,Very High,5.6
3151,21,Male,Italy,Undergraduate,TikTok,Entertainment,5.1,175,2.6,1.7,7.3,High,4.7
3152,18,Male,Other,High School,Snapchat,Entertainment,4.8,166,3.7,2.0,5.8,Medium,6.8
3153,21,Male,Germany,Undergraduate,Instagram,Entertainment,3.5,134,4.0,2.6,7.2,Medium,8.5
3154,24,Female,Other,Graduate,Facebook,Networking,6.2,197,2.5,0.8,5.1,Very High,4.7
3155,24,Male,Germany,Graduate,Snapchat,Entertainment,6.9,227,1.4,0.7,5.1,Very High,4.4
3156,20,Female,Other,Undergraduate,TikTok,Entertainment,6.3,223,1.7,1.2,5.6,Very High,3.9
3157,22,Male,Other,Undergraduate,Snapchat,Entertainment,6.6,226,0.9,2.1,5.0,Very High,5.2
3158,21,Male,Turkey,Undergraduate,Instagram,Entertainment,5.3,172,2.6,0.4,6.5,High,6.1
3159,23,Male,India,Graduate,TikTok,Entertainment,2.2,113,5.5,2.7,7.2,Medium,8.4
3160,21,Male,Other,Undergraduate,LinkedIn,Education,3.8,122,3.2,2.1,7.2,Medium,8.7
3161,24,Female,Other,Graduate,Facebook,Networking,7.2,237,0.9,1.1,4.8,Very High,4.2
3162,18,Male,Canada,High School,Instagram,Entertainment,6.4,196,2.4,1.8,5.7,High,4.8
3163,20,Female,Ireland,Undergraduate,Instagram,Entertainment,4.8,164,3.3,2.0,6.9,High,7.4
3164,24,Female,Other,Graduate,Instagram,Entertainment,3.6,133,4.2,1.5,9.3,Medium,9.0
3165,19,Male,Other,Undergraduate,LinkedIn,Education,7.6,227,0.9,1.4,6.0,Very High,5.7
3166,23,Female,Spain,Graduate,Facebook,Networking,6.2,215,1.3,0.8,6.4,Very High,4.9
3167,21,Male,Denmark,Undergraduate,Facebook,Networking,3.4,125,6.0,2.6,9.0,Low,8.0
3168,24,Female,Other,Graduate,YouTube,Education,7.3,229,0.9,1.3,5.6,Very High,5.4
3169,22,Male,India,Undergraduate,WhatsApp,News,6.4,205,1.1,1.3,5.1,Very High,5.0
3170,22,Male,India,Undergraduate,Snapchat,Entertainment,4.6,146,4.0,1.7,6.8,Medium,6.8
3171,24,Male,UK,Graduate,TikTok,Entertainment,5.6,204,1.0,0.6,5.6,High,4.9
3172,21,Male,Turkey,Undergraduate,Instagram,Entertainment,3.9,150,4.9,2.9,8.1,Low,5.8
3173,19,Male,Other,Undergraduate,Instagram,Entertainment,1.8,83,5.7,3.4,7.1,Medium,8.2
3174,21,Male,Other,Undergraduate,TikTok,Entertainment,3.1,123,4.7,3.0,7.2,Medium,7.0
3175,24,Male,Other,Graduate,Instagram,Entertainment,2.2,114,4.3,1.1,7.2,Low,7.0
3176,21,Male,Mexico,Undergraduate,WhatsApp,News,6.1,203,1.2,2.6,6.3,Very High,5.8
3177,19,Female,Germany,Undergraduate,Snapchat,Entertainment,5.3,183,2.1,0.5,7.2,Medium,6.4
3178,21,Male,UK,Undergraduate,Instagram,Entertainment,5.4,179,1.8,1.0,7.0,Very High,5.7
3179,18,Female,Other,High School,LinkedIn,Education,6.0,178,2.4,0.7,4.7,Very High,5.5
3180,20,Female,Other,Undergraduate,TikTok,Entertainment,4.9,172,1.2,1.8,7.5,Medium,6.7
3181,22,Male,Canada,Undergraduate,Twitter,News,5.0,158,2.0,1.9,6.8,Medium,6.3
3182,20,Female,Other,Undergraduate,YouTube,Education,5.7,190,2.1,1.9,4.7,High,5.2
3183,22,Female,USA,Undergraduate,LinkedIn,Education,4.3,163,3.0,1.1,7.0,High,6.3
3184,20,Female,Sri Lanka,Undergraduate,Facebook,Networking,5.1,172,3.3,2.4,7.2,High,7.1
3185,22,Male,Turkey,Undergraduate,TikTok,Entertainment,3.4,142,3.9,2.3,8.0,Medium,6.0
3186,20,Male,Other,Undergraduate,Twitter,News,8.0,222,0.8,0.7,5.5,Very High,5.2
3187,20,Female,Other,Undergraduate,Twitter,News,6.9,227,1.3,1.4,5.0,High,5.5
3188,22,Female,Other,Undergraduate,Instagram,Entertainment,4.5,148,2.8,1.8,6.6,High,7.1
3189,21,Male,Turkey,Undergraduate,Instagram,Entertainment,6.9,215,1.3,1.8,6.0,High,5.2
3190,19,Male,India,Undergraduate,LinkedIn,Education,5.6,170,1.3,1.6,6.5,High,6.5
3191,18,Male,Other,High School,Facebook,Networking,5.9,211,3.2,1.9,5.1,High,4.2
3192,20,Female,USA,Undergraduate,TikTok,Entertainment,7.8,226,1.2,1.8,4.9,Very High,5.1
3193,23,Male,Other,Graduate,Instagram,Entertainment,3.4,147,4.2,1.4,8.3,Low,7.2
3194,23,Male,Other,Graduate,YouTube,Education,1.7,79,5.8,2.3,7.3,Low,8.0
3195,23,Male,USA,Graduate,Twitter,News,5.2,175,2.4,1.1,6.7,Medium,5.9
3196,19,Male,USA,Undergraduate,YouTube,Education,5.8,175,2.0,0.4,5.3,Very High,5.6
3197,23,Male,Other,Graduate,LinkedIn,Education,5.7,208,2.6,1.9,6.0,Very High,4.7
3198,22,Male,Russia,Undergraduate,VKontakte,Entertainment,4.6,154,2.4,2.2,7.2,High,7.1
3199,19,Female,Other,Undergraduate,LinkedIn,Education,5.5,174,3.2,2.0,6.7,Very High,6.2
3200,20,Male,Nepal,Undergraduate,Facebook,Networking,4.6,144,4.3,1.5,7.6,High,7.2
3201,20,Female,UAE,Undergraduate,Instagram,Entertainment,7.0,211,2.1,1.4,5.8,Very High,5.1
3202,23,Male,Poland,Graduate,Facebook,Networking,6.8,214,1.4,1.8,6.4,Very High,5.5
3203,24,Female,Germany,Graduate,TikTok,Entertainment,3.1,135,4.5,2.9,8.0,Medium,7.5
3204,20,Male,UK,Undergraduate,Facebook,Networking,6.2,219,0.8,2.0,6.2,High,4.9
3205,22,Female,USA,Undergraduate,YouTube,Education,6.1,226,1.5,1.2,5.4,Very High,4.9
3206,22,Male,Other,Undergraduate,Snapchat,Entertainment,6.9,226,0.9,1.6,4.7,Very High,5.0
3207,21,Male,Other,Undergraduate,YouTube,Education,6.2,207,0.8,0.8,5.6,High,4.4
3208,20,Male,Other,Undergraduate,Instagram,Entertainment,5.7,172,1.9,1.5,6.6,High,7.0
3209,22,Male,Canada,Undergraduate,TikTok,Entertainment,5.4,186,2.5,1.6,6.7,Medium,6.0
3210,19,Female,Other,Undergraduate,LinkedIn,Education,5.8,174,3.2,2.2,6.0,Very High,6.4
3211,18,Female,UK,High School,Twitter,News,3.4,122,5.6,1.7,6.6,High,6.9
3212,18,Male,Canada,High School,LinkedIn,Education,6.1,194,1.2,2.1,6.0,High,5.5
3213,24,Male,Turkey,Graduate,TikTok,Entertainment,6.7,218,1.2,1.6,6.1,Very High,5.5
3214,22,Male,India,Undergraduate,WhatsApp,Education,6.4,210,1.3,2.1,5.5,High,4.8
3215,23,Female,Australia,Graduate,LinkedIn,Education,7.4,232,0.5,0.0,5.0,Very High,4.5
3216,21,Female,Other,Undergraduate,Twitter,News,6.4,222,1.1,1.2,6.0,High,4.3
3217,19,Male,Other,Undergraduate,TikTok,Entertainment,7.0,208,1.1,1.1,5.2,Very High,5.5
3218,22,Male,Pakistan,Undergraduate,Instagram,Entertainment,4.4,154,3.9,2.1,6.3,High,4.7
3219,18,Male,Other,High School,Snapchat,Entertainment,1.2,86,6.1,2.3,8.3,Low,7.3
3220,21,Female,India,Undergraduate,YouTube,Education,6.9,233,1.0,0.9,5.5,Very High,4.9
3221,19,Male,Other,Undergraduate,LinkedIn,Education,3.7,136,2.8,2.1,9.0,Medium,8.2
3222,20,Female,Canada,Undergraduate,Facebook,Networking,4.4,154,4.1,1.9,6.4,High,6.0
3223,22,Male,Pakistan,Undergraduate,Instagram,Entertainment,4.2,154,4.2,2.1,6.7,High,4.7
3224,22,Female,Other,Undergraduate,LinkedIn,Education,1.7,100,6.6,2.4,7.3,Low,8.3
3225,24,Male,Other,Graduate,TikTok,Entertainment,6.6,209,1.2,1.8,5.6,Very High,5.5
3226,21,Male,Other,Undergraduate,LinkedIn,Education,3.1,120,5.8,2.1,8.7,Low,8.3
3227,19,Male,Sri Lanka,Undergraduate,TikTok,Entertainment,5.3,159,2.1,2.2,5.2,High,6.3
3228,21,Female,India,Undergraduate,YouTube,Education,2.4,94,5.7,3.2,7.2,Low,7.2
3229,21,Female,Australia,Undergraduate,Facebook,Networking,7.2,220,2.1,2.5,5.8,Very High,3.9
3230,19,Female,Japan,Undergraduate,LINE,Education,3.5,143,5.5,2.6,8.1,Medium,8.2
3231,20,Female,Other,Undergraduate,TikTok,Entertainment,3.7,157,5.5,2.2,9.1,Medium,8.6
3232,22,Male,Russia,Undergraduate,VKontakte,Entertainment,3.7,140,3.1,1.8,8.4,Low,7.3
3233,19,Male,UK,Undergraduate,Snapchat,Entertainment,3.7,140,3.2,2.6,6.3,Low,6.9
3234,21,Female,Other,Undergraduate,Instagram,Entertainment,6.8,233,0.8,1.5,5.1,Very High,6.1
3235,20,Male,Vatican City,Undergraduate,YouTube,Education,4.5,170,4.0,1.2,5.9,Medium,6.3
3236,24,Male,Other,Graduate,Snapchat,Entertainment,1.4,68,5.8,3.0,9.1,Low,7.5
3237,22,Male,Canada,Undergraduate,TikTok,Entertainment,3.7,122,4.2,1.8,8.4,Low,6.0
3238,21,Female,Italy,Undergraduate,TikTok,Entertainment,5.1,155,2.9,1.9,7.1,High,6.7
3239,23,Male,Other,Graduate,Snapchat,Entertainment,6.5,218,1.6,2.2,5.1,Very High,5.3
3240,19,Male,Other,Undergraduate,TikTok,Entertainment,7.3,213,1.2,1.8,5.3,Very High,5.3
3241,23,Female,Chile,Graduate,LinkedIn,Education,2.8,93,6.5,1.9,7.2,Medium,8.2
3242,19,Female,Other,Undergraduate,LinkedIn,Education,5.1,151,2.3,2.3,6.3,High,6.6
3243,19,Male,USA,Undergraduate,LinkedIn,Education,2.2,111,5.3,2.2,7.5,Low,8.8
3244,20,Female,USA,Undergraduate,TikTok,Entertainment,8.3,270,1.3,1.5,3.7,Very High,5.2
3245,22,Male,Germany,Undergraduate,YouTube,Education,5.3,182,4.1,2.0,5.7,High,5.4
3246,24,Female,Other,Graduate,Facebook,Networking,3.4,114,4.7,1.8,7.1,Medium,7.3
3247,23,Male,Poland,Graduate,TikTok,Entertainment,6.3,193,1.5,1.7,6.2,High,5.0
3248,22,Male,Other,Undergraduate,YouTube,Education,8.2,233,0.9,1.2,5.9,Very High,5.7
3249,19,Female,USA,Undergraduate,Instagram,Entertainment,7.0,230,2.1,1.3,5.0,Very High,3.6
3250,21,Male,India,Undergraduate,Snapchat,Entertainment,2.4,107,5.2,2.3,7.4,Low,7.8
3251,20,Female,USA,Undergraduate,Instagram,Entertainment,6.1,190,1.8,1.2,6.7,High,6.0
3252,19,Female,Azerbaijan,Undergraduate,TikTok,Entertainment,4.6,176,3.3,2.0,5.8,Medium,6.0
3253,21,Male,Other,Undergraduate,TikTok,Entertainment,1.8,79,6.4,2.6,8.1,Low,8.4
3254,20,Female,Spain,Undergraduate,TikTok,Entertainment,5.1,154,3.9,1.6,7.2,High,5.8
3255,20,Female,Netherlands,Undergraduate,Instagram,Entertainment,3.9,151,3.8,3.0,8.3,Medium,7.7
3256,19,Female,Germany,Undergraduate,Instagram,Entertainment,2.6,91,5.4,2.0,8.5,Low,7.1
3257,18,Male,Australia,High School,TikTok,Entertainment,8.1,226,0.7,0.7,4.6,Very High,5.8
3258,19,Female,France,Undergraduate,Instagram,Entertainment,4.2,154,3.5,2.7,8.1,Medium,6.7
3259,19,Female,Netherlands,Undergraduate,Instagram,Entertainment,3.3,132,5.1,3.0,8.9,Low,7.9
3260,23,Female,Other,Graduate,TikTok,Entertainment,2.0,90,4.5,2.8,8.4,Low,8.9
3261,19,Female,France,Undergraduate,Instagram,Entertainment,3.3,120,5.7,2.7,8.4,Medium,7.3
3262,18,Male,USA,High School,YouTube,Education,4.0,148,4.5,2.7,6.2,High,6.4
3263,18,Female,Other,High School,Snapchat,Entertainment,3.8,149,3.0,2.9,6.2,Medium,7.2
3264,19,Female,Other,Undergraduate,LinkedIn,Education,5.0,169,3.9,1.9,7.6,High,6.4
3265,21,Female,Other,Undergraduate,YouTube,Education,8.1,258,1.3,1.0,5.7,Very High,4.3
3266,20,Male,Other,Undergraduate,Facebook,Networking,3.8,146,6.0,2.7,8.8,Low,8.9
3267,22,Male,Canada,Undergraduate,TikTok,Entertainment,5.0,186,2.5,1.2,6.7,Medium,6.3
3268,20,Female,Netherlands,Undergraduate,Instagram,Entertainment,3.5,120,5.6,2.9,9.0,Low,7.8
3269,23,Female,Other,Graduate,Facebook,Networking,7.3,214,1.1,0.8,5.7,Very High,4.7
3270,19,Male,Other,Undergraduate,TikTok,Entertainment,6.8,222,1.3,1.3,5.1,Very High,4.0
3271,19,Female,Romania,Undergraduate,Instagram,Entertainment,5.4,194,2.2,1.5,6.0,High,4.5
3272,22,Male,Canada,Undergraduate,TikTok,Entertainment,4.8,154,3.5,2.2,7.3,Medium,6.2
3273,21,Male,Mexico,Undergraduate,WhatsApp,News,6.2,192,2.0,0.9,6.0,Very High,6.1
3274,22,Male,Mexico,Undergraduate,WhatsApp,Entertainment,6.3,186,1.2,0.8,6.3,Very High,6.1
3275,19,Female,Brazil,Undergraduate,WhatsApp,Networking,6.3,201,1.3,0.6,6.5,Very High,5.9
3276,19,Female,Singapore,Undergraduate,TikTok,Entertainment,5.8,196,3.4,1.9,6.4,High,6.0
3277,21,Male,Canada,Undergraduate,Instagram,Entertainment,5.1,185,2.4,1.4,6.6,High,5.7
3278,20,Female,France,Undergraduate,Instagram,Entertainment,3.3,124,5.7,2.6,9.0,Low,7.2
3279,21,Male,Canada,Undergraduate,Instagram,Entertainment,5.2,156,3.6,2.5,7.5,High,6.1
3280,19,Male,Other,Undergraduate,YouTube,Education,5.9,200,2.5,1.0,5.4,Very High,4.1
3281,23,Male,Other,Graduate,YouTube,Education,3.7,150,4.2,2.8,6.8,Medium,6.4
3282,22,Female,Other,Undergraduate,Facebook,Networking,2.9,97,5.3,2.9,7.0,Low,7.3
3283,22,Female,UK,Undergraduate,Snapchat,Entertainment,4.2,135,4.4,1.3,5.7,Medium,6.2
3284,20,Male,Other,Undergraduate,TikTok,Entertainment,3.5,141,3.3,3.2,7.2,Low,8.2
3285,23,Male,USA,Graduate,YouTube,Education,4.8,167,2.6,1.8,6.8,High,6.1
3286,21,Male,Other,Undergraduate,Twitter,News,5.1,191,3.2,2.1,7.0,High,6.8
3287,21,Male,Other,Undergraduate,TikTok,Entertainment,3.9,154,5.9,2.6,7.8,Medium,8.4
3288,21,Female,Pakistan,Undergraduate,Instagram,Entertainment,4.6,144,3.5,1.9,7.2,High,4.9
3289,20,Female,Other,Undergraduate,Twitter,News,5.9,167,2.3,1.9,5.4,High,5.7
3290,18,Male,Other,High School,Snapchat,Entertainment,4.8,168,2.3,2.1,6.4,High,7.1
3291,21,Male,Other,Undergraduate,TikTok,Entertainment,2.8,119,4.6,2.0,7.6,High,8.6
3292,19,Female,Switzerland,Undergraduate,Instagram,Entertainment,2.5,129,5.0,2.4,9.1,Low,8.1
3293,21,Male,Italy,Undergraduate,Instagram,Entertainment,5.8,177,4.2,1.6,6.9,High,5.9
3294,23,Male,USA,Graduate,Twitter,News,5.3,184,2.7,1.3,6.8,High,5.9
3295,22,Male,Nepal,Undergraduate,Facebook,Networking,4.1,137,3.2,1.9,7.8,Medium,7.2
3296,19,Female,Maldives,Undergraduate,Instagram,Entertainment,5.1,176,2.6,1.5,5.6,High,6.2
3297,22,Male,New Zealand,Undergraduate,Instagram,Entertainment,4.1,162,4.1,1.0,8.0,Low,7.3
3298,18,Male,India,High School,Instagram,Entertainment,2.6,121,5.6,2.4,7.6,Medium,8.6
3299,22,Male,Nepal,Undergraduate,Facebook,Networking,4.0,137,2.9,1.4,7.8,Medium,7.1
3300,22,Male,Russia,Undergraduate,VKontakte,Entertainment,4.2,142,2.1,2.0,7.8,Medium,7.1
3301,18,Male,Other,High School,Snapchat,Entertainment,5.9,207,1.2,1.7,5.0,High,5.4
3302,19,Female,USA,Undergraduate,Instagram,Entertainment,7.5,239,0.9,1.3,4.7,Very High,4.9
3303,20,Female,Bangladesh,Undergraduate,Instagram,Entertainment,4.1,148,5.3,1.0,7.8,Medium,5.1
3304,21,Male,Japan,Undergraduate,Twitter,News,4.3,160,5.0,1.5,7.6,Medium,7.6
3305,20,Female,UK,Undergraduate,TikTok,Entertainment,6.9,207,1.6,1.6,6.5,Very High,4.3
3306,18,Female,USA,High School,YouTube,Education,7.1,216,0.6,0.3,5.3,Very High,5.7
3307,23,Male,Other,Graduate,LinkedIn,Education,6.2,191,2.3,2.2,5.9,High,4.7
3308,22,Male,Switzerland,Undergraduate,Facebook,Networking,4.3,154,4.9,2.2,7.2,High,6.9
3309,20,Male,Australia,Undergraduate,LinkedIn,Education,3.1,141,3.7,1.7,8.8,Medium,8.0
3310,21,Male,UK,Undergraduate,TikTok,Entertainment,4.7,151,3.1,1.4,6.3,High,5.8
3311,19,Male,Other,Undergraduate,TikTok,Entertainment,4.0,130,3.7,1.2,8.1,Medium,8.6
3312,20,Male,Other,Undergraduate,LinkedIn,Education,8.5,257,0.8,0.5,5.8,Very High,5.9
3313,18,Female,USA,High School,Instagram,Entertainment,5.2,202,2.7,1.7,5.4,High,4.6
3314,21,Male,Mexico,Undergraduate,WhatsApp,News,6.2,192,2.2,1.0,5.9,Very High,6.0
3315,20,Female,Paraguay,Undergraduate,TikTok,Entertainment,4.7,165,2.9,2.6,5.9,High,5.8
3316,22,Male,Other,Undergraduate,Instagram,Entertainment,6.2,215,1.4,1.3,4.3,Very High,4.2
3317,22,Male,Ireland,Undergraduate,Twitter,News,5.7,201,3.8,1.7,6.5,High,6.2
3318,21,Female,India,Undergraduate,TikTok,Entertainment,5.7,192,2.2,2.0,5.9,Very High,5.6
3319,19,Female,Other,Undergraduate,Facebook,Networking,4.5,156,2.1,1.9,6.0,High,6.3
3320,21,Male,Other,Undergraduate,Instagram,Entertainment,6.3,191,1.2,1.4,5.6,Very High,4.6
3321,22,Male,Russia,Undergraduate,VKontakte,Education,3.7,157,5.5,1.7,8.2,Medium,6.6
3322,22,Female,Other,Undergraduate,YouTube,Education,7.7,239,1.5,0.5,5.2,Very High,4.8
3323,19,Female,USA,Undergraduate,Instagram,Entertainment,6.4,222,0.6,1.1,5.7,Very High,4.3
3324,18,Female,Other,High School,LinkedIn,Education,4.8,177,2.7,2.7,5.8,High,6.4
3325,20,Male,Other,Undergraduate,YouTube,Education,2.8,96,6.0,2.2,7.4,Medium,7.4
3326,21,Male,Poland,Undergraduate,Facebook,Networking,4.0,153,4.9,2.5,8.0,High,7.2
3327,19,Female,France,Undergraduate,Instagram,Entertainment,4.9,164,2.3,2.0,7.2,High,7.1
3328,24,Male,India,Graduate,Instagram,Entertainment,2.7,101,5.3,2.9,8.7,Medium,8.0
3329,21,Female,Turkey,Undergraduate,TikTok,Entertainment,6.8,234,1.4,1.5,6.1,Very High,4.8
3330,22,Male,Russia,Undergraduate,VKontakte,Entertainment,3.8,126,4.6,1.6,8.0,Medium,6.8
3331,20,Female,UAE,Undergraduate,Instagram,Entertainment,6.5,188,1.0,2.0,6.7,Very High,5.0
3332,23,Female,Other,Graduate,TikTok,Entertainment,6.4,191,1.1,2.2,5.8,High,5.5
3333,21,Male,Vietnam,Undergraduate,Facebook,Networking,3.5,116,4.6,1.6,6.4,Medium,6.8
3334,20,Female,UK,Undergraduate,Twitter,News,5.9,190,1.3,1.4,6.6,High,5.0
3335,19,Female,Other,Undergraduate,YouTube,Education,2.5,114,4.5,2.7,8.6,Low,7.6
3336,22,Male,New Zealand,Undergraduate,Instagram,Entertainment,4.2,161,2.0,1.9,8.2,Medium,7.0
3337,22,Female,Ireland,Undergraduate,Instagram,Entertainment,5.9,184,1.3,1.3,6.3,High,5.9
3338,18,Male,Other,High School,LinkedIn,Education,7.3,232,1.1,0.4,5.1,Very High,5.5
3339,20,Female,Spain,Undergraduate,TikTok,Entertainment,4.0,152,3.9,3.0,7.7,Medium,5.9
3340,21,Male,Other,Undergraduate,Snapchat,Entertainment,4.2,162,4.3,2.6,7.0,High,7.0
3341,22,Male,Sri Lanka,Undergraduate,Facebook,Networking,5.5,192,4.1,2.1,5.4,High,5.8
3342,24,Male,Other,Graduate,Snapchat,Entertainment,7.2,217,1.2,0.9,4.4,Very High,5.4
3343,23,Male,USA,Graduate,YouTube,Education,4.7,167,2.6,1.9,6.7,High,6.2
3344,21,Female,Other,Undergraduate,Instagram,Entertainment,4.5,143,3.8,1.5,6.3,High,6.4
3345,19,Female,Ireland,Undergraduate,Instagram,Entertainment,5.9,199,1.4,2.0,5.7,Very High,4.8
3346,20,Male,UK,Undergraduate,LinkedIn,Education,4.5,167,4.2,3.0,6.1,Medium,6.6
3347,23,Female,India,Graduate,TikTok,Entertainment,6.6,192,1.4,1.3,5.5,Very High,4.9
3348,18,Female,Australia,High School,LinkedIn,Education,6.3,202,1.7,2.1,6.0,Very High,5.5
3349,22,Male,Turkey,Undergraduate,TikTok,Entertainment,3.9,143,4.0,1.7,7.6,Medium,6.2
3350,18,Male,Other,High School,YouTube,Education,6.0,189,2.4,2.0,6.0,High,4.2
3351,22,Male,India,Undergraduate,WhatsApp,News,5.8,198,3.6,1.5,6.4,High,4.9
3352,20,Male,Other,Undergraduate,Twitter,News,2.1,112,5.1,1.9,7.5,Low,7.8
3353,23,Male,USA,Graduate,Instagram,Entertainment,5.6,172,2.9,0.8,6.2,High,4.5
3354,18,Female,UK,High School,Facebook,Networking,6.9,223,1.2,2.3,5.6,Very High,4.7
3355,20,Male,Other,Undergraduate,TikTok,Entertainment,3.5,141,3.3,3.3,7.1,Low,7.9
3356,22,Male,Pakistan,Undergraduate,Instagram,Entertainment,4.2,150,4.1,1.3,6.5,High,4.9
3357,21,Male,Australia,Undergraduate,YouTube,Education,7.2,211,1.7,1.4,5.6,Very High,4.8
3358,20,Female,Japan,Undergraduate,Twitter,News,4.7,139,4.1,1.5,7.7,High,7.9
3359,20,Female,Other,Undergraduate,Facebook,Networking,6.4,182,1.3,1.9,5.9,High,5.0
3360,21,Female,Finland,Undergraduate,Instagram,Entertainment,3.8,151,3.2,2.6,7.5,Medium,6.9
3361,23,Male,Other,Graduate,LinkedIn,Education,2.6,100,5.5,2.7,7.5,Medium,7.6
3362,24,Female,Other,Graduate,Facebook,Networking,7.5,237,0.6,1.1,5.2,Very High,4.5
3363,20,Female,France,Undergraduate,Instagram,Entertainment,3.2,122,4.1,2.8,8.9,Low,7.2
3364,19,Male,UK,Undergraduate,Snapchat,Entertainment,3.9,140,3.2,2.4,6.8,Low,6.7
3365,23,Female,Australia,Graduate,LinkedIn,Education,7.9,232,0.9,0.0,5.1,Very High,4.1
3366,20,Female,Other,Undergraduate,TikTok,Entertainment,5.0,172,1.5,1.7,7.4,Medium,6.7
3367,22,Male,Other,Undergraduate,YouTube,Education,6.0,192,1.6,1.8,6.4,High,5.9
3368,22,Male,India,Undergraduate,Twitter,News,5.3,182,1.9,1.1,7.0,High,6.9
3369,19,Male,Other,Undergraduate,TikTok,Entertainment,4.7,174,2.9,1.3,7.1,High,6.2
3370,18,Female,USA,High School,Instagram,Entertainment,2.5,93,6.2,2.6,8.6,Low,8.2
3371,22,Male,Turkey,Undergraduate,TikTok,Entertainment,3.7,129,4.6,2.1,8.3,Low,5.9
3372,23,Male,Australia,Graduate,Twitter,News,5.7,177,2.0,2.9,4.9,Very High,5.4
3373,23,Male,India,Graduate,Instagram,Entertainment,2.6,126,5.6,2.3,8.9,Low,8.2
3374,21,Female,Other,Undergraduate,TikTok,Entertainment,7.2,204,3.4,0.8,5.2,Very High,5.0
3375,22,Female,Other,Undergraduate,LinkedIn,Education,7.7,246,1.1,1.2,5.4,Very High,5.1
3376,19,Female,Spain,Undergraduate,Instagram,Entertainment,5.3,191,2.8,1.3,6.6,Very High,6.0
3377,22,Female,Other,Undergraduate,Snapchat,Entertainment,6.7,234,2.1,1.2,4.4,Very High,4.3
3378,22,Male,Mexico,Undergraduate,Facebook,Networking,6.4,190,2.4,1.3,6.4,Very High,5.0
3379,18,Female,USA,High School,YouTube,Education,7.5,216,0.9,0.3,5.6,Very High,5.6
3380,20,Female,Other,Undergraduate,TikTok,Entertainment,4.9,172,1.4,1.8,7.6,Medium,6.7
3381,21,Male,Other,Undergraduate,YouTube,Education,6.4,207,1.4,0.7,5.7,High,4.3
3382,20,Male,Other,Undergraduate,YouTube,Education,3.7,125,1.9,2.1,8.2,Medium,8.2
3383,22,Male,Germany,Undergraduate,Instagram,Entertainment,3.3,122,4.7,2.1,8.0,Low,8.0
3384,22,Male,Russia,Undergraduate,VKontakte,Entertainment,4.4,142,2.4,2.1,8.1,Medium,7.2
3385,18,Male,UK,High School,LinkedIn,Education,7.8,245,0.7,1.3,5.4,Very High,4.1
3386,21,Male,Canada,Undergraduate,Instagram,Entertainment,4.6,178,3.4,1.6,6.9,High,6.0
3387,24,Male,Other,Graduate,YouTube,Education,5.2,170,2.8,1.8,6.2,Very High,5.7
3388,20,Male,India,Undergraduate,Instagram,Entertainment,7.4,242,1.2,0.5,5.3,Very High,4.3
3389,22,Female,Other,Undergraduate,YouTube,Education,2.4,111,5.1,2.3,8.7,Low,9.3
3390,20,Male,Other,Undergraduate,YouTube,Education,4.2,153,3.4,1.6,6.8,High,5.9
3391,18,Female,USA,High School,YouTube,Education,7.3,244,0.9,1.3,5.8,Very High,6.0
3392,22,Male,Germany,Undergraduate,Facebook,Networking,4.1,155,2.8,1.2,7.8,Medium,7.1
3393,22,Female,Other,Undergraduate,LinkedIn,Education,3.8,137,5.1,1.3,6.3,High,7.0
3394,22,Male,Other,Undergraduate,YouTube,Education,8.6,239,0.9,1.2,5.5,Very High,5.7
3395,20,Female,India,Undergraduate,LinkedIn,Education,5.1,171,2.9,1.6,6.6,High,5.7
3396,18,Female,Other,High School,LinkedIn,Education,4.7,177,3.5,2.3,6.2,High,6.3
3397,20,Male,India,Undergraduate,Instagram,Entertainment,3.9,122,5.3,3.1,8.1,High,7.9
3398,21,Male,Other,Undergraduate,YouTube,Education,5.9,200,2.0,0.2,7.6,High,6.5
3399,18,Female,USA,High School,Twitter,News,4.0,123,2.3,1.8,8.2,Medium,7.2
3400,20,Female,Other,Undergraduate,Instagram,Entertainment,7.0,235,0.6,0.7,4.9,Very High,4.3
3401,23,Male,Other,Graduate,TikTok,Entertainment,5.1,174,1.6,1.9,6.6,Medium,6.9
3402,21,Male,Italy,Undergraduate,TikTok,Entertainment,4.4,147,3.8,2.1,7.2,High,5.3
3403,23,Female,Other,Graduate,YouTube,Education,5.6,195,4.3,2.0,6.4,High,6.6
3404,20,Male,Australia,Undergraduate,LinkedIn,Education,3.3,141,4.1,1.5,9.0,Medium,8.0
3405,23,Female,Other,Graduate,Snapchat,Entertainment,6.2,207,0.8,1.0,5.7,Very High,5.9
3406,19,Female,Spain,Undergraduate,Instagram,Entertainment,4.2,139,2.7,1.5,7.5,Medium,6.1
3407,21,Female,Other,Undergraduate,Facebook,Networking,5.9,200,1.5,2.0,6.1,Very High,4.8
3408,20,Female,Singapore,Undergraduate,TikTok,Entertainment,5.9,191,2.7,1.6,7.0,High,6.1
3409,24,Male,Turkey,Graduate,TikTok,Entertainment,6.5,218,1.0,1.8,6.3,Very High,5.0
3410,20,Female,Australia,Undergraduate,Instagram,Entertainment,4.6,138,3.8,2.4,7.3,Medium,7.5
3411,20,Female,Brazil,Undergraduate,TikTok,Entertainment,5.7,186,2.4,1.1,6.4,High,6.0
3412,21,Male,Other,Undergraduate,Twitter,News,3.0,132,6.2,1.4,7.5,Low,9.0
3413,22,Male,Other,Undergraduate,Snapchat,Entertainment,6.5,186,2.5,2.3,5.4,Very High,4.2
3414,21,Male,Other,Undergraduate,Snapchat,Entertainment,8.3,251,1.0,0.2,4.8,Very High,5.2
3415,20,Female,Other,Undergraduate,Instagram,Entertainment,6.8,197,0.9,0.4,4.2,Very High,4.3
3416,20,Male,Canada,Undergraduate,Twitter,News,5.8,189,2.4,0.5,5.7,High,5.0
3417,21,Male,Canada,Undergraduate,Facebook,Networking,5.5,200,3.0,1.6,5.6,High,6.7
3418,19,Female,Singapore,Undergraduate,TikTok,Entertainment,5.6,183,3.6,1.7,6.8,High,6.2
3419,24,Male,South Africa,Graduate,LinkedIn,Education,2.1,113,6.1,2.8,7.6,Medium,8.3
3420,19,Female,Switzerland,Undergraduate,Instagram,Entertainment,3.0,121,5.6,2.6,8.5,Low,7.8
3421,19,Male,Uzbekistan,Undergraduate,TikTok,Entertainment,5.5,196,2.1,2.1,5.4,Very High,5.1
3422,24,Male,Other,Graduate,Twitter,News,8.2,245,0.7,-0.1,5.8,Very High,4.4
3423,22,Male,Other,Undergraduate,Snapchat,Entertainment,7.0,226,1.3,2.1,4.8,Very High,4.8
3424,18,Female,Other,High School,Twitter,News,5.8,197,1.7,1.5,5.0,High,5.4
3425,19,Female,Switzerland,Undergraduate,Instagram,Entertainment,3.0,129,5.1,2.5,9.4,Low,7.8
3426,19,Male,Other,Undergraduate,Facebook,Networking,5.2,171,2.0,1.5,6.3,High,5.8
3427,23,Female,Other,Graduate,Facebook,Networking,6.9,214,0.9,0.7,5.7,Very High,4.8
3428,21,Male,Malaysia,Undergraduate,WhatsApp,Education,6.2,173,1.5,1.0,6.7,High,6.3
3429,19,Female,Other,Undergraduate,Snapchat,Entertainment,5.0,181,3.3,1.6,7.2,Medium,6.2
3430,20,Male,Other,Undergraduate,TikTok,Entertainment,3.4,123,5.0,2.3,8.0,High,7.9
3431,22,Male,Malaysia,Undergraduate,WhatsApp,News,5.9,183,2.6,2.3,7.0,High,6.1
3432,20,Male,Other,Undergraduate,TikTok,Entertainment,3.8,123,4.8,2.1,7.6,High,7.5
3433,19,Female,Brazil,Undergraduate,WhatsApp,Education,5.7,186,2.9,2.3,7.1,High,5.7
3434,22,Female,Other,Undergraduate,Twitter,News,3.2,126,3.6,1.7,8.8,Low,6.8
3435,18,Female,Other,High School,Snapchat,Entertainment,3.3,128,5.7,2.5,8.5,Low,7.0
3436,20,Female,Mexico,Undergraduate,Facebook,Networking,6.5,197,1.2,2.5,6.3,Very High,4.7
3437,21,Female,Pakistan,Undergraduate,Instagram,Entertainment,5.4,176,3.2,1.7,6.4,High,4.9
3438,19,Male,Other,Undergraduate,LinkedIn,Education,5.8,184,2.4,2.4,6.2,Very High,6.3
3439,22,Male,Mexico,Undergraduate,WhatsApp,Entertainment,5.6,186,1.0,1.2,6.3,Very High,6.0
3440,20,Female,Bangladesh,Undergraduate,Instagram,Entertainment,4.2,148,5.2,1.0,8.0,Medium,5.2
3441,19,Female,Other,Undergraduate,Twitter,News,7.8,258,1.0,1.3,4.9,Very High,4.7
3442,19,Female,Japan,Undergraduate,LINE,Education,3.2,103,6.2,2.2,8.6,Low,7.8
3443,24,Male,Other,Graduate,Snapchat,Entertainment,2.8,115,5.1,1.4,8.5,Medium,7.5
3444,20,Female,USA,Undergraduate,TikTok,Entertainment,7.4,212,0.7,1.0,5.4,Very High,5.1
3445,20,Male,Italy,Undergraduate,Facebook,Networking,4.5,154,2.7,1.3,7.0,High,6.8
3446,21,Male,India,Undergraduate,WhatsApp,News,6.6,224,3.0,1.5,5.5,Very High,5.0
3447,24,Male,Other,Graduate,TikTok,Entertainment,3.7,125,4.8,0.8,6.0,Low,5.8
3448,22,Male,India,Undergraduate,WhatsApp,Entertainment,6.3,215,2.5,1.8,5.9,High,4.7
3449,24,Female,Other,Graduate,Instagram,Entertainment,5.6,166,3.9,1.6,5.9,High,6.8
3450,22,Male,Pakistan,Undergraduate,Instagram,Entertainment,3.9,139,3.6,1.4,7.8,Medium,4.9
3451,20,Female,Philippines,Undergraduate,Snapchat,Entertainment,5.0,171,2.9,2.7,5.5,High,5.8
3452,19,Female,India,Undergraduate,WhatsApp,Entertainment,7.2,222,0.8,1.8,5.8,Very High,4.6
3453,23,Female,Other,Graduate,Instagram,Entertainment,7.6,225,1.0,0.9,5.3,Very High,5.0
3454,22,Male,Russia,Undergraduate,VKontakte,Entertainment,4.4,154,2.6,2.0,7.4,High,7.0
3455,19,Female,Brazil,Undergraduate,WhatsApp,Education,6.1,198,0.7,1.5,6.0,Very High,5.9
3456,19,Male,India,Undergraduate,TikTok,Entertainment,7.3,241,0.7,1.7,5.6,Very High,3.9
3457,18,Female,Other,High School,Twitter,News,5.9,201,2.7,1.5,4.9,Very High,5.7
3458,19,Female,Japan,Undergraduate,LINE,Networking,3.6,135,4.4,3.3,8.0,Medium,8.0
3459,24,Female,Poland,Graduate,TikTok,Entertainment,5.6,197,1.9,1.2,6.7,Very High,5.2
3460,22,Male,Canada,Undergraduate,TikTok,Entertainment,4.0,163,3.1,1.5,8.3,High,5.7
3461,19,Female,Ireland,Undergraduate,Instagram,Entertainment,5.7,199,1.3,1.7,5.2,Very High,5.2
3462,24,Female,Other,Graduate,Facebook,Networking,6.7,197,2.1,0.6,5.1,Very High,4.6
3463,19,Male,Other,Undergraduate,YouTube,Education,2.7,104,5.1,1.8,7.2,Medium,8.0
3464,20,Male,Sri Lanka,Undergraduate,TikTok,Entertainment,5.2,189,2.7,1.4,6.4,High,6.0
3465,22,Male,Other,Undergraduate,Instagram,Entertainment,5.8,199,2.6,2.0,6.0,High,5.3
3466,19,Female,USA,Undergraduate,Instagram,Entertainment,6.9,230,1.8,1.4,4.8,Very High,3.8
3467,21,Male,Panama,Undergraduate,Facebook,Networking,3.3,115,4.3,2.2,6.6,Very High,6.8
3468,19,Female,Bangladesh,Undergraduate,Instagram,Entertainment,4.6,149,2.1,1.4,7.2,Medium,5.2
3469,23,Male,UK,Graduate,Instagram,Entertainment,3.3,126,5.4,1.8,8.1,Medium,7.1
3470,21,Male,UK,Undergraduate,Facebook,Networking,6.2,203,0.9,1.8,6.3,High,5.0
3471,22,Male,Other,Undergraduate,YouTube,Education,5.7,199,2.1,2.8,6.8,High,5.9
3472,20,Female,Germany,Undergraduate,LinkedIn,Education,3.3,124,3.9,2.5,8.5,Low,6.9
3473,23,Male,Australia,Graduate,YouTube,Education,3.0,149,6.4,2.3,8.6,Medium,7.6
3474,20,Female,Brazil,Undergraduate,Snapchat,Entertainment,5.9,188,1.9,2.1,6.2,High,5.9
3475,20,Female,Ireland,Undergraduate,TikTok,Entertainment,3.7,113,2.5,2.5,8.6,Low,6.9
3476,24,Male,Other,Graduate,Twitter,News,8.1,259,1.2,1.2,5.5,Very High,4.2
3477,19,Female,USA,Undergraduate,Instagram,Entertainment,6.8,230,2.9,1.8,5.6,Very High,3.8
3478,22,Male,Denmark,Undergraduate,Facebook,Networking,3.1,121,5.8,1.7,8.9,Low,8.3
3479,18,Male,Other,High School,YouTube,Education,6.3,189,2.4,1.7,5.8,High,4.0
3480,22,Female,Russia,Undergraduate,Instagram,Entertainment,7.0,195,1.0,1.2,5.9,High,4.1
3481,23,Male,Canada,Graduate,TikTok,Entertainment,5.7,179,1.8,2.0,6.6,Very High,6.5
3482,21,Male,New Zealand,Undergraduate,Facebook,Networking,3.9,136,6.1,2.7,8.2,Medium,7.2
3483,22,Male,Nepal,Undergraduate,Facebook,Networking,3.8,128,4.7,2.5,8.2,Medium,6.9
3484,20,Female,Netherlands,Undergraduate,Snapchat,Entertainment,4.6,176,3.6,1.7,6.0,High,6.1
3485,19,Male,USA,Undergraduate,LinkedIn,Education,5.6,187,1.8,1.3,5.5,Very High,4.8
3486,21,Female,Other,Undergraduate,Instagram,Entertainment,5.5,177,1.3,1.4,5.4,Very High,5.4
3487,22,Male,Germany,Undergraduate,Facebook,Networking,3.5,127,3.7,2.2,8.0,Medium,8.2
3488,20,Female,Brazil,Undergraduate,Instagram,Entertainment,6.1,211,1.9,2.1,6.4,Very High,6.0
3489,19,Male,Other,Undergraduate,TikTok,Entertainment,6.5,194,1.4,2.1,5.0,Very High,4.0
3490,19,Male,Other,Undergraduate,Facebook,Networking,3.8,148,4.0,2.0,7.4,Low,8.6
3491,23,Female,Other,Graduate,Facebook,Networking,7.2,228,1.1,0.8,5.5,Very High,4.5
3492,18,Male,Argentina,High School,TikTok,Entertainment,5.4,199,1.7,1.8,5.2,High,5.3
3493,21,Female,Other,Undergraduate,Instagram,Entertainment,1.5,103,6.2,3.3,8.5,Low,7.5
3494,21,Male,New Zealand,Undergraduate,Facebook,Networking,4.4,166,3.2,2.7,8.0,High,7.5
3495,21,Female,Germany,Undergraduate,YouTube,Education,4.0,117,4.7,2.0,9.0,Medium,8.6
3496,22,Male,Russia,Undergraduate,VKontakte,Entertainment,3.8,140,3.1,1.9,8.0,Low,7.4
3497,21,Male,North Macedonia,Undergraduate,Snapchat,Entertainment,3.9,150,4.3,1.7,6.6,Medium,6.6
3498,21,Male,Other,Undergraduate,Facebook,Networking,6.5,227,1.3,1.0,4.3,Very High,4.5
3499,20,Female,Ireland,Undergraduate,TikTok,Entertainment,3.8,135,3.5,2.5,8.2,Medium,7.1
3500,21,Male,Malaysia,Undergraduate,WhatsApp,Education,5.7,173,1.9,1.1,6.6,High,6.4
3501,18,Female,Other,High School,Twitter,News,5.6,202,2.3,1.7,4.6,Very High,5.8
3502,22,Male,Russia,Undergraduate,VKontakte,News,4.0,133,3.7,1.9,7.9,Medium,6.6
3503,22,Male,Other,Undergraduate,TikTok,Entertainment,6.3,205,1.0,0.9,5.3,Very High,6.1
3504,18,Male,Other,High School,Facebook,Networking,3.0,132,4.6,2.4,8.5,Medium,7.7
3505,20,Female,Australia,Undergraduate,Facebook,Networking,4.3,168,3.9,1.2,7.4,Low,6.6
3506,20,Male,Cyprus,Undergraduate,Facebook,Networking,3.9,139,4.6,2.3,6.5,High,7.5
3507,21,Male,Australia,Undergraduate,TikTok,Entertainment,7.1,231,1.2,0.8,4.5,Very High,5.6
3508,23,Male,Spain,Graduate,Facebook,Networking,6.3,193,0.7,1.1,6.3,Very High,5.3
3509,19,Female,Ireland,Undergraduate,Instagram,Entertainment,4.2,138,3.5,1.6,7.6,High,6.8
3510,18,Male,Other,High School,TikTok,Entertainment,2.6,106,6.3,1.7,8.1,Low,7.5
3511,21,Male,Italy,Undergraduate,Instagram,Entertainment,5.4,169,2.3,2.2,6.7,High,5.0
3512,22,Male,Canada,Undergraduate,Instagram,Entertainment,4.8,166,3.4,1.3,7.1,Medium,7.1
3513,21,Female,Other,Undergraduate,YouTube,Education,6.9,211,1.8,2.3,5.4,Very High,4.7
3514,20,Female,Switzerland,Undergraduate,Instagram,Entertainment,2.2,93,6.3,2.9,9.4,Low,8.0
3515,21,Male,Switzerland,Undergraduate,Facebook,Networking,4.6,139,3.2,3.0,7.4,High,6.9
3516,18,Male,Other,High School,Snapchat,Entertainment,6.6,195,1.4,1.6,5.2,High,4.1
3517,18,Male,Other,High School,Facebook,Networking,3.6,124,4.2,1.0,7.5,Medium,8.5
3518,20,Male,Other,Undergraduate,Snapchat,Entertainment,2.1,102,6.6,2.9,7.2,Low,9.2
3519,18,Male,Other,High School,YouTube,Education,7.3,218,0.9,0.4,5.1,Very High,4.6
3520,22,Female,India,Undergraduate,TikTok,Entertainment,6.5,193,1.6,1.2,5.5,Very High,5.1
3521,21,Male,UK,Undergraduate,Instagram,Entertainment,4.8,179,4.0,1.2,7.1,Medium,6.2
3522,22,Male,Canada,Undergraduate,TikTok,Entertainment,4.8,145,5.2,1.9,8.0,Medium,6.0
3523,24,Female,Canada,Graduate,YouTube,Education,1.4,89,5.7,1.7,7.2,Medium,7.4
3524,23,Male,Other,Graduate,TikTok,Entertainment,6.2,209,1.0,2.1,5.5,High,4.9
3525,23,Male,USA,Graduate,Instagram,Entertainment,5.5,172,2.7,0.4,5.5,High,4.4
3526,19,Male,Other,Undergraduate,Twitter,News,3.2,135,3.8,3.0,6.8,Medium,6.6
3527,23,Female,Other,Graduate,Facebook,Networking,7.2,228,0.7,0.6,5.3,Very High,4.6
3528,23,Male,Other,Graduate,TikTok,Entertainment,5.2,183,3.4,1.3,5.5,Very High,4.0
3529,21,Male,UK,Undergraduate,Instagram,Entertainment,4.8,179,3.7,1.2,7.2,Medium,6.0
3530,23,Male,USA,Graduate,Twitter,News,5.5,192,1.8,1.8,6.7,High,6.1
3531,19,Female,USA,Undergraduate,Facebook,Networking,5.9,211,2.4,1.5,4.9,Very High,4.3
3532,20,Male,Australia,Undergraduate,Snapchat,Entertainment,6.0,182,1.5,1.3,5.7,Very High,4.8
3533,23,Female,Other,Graduate,YouTube,Education,2.9,119,5.7,2.6,7.3,Medium,8.5
3534,21,Male,Canada,Undergraduate,TikTok,Entertainment,7.2,203,1.3,1.4,4.5,Very High,4.9
3535,21,Male,USA,Undergraduate,Snapchat,Entertainment,3.7,126,5.3,2.6,7.3,Low,7.8
3536,22,Male,Pakistan,Undergraduate,Instagram,Entertainment,4.0,139,3.4,1.2,7.9,Medium,5.3
3537,22,Female,China,Undergraduate,WeChat,News,5.5,169,4.5,1.6,6.3,High,6.0
3538,19,Female,Netherlands,Undergraduate,TikTok,Entertainment,4.2,119,3.6,1.1,8.1,High,8.5
3539,24,Male,Australia,Graduate,Snapchat,Entertainment,4.8,171,3.6,1.7,6.3,High,6.5
3540,20,Female,South Korea,Undergraduate,KakaoTalk,News,5.0,164,2.8,1.4,6.5,Medium,5.8
3541,21,Male,Other,Undergraduate,Facebook,Networking,7.8,236,1.1,1.3,5.1,Very High,4.5
3542,21,Male,USA,Undergraduate,Snapchat,Entertainment,3.9,126,5.2,2.7,7.0,Low,7.4
3543,21,Female,Canada,Undergraduate,Facebook,Networking,4.7,171,3.3,1.1,6.7,High,6.6
3544,24,Male,Other,Graduate,TikTok,Entertainment,5.6,181,1.0,1.2,5.7,High,5.5
3545,22,Male,Mexico,Undergraduate,WhatsApp,Networking,6.4,219,1.3,1.5,5.3,Very High,5.9
3546,24,Male,Denmark,Graduate,Twitter,News,4.4,145,2.8,1.5,7.2,Medium,7.2
3547,19,Male,Nepal,Undergraduate,TikTok,Entertainment,4.3,161,2.7,1.7,7.7,High,7.1
3548,20,Female,Spain,Undergraduate,TikTok,Entertainment,4.2,166,2.0,2.5,7.6,High,6.2
3549,18,Male,Other,High School,Snapchat,Entertainment,2.0,65,5.7,3.3,7.9,Low,8.3
3550,23,Female,Other,Graduate,Facebook,Networking,7.1,228,1.0,1.1,5.5,Very High,4.5
3551,19,Female,Other,Undergraduate,LinkedIn,Education,4.5,157,4.8,1.5,6.7,Medium,6.1
3552,22,Male,Germany,Undergraduate,YouTube,Education,6.0,182,4.1,2.4,6.0,High,5.7
3553,23,Male,Australia,Graduate,Twitter,News,6.0,177,1.7,2.5,4.8,Very High,5.3
3554,21,Male,Turkey,Undergraduate,Instagram,Entertainment,4.3,138,2.9,2.0,8.4,Medium,6.0
3555,23,Female,Other,Graduate,Instagram,Entertainment,5.8,202,3.9,1.8,6.4,High,6.3
3556,20,Female,Singapore,Undergraduate,TikTok,Entertainment,5.1,191,2.9,1.4,7.0,High,5.9
3557,21,Male,UK,Undergraduate,TikTok,Entertainment,4.2,151,2.8,1.5,6.1,High,6.3
3558,21,Male,Maldives,Undergraduate,TikTok,Entertainment,4.8,169,2.2,1.1,5.4,High,6.0
3559,22,Male,Other,Undergraduate,Snapchat,Entertainment,6.3,186,2.0,2.1,5.2,Very High,4.5
3560,23,Female,Switzerland,Graduate,LinkedIn,Education,2.7,97,5.7,2.3,7.5,Medium,8.0
3561,21,Male,Canada,Undergraduate,Instagram,Entertainment,5.3,181,1.5,1.9,7.5,High,6.2
3562,22,Male,Other,Undergraduate,YouTube,Education,3.4,141,4.0,1.6,7.5,Medium,8.8
3563,21,Female,Russia,Undergraduate,Instagram,Entertainment,6.6,212,1.4,1.8,6.1,Very High,3.7
3564,23,Male,UK,Graduate,TikTok,Entertainment,6.1,180,1.1,1.8,4.9,Very High,5.6
3565,18,Male,Other,High School,YouTube,Education,7.0,218,1.0,0.8,4.8,Very High,4.8
3566,24,Male,Other,Graduate,Snapchat,Entertainment,2.6,115,5.1,1.4,8.4,Medium,7.7
3567,22,Female,USA,Undergraduate,Instagram,Entertainment,5.4,168,3.2,0.7,6.9,High,6.0
3568,24,Female,Other,Graduate,Instagram,Entertainment,8.2,251,1.0,0.9,5.5,Very High,4.2
3569,18,Female,Other,High School,Snapchat,Entertainment,7.8,233,1.8,0.7,5.6,Very High,5.8
3570,21,Male,Denmark,Undergraduate,Facebook,Networking,2.8,109,5.0,2.5,9.2,Low,7.8
3571,21,Male,Turkey,Undergraduate,Instagram,Entertainment,3.8,133,4.5,1.6,8.4,Medium,6.0
3572,20,Female,Nepal,Undergraduate,TikTok,Entertainment,6.1,188,2.1,1.4,4.5,Very High,5.7
3573,20,Male,UK,Undergraduate,Facebook,Networking,6.5,187,2.1,1.0,6.2,Very High,4.9
3574,18,Female,Other,High School,Facebook,Networking,6.4,220,0.7,2.6,4.6,Very High,5.1
3575,21,Female,Maldives,Undergraduate,Instagram,Entertainment,4.0,156,6.1,2.5,8.1,Medium,8.0
3576,20,Male,Australia,Undergraduate,Twitter,News,2.5,122,5.2,2.9,7.1,Medium,7.8
3577,18,Male,Other,High School,LinkedIn,Education,7.7,242,1.0,0.6,5.4,Very High,4.0
3578,21,Female,UK,Undergraduate,LinkedIn,Education,4.3,139,4.9,2.1,6.4,High,6.8
3579,21,Female,India,Undergraduate,Instagram,Entertainment,5.5,197,2.8,1.7,5.9,High,5.8
3580,21,Male,Denmark,Undergraduate,Facebook,Networking,3.1,125,5.5,2.8,8.9,Low,8.0
3581,19,Male,Other,Undergraduate,TikTok,Entertainment,8.0,247,0.9,1.0,5.2,Very High,4.2
3582,20,Male,Canada,Undergraduate,Instagram,Entertainment,8.0,230,1.2,1.6,4.6,Very High,5.3
3583,19,Female,Canada,Undergraduate,Instagram,Entertainment,4.4,144,3.7,1.8,6.3,High,6.5
3584,19,Female,Denmark,Undergraduate,Twitter,News,4.2,162,2.3,2.1,7.3,Medium,7.4
3585,19,Female,Pakistan,Undergraduate,TikTok,Entertainment,4.8,154,3.0,1.4,5.6,High,5.8
3586,22,Male,Other,Undergraduate,Facebook,Networking,6.9,223,2.4,1.2,5.2,Very High,3.8
3587,20,Female,Brazil,Undergraduate,TikTok,Entertainment,6.0,198,1.5,2.1,6.6,High,6.1
3588,21,Female,Other,Undergraduate,LinkedIn,Education,3.5,130,4.1,2.0,8.9,Low,7.9
3589,22,Male,Turkey,Undergraduate,TikTok,Entertainment,5.1,157,3.9,2.1,6.7,High,6.1
3590,22,Male,Canada,Undergraduate,TikTok,Entertainment,3.6,122,4.1,1.4,8.4,Low,5.9
3591,20,Female,Germany,Undergraduate,TikTok,Entertainment,6.6,206,1.6,1.3,5.0,Very High,4.6
3592,21,Male,Italy,Undergraduate,TikTok,Entertainment,5.2,160,3.9,1.9,7.1,High,4.9
3593,20,Male,Russia,Undergraduate,Instagram,Entertainment,6.9,230,0.9,2.3,6.0,Very High,4.0
3594,18,Female,Other,High School,Snapchat,Entertainment,3.7,140,5.4,1.7,7.9,Medium,7.2
3595,19,Male,Other,Undergraduate,YouTube,Education,4.3,158,4.2,1.4,6.8,High,6.4
3596,21,Female,Other,Undergraduate,TikTok,Entertainment,7.3,249,1.2,1.3,4.7,Very High,4.7
3597,19,Male,Canada,Undergraduate,YouTube,Education,3.3,149,5.3,2.3,8.6,Low,8.1
3598,22,Female,India,Undergraduate,YouTube,Education,3.1,120,5.1,2.2,8.5,Medium,7.4
3599,20,Male,UK,Undergraduate,LinkedIn,Education,4.1,167,4.2,2.8,5.8,Medium,6.3
3600,20,Male,Australia,Undergraduate,Twitter,News,3.1,122,5.5,2.8,7.2,Medium,7.6
3601,19,Female,Albania,Undergraduate,TikTok,Entertainment,5.0,147,3.9,1.2,5.6,High,6.0
3602,22,Male,Turkey,Undergraduate,TikTok,Entertainment,4.1,155,4.7,2.4,8.2,Medium,5.9
3603,20,Female,Spain,Undergraduate,TikTok,Entertainment,3.9,144,3.5,2.6,8.0,Low,6.2
3604,19,Female,France,Undergraduate,Instagram,Entertainment,3.0,122,4.9,2.0,9.0,Low,7.2
3605,20,Female,Spain,Undergraduate,TikTok,Entertainment,4.5,166,2.1,2.2,7.7,High,6.2
3606,21,Female,Other,Undergraduate,LinkedIn,Education,3.8,158,4.3,1.9,7.5,Medium,7.5
3607,20,Female,Canada,Undergraduate,Instagram,Entertainment,5.6,178,2.1,2.1,6.8,High,5.8
3608,20,Male,Cyprus,Undergraduate,Facebook,Networking,3.9,154,4.3,2.1,6.4,Medium,6.8
3609,21,Female,Italy,Undergraduate,TikTok,Entertainment,4.8,155,3.3,2.0,7.1,High,6.7
3610,20,Female,Bangladesh,Undergraduate,Instagram,Entertainment,4.3,144,3.5,2.1,8.1,Medium,4.9
3611,22,Male,Canada,Undergraduate,Instagram,Entertainment,4.7,166,3.9,1.9,6.5,Medium,7.1
3612,19,Male,Other,Undergraduate,YouTube,Education,7.2,239,1.0,0.8,5.1,Very High,6.1
3613,22,Male,India,Undergraduate,Twitter,News,5.7,190,3.1,1.9,6.9,Medium,6.8
3614,23,Female,Other,Graduate,Snapchat,Entertainment,6.3,171,1.2,2.0,6.7,High,5.6
3615,22,Female,Other,Undergraduate,TikTok,Entertainment,7.7,215,0.8,2.1,4.7,Very High,5.9
3616,21,Male,Italy,Undergraduate,Instagram,Entertainment,5.0,177,3.9,2.2,7.2,Medium,5.2
3617,21,Male,Other,Undergraduate,Twitter,News,7.6,229,1.2,1.2,5.1,Very High,3.8
3618,18,Male,Other,High School,Snapchat,Entertainment,1.7,86,5.7,2.4,8.4,Low,7.4
3619,22,Male,China,Undergraduate,WeChat,News,4.3,148,3.9,2.0,8.1,Medium,7.2
3620,22,Male,Afghanistan,Undergraduate,LinkedIn,Education,3.2,132,4.3,4.1,7.0,Medium,6.7
3621,19,Female,Ireland,Undergraduate,Instagram,Entertainment,3.3,118,3.9,1.6,8.3,Low,6.7
3622,19,Male,Other,Undergraduate,LinkedIn,Education,6.4,187,1.0,1.6,5.4,High,6.2
3623,22,Female,Other,Undergraduate,Snapchat,Entertainment,1.9,94,6.3,3.1,8.6,Low,7.8
3624,21,Male,India,Undergraduate,WhatsApp,Networking,7.5,219,1.2,1.8,5.7,Very High,4.9
3625,23,Male,India,Graduate,TikTok,Entertainment,2.1,103,6.1,2.7,8.5,Low,7.2
3626,23,Male,Other,Graduate,YouTube,Education,1.3,79,6.1,3.0,7.2,Low,8.0
3627,20,Male,Other,Undergraduate,Facebook,Networking,7.2,241,0.9,1.4,5.5,Very High,5.6
3628,19,Male,USA,Undergraduate,LinkedIn,Education,5.6,184,2.1,1.5,5.4,High,4.5
3629,20,Female,Maldives,Undergraduate,Instagram,Entertainment,3.7,151,2.5,2.5,8.3,Medium,8.2
3630,21,Male,Canada,Undergraduate,Facebook,Networking,4.5,169,4.2,1.8,6.1,High,5.8
3631,21,Female,Germany,Undergraduate,Snapchat,Entertainment,7.9,235,1.7,1.5,4.7,Very High,5.3
3632,21,Female,Other,Undergraduate,Snapchat,Entertainment,5.7,165,1.5,1.2,5.9,High,6.5
3633,21,Female,UK,Undergraduate,Facebook,Networking,7.9,235,0.9,1.7,5.8,Very High,4.7
3634,20,Female,Singapore,Undergraduate,TikTok,Entertainment,5.5,193,3.1,1.5,6.9,High,6.4
3635,22,Male,Other,Undergraduate,Instagram,Entertainment,2.0,101,6.9,1.8,7.1,Medium,8.1
3636,18,Male,Other,High School,LinkedIn,Education,6.0,204,2.7,2.2,5.9,High,5.3
3637,21,Male,Canada,Undergraduate,Instagram,Entertainment,2.6,87,3.9,3.4,6.9,Low,8.3
3638,18,Female,Other,High School,Twitter,News,5.4,198,1.4,3.1,5.0,High,5.9
3639,22,Male,Australia,Undergraduate,Snapchat,Entertainment,5.5,189,0.7,1.3,7.5,High,6.9
3640,22,Male,Other,Undergraduate,LinkedIn,Education,8.1,232,0.9,1.4,5.0,Very High,5.5
3641,20,Male,Other,Undergraduate,Instagram,Entertainment,5.2,183,2.2,1.0,6.9,Very High,6.9
3642,20,Female,South Korea,Undergraduate,KakaoTalk,News,5.3,164,2.7,1.6,6.4,Medium,6.1
3643,20,Female,Poland,Undergraduate,Facebook,Networking,5.9,203,1.1,1.3,6.4,Very High,5.0
3644,20,Female,Bangladesh,Undergraduate,Instagram,Entertainment,4.6,144,3.8,2.5,7.9,Medium,5.2
3645,23,Male,UK,Graduate,TikTok,Entertainment,6.0,180,1.2,1.5,4.4,Very High,5.6
3646,24,Male,USA,Graduate,YouTube,Education,4.4,154,2.4,1.0,7.4,High,6.3
3647,19,Male,India,Undergraduate,LinkedIn,Education,5.7,170,1.3,2.2,6.9,High,6.7
3648,22,Female,India,Undergraduate,YouTube,Education,2.9,120,5.8,2.0,8.8,Medium,6.8
3649,19,Female,USA,Undergraduate,Instagram,Entertainment,1.2,70,6.4,3.2,8.0,Low,8.2
3650,20,Female,India,Undergraduate,Instagram,Entertainment,4.8,145,4.0,1.5,4.5,High,6.2
3651,20,Female,Moldova,Undergraduate,Instagram,Entertainment,5.8,196,2.2,2.4,5.3,Very High,4.5
3652,19,Female,Other,Undergraduate,LinkedIn,Education,6.1,202,1.1,2.2,5.6,High,3.8
3653,23,Female,Other,Graduate,Facebook,Networking,2.3,105,5.2,2.5,7.8,Low,7.3
3654,21,Male,Other,Undergraduate,LinkedIn,Education,1.5,100,6.3,2.0,9.3,Low,8.3
3655,21,Male,Other,Undergraduate,TikTok,Entertainment,2.1,79,6.6,2.8,7.7,Low,8.2
3656,18,Male,Other,High School,Snapchat,Entertainment,7.2,241,1.9,1.1,4.6,Very High,5.2
3657,21,Female,Turkey,Undergraduate,Instagram,Entertainment,6.8,202,3.1,1.8,6.1,Very High,5.2
3658,21,Female,USA,Undergraduate,Snapchat,Entertainment,7.5,228,0.9,1.1,6.1,Very High,5.2
3659,19,Female,USA,Undergraduate,Instagram,Entertainment,7.4,211,1.2,1.9,4.9,Very High,4.9
3660,21,Male,Other,Undergraduate,Twitter,News,3.4,132,5.8,1.6,7.5,Low,9.1
3661,19,Female,Spain,Undergraduate,Instagram,Entertainment,4.7,139,2.4,1.5,7.3,Medium,5.9
3662,22,Male,Malaysia,Undergraduate,WhatsApp,Entertainment,5.6,194,1.2,1.7,6.7,High,6.3
3663,23,Female,Other,Graduate,Snapchat,Entertainment,4.7,168,3.0,2.4,6.2,High,6.7
3664,19,Female,Japan,Undergraduate,LINE,News,3.2,139,3.1,2.0,8.3,Low,8.1
3665,19,Female,Japan,Undergraduate,LINE,Education,3.4,143,5.3,2.3,7.9,Medium,8.3
3666,24,Male,Canada,Graduate,TikTok,Entertainment,3.3,123,5.1,2.2,7.5,Medium,8.1
3667,20,Female,Other,Undergraduate,Facebook,Networking,2.8,130,5.4,1.6,8.1,Medium,8.5
3668,22,Male,Other,Undergraduate,Twitter,News,6.1,199,1.7,1.1,6.2,High,7.1
3669,20,Male,Spain,Undergraduate,Facebook,Networking,6.7,211,1.2,0.9,5.9,Very High,5.0
3670,19,Male,USA,Undergraduate,Twitter,News,3.8,132,3.7,3.1,5.9,Medium,6.0
3671,19,Female,Other,Undergraduate,LinkedIn,Education,8.7,259,0.7,1.4,4.7,Very High,4.5
3672,19,Female,Japan,Undergraduate,LINE,Entertainment,3.8,147,5.6,2.5,7.7,Medium,8.0
3673,21,Female,Russia,Undergraduate,Instagram,Entertainment,6.5,212,1.8,2.1,6.0,Very High,4.2
3674,19,Female,Other,Undergraduate,Snapchat,Entertainment,5.0,181,3.1,1.5,7.3,Medium,6.2
3675,22,Male,Malaysia,Undergraduate,WhatsApp,News,6.3,189,2.2,1.9,6.6,High,5.7
3676,22,Male,Turkey,Undergraduate,TikTok,Entertainment,4.1,142,4.3,2.4,8.7,Medium,5.6
3677,20,Female,Australia,Undergraduate,Instagram,Entertainment,4.6,141,3.5,1.7,7.4,High,7.2
3678,19,Male,Other,Undergraduate,LinkedIn,Education,6.0,197,2.5,1.4,4.5,Very High,4.4
3679,20,Male,Other,Undergraduate,TikTok,Entertainment,5.5,186,1.7,1.8,6.7,Medium,7.2
3680,21,Male,China,Undergraduate,WeChat,Education,4.0,138,3.7,1.8,8.2,High,7.3
3681,19,Female,Switzerland,Undergraduate,Instagram,Entertainment,3.2,118,4.0,2.1,9.0,Low,8.1
3682,18,Female,USA,High School,Twitter,News,5.9,186,2.1,2.6,4.5,Very High,6.1
3683,24,Female,Other,Graduate,TikTok,Entertainment,6.0,208,2.3,1.5,5.9,High,5.6
3684,24,Male,Other,Graduate,LinkedIn,Education,2.9,131,4.3,1.9,6.8,Medium,8.5
3685,20,Male,India,Undergraduate,YouTube,Education,5.2,206,2.0,1.8,5.0,Very High,4.2
3686,19,Female,Ireland,Undergraduate,Instagram,Entertainment,6.1,199,1.6,1.8,5.1,Very High,4.9
3687,22,Male,France,Undergraduate,Facebook,Networking,4.8,148,3.5,1.2,7.1,Medium,7.0
3688,18,Female,Other,High School,YouTube,Education,7.4,244,0.8,1.4,5.8,Very High,4.7
3689,20,Female,Germany,Undergraduate,TikTok,Entertainment,6.9,206,1.6,1.3,5.1,Very High,4.6
3690,18,Female,Other,High School,Facebook,Networking,7.7,234,0.9,1.1,5.4,Very High,4.4
3691,19,Female,Japan,Undergraduate,Twitter,News,4.5,141,1.9,0.4,7.6,Medium,7.9
3692,20,Male,Australia,Undergraduate,LinkedIn,Education,3.4,141,4.1,2.0,8.9,Medium,7.5
3693,21,Male,Other,Undergraduate,LinkedIn,Education,8.1,236,0.9,1.6,6.0,Very High,5.4
3694,23,Female,Other,Graduate,TikTok,Entertainment,2.9,124,5.1,3.0,7.4,Medium,9.0
3695,22,Male,Japan,Undergraduate,Twitter,News,4.3,149,3.4,3.4,7.6,Medium,7.9
3696,24,Male,Malaysia,Graduate,LinkedIn,Education,2.5,114,6.0,1.9,7.2,Low,8.3
3697,20,Female,Switzerland,Undergraduate,Instagram,Entertainment,3.1,128,4.7,1.9,8.5,Low,7.8
3698,22,Male,China,Undergraduate,WeChat,Education,3.9,150,3.6,0.8,8.1,Medium,7.2
3699,21,Male,UK,Undergraduate,Instagram,Entertainment,5.3,184,3.1,2.0,6.1,High,5.9
3700,19,Male,Uzbekistan,Undergraduate,TikTok,Entertainment,5.2,168,2.5,2.3,5.5,High,5.1
3701,19,Male,Other,Undergraduate,TikTok,Entertainment,4.7,152,3.2,1.3,7.1,High,6.2
3702,20,Female,Other,Undergraduate,Twitter,News,5.7,167,2.2,1.9,5.2,High,5.7
3703,19,Female,Japan,Undergraduate,LINE,Education,3.7,137,3.9,2.1,8.2,Medium,7.9
3704,20,Female,Other,Undergraduate,YouTube,Education,5.9,178,1.0,1.6,5.4,Very High,4.2
3705,19,Female,UK,Undergraduate,Snapchat,Entertainment,8.3,244,0.9,1.1,5.3,Very High,4.7
3706,19,Male,Other,Undergraduate,TikTok,Entertainment,7.4,221,1.1,0.7,5.2,Very High,4.0
3707,19,Female,UAE,Undergraduate,Instagram,Entertainment,6.9,235,0.9,1.0,6.2,Very High,4.8
3708,22,Male,Mexico,Undergraduate,Facebook,Networking,6.2,190,2.8,1.0,6.0,Very High,4.9
3709,24,Male,Other,Graduate,Instagram,Entertainment,3.5,141,4.3,2.2,7.5,Medium,8.9
3710,19,Male,Nepal,Undergraduate,TikTok,Entertainment,4.4,161,2.6,2.2,8.0,High,7.0
3711,23,Female,Bahamas,Graduate,LinkedIn,Education,2.5,113,5.6,2.9,7.0,Low,7.4
3712,18,Female,Other,High School,YouTube,Education,6.5,209,1.4,1.5,5.3,High,4.3
3713,23,Female,India,Graduate,Instagram,Entertainment,6.2,206,2.6,1.9,4.5,Very High,5.5
3714,20,Female,Other,Undergraduate,LinkedIn,Education,7.2,232,2.0,1.7,5.7,Very High,4.0
3715,23,Male,Other,Graduate,TikTok,Entertainment,5.3,188,2.8,1.4,6.9,High,7.1
3716,21,Male,Malaysia,Undergraduate,WhatsApp,Networking,5.2,180,3.0,1.7,6.7,High,5.7
3717,21,Male,UK,Undergraduate,YouTube,Education,5.7,192,3.4,0.9,5.0,High,6.2
3718,20,Female,UAE,Undergraduate,Instagram,Entertainment,6.5,221,1.1,1.3,6.2,Very High,4.8
3719,19,Female,Spain,Undergraduate,Instagram,Entertainment,3.8,145,3.9,1.0,8.0,High,5.6
3720,18,Male,Australia,High School,Twitter,News,4.3,143,4.0,1.3,6.2,High,6.5
3721,22,Male,Other,Undergraduate,TikTok,Entertainment,6.0,192,1.1,1.5,5.6,Very High,6.0
3722,24,Female,Other,Graduate,Snapchat,Entertainment,5.5,202,2.5,2.3,6.9,High,6.4
3723,20,Female,Other,Undergraduate,Facebook,Networking,3.0,106,5.0,1.8,8.5,Medium,8.3
3724,24,Female,Other,Graduate,Facebook,Networking,3.6,151,6.2,2.2,7.4,Medium,6.1
3725,23,Male,Other,Graduate,LinkedIn,Education,6.1,213,0.9,1.4,5.6,Very High,4.3
3726,21,Male,Other,Undergraduate,Snapchat,Entertainment,3.8,122,3.8,2.0,7.0,Medium,6.1
3727,19,Female,Spain,Undergraduate,Instagram,Entertainment,4.5,139,2.8,1.4,7.8,Medium,5.9
3728,21,Male,Turkey,Undergraduate,Instagram,Entertainment,4.1,138,1.7,1.2,7.8,Medium,6.1
3729,23,Male,Other,Graduate,Instagram,Entertainment,5.7,207,1.3,1.9,5.2,Very High,5.2
3730,22,Male,Other,Undergraduate,TikTok,Entertainment,5.8,185,2.9,1.8,6.2,High,6.8
3731,21,Male,Pakistan,Undergraduate,Instagram,Entertainment,4.4,139,4.4,2.2,6.9,High,4.8
3732,19,Male,Other,Undergraduate,TikTok,Entertainment,6.8,222,1.4,1.1,5.0,Very High,4.4
3733,22,Male,Russia,Undergraduate,VKontakte,News,4.6,178,3.9,2.1,7.7,Medium,7.3
3734,21,Male,India,Undergraduate,Snapchat,Entertainment,2.7,106,5.9,2.2,7.7,Medium,8.1
3735,19,Female,Japan,Undergraduate,LINE,Entertainment,3.4,147,4.8,2.4,7.8,Medium,8.2
3736,20,Female,Switzerland,Undergraduate,Instagram,Entertainment,3.5,150,5.0,2.5,8.4,Low,8.3
3737,22,Male,USA,Undergraduate,Twitter,News,3.9,159,3.9,2.4,7.6,Medium,8.5
3738,23,Female,India,Graduate,Facebook,Networking,2.9,95,4.4,2.6,7.4,Low,8.8
3739,20,Female,France,Undergraduate,Instagram,Entertainment,4.7,171,3.1,1.8,7.1,High,7.2
3740,23,Female,Other,Graduate,Instagram,Entertainment,7.1,225,1.1,1.8,5.5,Very High,5.4
3741,21,Male,Canada,Undergraduate,YouTube,Education,3.7,146,5.8,1.2,8.9,Low,8.7
3742,18,Male,Other,High School,TikTok,Entertainment,7.7,244,1.1,1.1,6.2,Very High,4.6
3743,22,Female,Other,Undergraduate,Instagram,Entertainment,7.0,201,1.1,1.1,5.9,Very High,4.0
3744,21,Female,UK,Undergraduate,LinkedIn,Education,4.2,139,4.7,1.9,6.6,High,6.4
3745,19,Female,Switzerland,Undergraduate,Instagram,Entertainment,2.1,107,5.0,3.1,9.5,Low,8.3
3746,21,Male,Pakistan,Undergraduate,Instagram,Entertainment,4.5,139,4.4,2.3,6.9,High,5.1
3747,18,Male,Other,High School,TikTok,Entertainment,5.7,203,1.7,2.1,6.0,Very High,4.9
3748,18,Male,Germany,High School,YouTube,Education,6.2,215,2.1,0.9,4.3,Very High,5.1
3749,20,Female,Maldives,Undergraduate,Instagram,Entertainment,3.8,151,2.2,2.6,8.3,Medium,7.8
3750,19,Female,USA,Undergraduate,Instagram,Entertainment,7.0,213,0.7,1.2,6.1,Very High,4.1
3751,20,Female,Estonia,Undergraduate,Instagram,Entertainment,4.2,171,2.8,1.8,5.9,High,6.0
3752,24,Male,Other,Graduate,YouTube,Education,6.7,239,1.6,1.4,5.5,Very High,5.8
3753,19,Male,Other,Undergraduate,YouTube,Education,7.0,239,0.9,0.6,5.5,Very High,5.9
3754,22,Female,Mexico,Undergraduate,Facebook,Networking,6.4,212,0.6,1.4,6.6,High,5.0
3755,22,Female,Other,Undergraduate,YouTube,Education,2.9,121,5.2,2.6,7.9,Low,7.3
3756,20,Female,India,Undergraduate,Snapchat,Entertainment,6.7,207,0.8,0.9,5.7,Very High,4.4
3757,21,Female,Other,Undergraduate,YouTube,Education,3.5,141,4.9,2.4,7.5,Low,7.4
3758,20,Female,Nepal,Undergraduate,TikTok,Entertainment,5.4,185,3.1,1.7,5.7,High,6.1
3759,20,Female,Australia,Undergraduate,Facebook,Networking,4.1,152,4.0,1.7,8.0,Medium,7.2
3760,20,Male,Finland,Undergraduate,Facebook,Networking,4.9,143,3.8,2.1,7.3,High,6.9
3761,24,Male,Other,Graduate,Facebook,Networking,4.2,155,4.0,2.1,6.3,Medium,6.6
3762,21,Male,Canada,Undergraduate,Instagram,Entertainment,4.4,155,3.1,1.6,7.6,Medium,6.2
3763,21,Male,Mexico,Undergraduate,WhatsApp,News,6.1,203,1.4,2.8,5.8,Very High,5.9
3764,21,Male,China,Undergraduate,WeChat,Entertainment,4.1,145,2.7,2.5,7.4,High,6.6
3765,21,Male,North Macedonia,Undergraduate,Snapchat,Entertainment,3.5,150,4.6,1.5,6.7,Medium,7.0
3766,22,Female,Other,Undergraduate,Facebook,Networking,2.5,89,7.2,3.1,9.3,Low,7.1
3767,20,Male,USA,Undergraduate,Twitter,News,5.3,174,2.2,1.7,7.0,High,6.1
3768,23,Female,Other,Graduate,Instagram,Entertainment,7.6,225,0.8,1.4,5.2,Very High,5.5
3769,20,Female,USA,Undergraduate,TikTok,Entertainment,7.3,230,1.4,1.4,5.0,Very High,5.0
3770,20,Female,India,Undergraduate,WhatsApp,Networking,6.9,214,2.0,1.9,5.7,Very High,5.2
3771,24,Male,Other,Graduate,Facebook,Networking,5.8,192,2.0,1.6,6.9,High,6.5
3772,24,Male,Other,Graduate,LinkedIn,Education,3.9,129,4.2,1.7,7.6,Low,9.0
3773,21,Male,France,Undergraduate,Instagram,Entertainment,6.2,204,2.7,1.4,7.0,High,6.3
3774,22,Male,India,Undergraduate,Snapchat,Entertainment,6.1,198,2.8,2.2,4.5,Very High,5.7
3775,22,Male,Other,Undergraduate,TikTok,Entertainment,5.6,185,3.0,1.6,6.3,High,6.2
3776,20,Female,South Korea,Undergraduate,KakaoTalk,Education,4.5,181,4.1,1.8,7.5,High,5.8
3777,22,Male,Other,Undergraduate,YouTube,Education,6.4,203,3.2,1.6,7.0,High,6.5
3778,21,Male,USA,Undergraduate,Facebook,Networking,6.4,203,0.9,0.7,5.5,Very High,5.5
3779,22,Male,Australia,Undergraduate,Facebook,Networking,8.1,228,1.0,1.5,5.0,Very High,5.5
3780,22,Male,Pakistan,Undergraduate,Instagram,Entertainment,4.8,150,3.8,1.2,6.0,High,4.8
3781,24,Male,Other,Graduate,Snapchat,Entertainment,3.5,112,4.9,3.2,7.3,Medium,8.2
3782,20,Male,Spain,Undergraduate,Facebook,Networking,6.6,211,1.0,0.9,5.9,Very High,4.5
3783,20,Female,Switzerland,Undergraduate,Instagram,Entertainment,2.2,93,6.1,2.8,9.7,Low,7.9
3784,20,Male,Other,Undergraduate,LinkedIn,Education,7.9,227,0.9,0.5,4.5,Very High,5.0
3785,19,Female,Brazil,Undergraduate,WhatsApp,Entertainment,6.2,200,2.0,1.3,6.5,High,6.0
3786,24,Male,Other,Graduate,Snapchat,Entertainment,6.0,204,1.4,2.5,4.7,High,5.0
3787,18,Female,Mexico,High School,Instagram,Entertainment,7.0,203,2.4,1.7,5.4,Very High,5.0
3788,22,Male,Other,Undergraduate,Instagram,Entertainment,1.8,101,6.5,2.2,7.4,Medium,8.1
3789,24,Male,Other,Graduate,Snapchat,Entertainment,2.8,115,5.1,1.2,8.6,Medium,7.3
3790,21,Male,Other,Undergraduate,Facebook,Networking,5.9,193,1.4,1.2,6.0,Very High,6.7
3791,19,Female,India,Undergraduate,WhatsApp,Education,6.5,231,1.1,1.5,6.1,Very High,5.1
3792,23,Female,Other,Graduate,TikTok,Entertainment,6.4,213,1.3,1.3,5.8,Very High,4.2
3793,22,Male,Other,Undergraduate,Instagram,Entertainment,4.4,176,3.1,1.7,6.2,High,6.9
3794,20,Male,Other,Undergraduate,LinkedIn,Education,2.0,89,5.1,3.0,7.4,Low,7.6
3795,18,Male,Other,High School,LinkedIn,Education,7.4,242,1.2,0.7,5.1,Very High,4.0
3796,23,Male,Germany,Graduate,TikTok,Entertainment,3.2,106,6.0,3.0,8.9,Low,7.6
3797,18,Male,Other,High School,Snapchat,Entertainment,5.7,172,1.9,1.6,6.4,High,6.0
3798,20,Male,Russia,Undergraduate,Instagram,Entertainment,7.0,213,0.7,0.9,5.7,Very High,4.0
3799,19,Female,Ireland,Undergraduate,Instagram,Entertainment,4.2,138,3.8,1.7,7.5,High,7.1
3800,22,Male,New Zealand,Undergraduate,Instagram,Entertainment,4.3,162,4.1,1.1,7.6,Low,7.2
3801,24,Male,Sweden,Graduate,LinkedIn,Education,1.9,112,7.3,2.8,7.8,Low,7.9
3802,21,Male,UK,Undergraduate,TikTok,Entertainment,4.8,151,2.9,1.4,6.4,High,6.2
3803,18,Male,Other,High School,Snapchat,Entertainment,6.4,194,0.9,1.2,4.9,Very High,5.4
3804,19,Female,Other,Undergraduate,Facebook,Networking,4.1,154,3.4,3.2,6.9,High,6.7
3805,23,Female,Other,Graduate,Facebook,Networking,7.8,251,1.2,0.6,5.4,Very High,4.7
3806,20,Male,Cyprus,Undergraduate,Facebook,Networking,3.9,139,4.3,2.0,6.8,High,7.0
3807,18,Male,Other,High School,Instagram,Entertainment,7.6,221,0.5,2.4,5.4,Very High,5.5
3808,20,Female,Other,Undergraduate,Twitter,News,6.4,227,1.4,1.5,5.2,High,5.7
3809,21,Female,USA,Undergraduate,Snapchat,Entertainment,5.6,181,3.0,0.6,5.4,High,6.3
3810,18,Male,Other,High School,TikTok,Entertainment,8.0,250,1.1,1.7,5.7,Very High,4.5
3811,21,Male,Canada,Undergraduate,Instagram,Entertainment,4.3,182,3.3,2.3,7.1,Medium,7.1
3812,21,Female,Turkey,Undergraduate,TikTok,Entertainment,7.0,234,1.3,1.6,6.2,Very High,5.0
3813,22,Male,Canada,Undergraduate,TikTok,Entertainment,4.3,140,3.4,1.2,7.4,High,5.7
3814,21,Female,Germany,Undergraduate,Facebook,Networking,4.5,142,3.9,1.9,6.7,High,6.4
3815,20,Male,India,Undergraduate,LinkedIn,Education,7.3,225,1.0,1.1,5.5,Very High,5.4
3816,23,Male,Other,Graduate,TikTok,Entertainment,3.1,139,4.8,1.7,8.6,Medium,7.3
3817,22,Male,Other,Undergraduate,Facebook,Networking,4.3,155,3.7,2.0,6.1,High,6.6
3818,20,Female,Australia,Undergraduate,Instagram,Entertainment,4.5,157,3.8,1.8,7.5,High,6.8
3819,18,Male,Belgium,High School,TikTok,Entertainment,4.9,182,1.3,1.8,5.4,Very High,5.1
3820,22,Male,Malaysia,Undergraduate,WhatsApp,Networking,5.9,178,3.4,0.8,6.7,Medium,6.0
3821,20,Female,Other,Undergraduate,Facebook,Networking,6.4,220,1.3,1.3,5.9,Very High,4.4
3822,21,Male,Maldives,Undergraduate,TikTok,Entertainment,5.7,169,2.7,1.9,6.2,High,5.7
3823,20,Female,Finland,Undergraduate,Instagram,Entertainment,4.7,160,3.0,1.2,7.3,High,6.7
3824,23,Male,Canada,Graduate,Instagram,Entertainment,5.5,182,2.6,1.1,6.7,High,5.7
3825,20,Female,USA,Undergraduate,Twitter,News,4.9,176,1.5,2.0,6.5,High,7.2
3826,19,Female,Japan,Undergraduate,LINE,News,2.8,126,4.4,2.4,8.5,Medium,8.1
3827,18,Female,Other,High School,LinkedIn,Education,4.9,177,2.6,2.4,6.5,High,6.2
3828,21,Male,Turkey,Undergraduate,Instagram,Entertainment,5.2,168,3.1,1.6,7.1,Very High,5.8
3829,19,Female,Ireland,Undergraduate,Instagram,Entertainment,4.4,135,3.4,2.2,7.3,Medium,7.0
3830,23,Male,Sri Lanka,Graduate,LinkedIn,Education,2.3,107,4.6,2.4,7.4,Low,8.0
3831,22,Male,Mexico,Undergraduate,WhatsApp,News,5.7,191,1.6,1.1,6.5,High,5.7
3832,22,Male,India,Undergraduate,Twitter,News,5.5,182,1.7,1.1,7.3,High,6.9
3833,21,Female,Other,Undergraduate,Instagram,Entertainment,5.4,177,1.0,1.3,5.3,Very High,5.0
3834,24,Male,Other,Graduate,LinkedIn,Education,4.1,131,4.4,1.7,7.4,Low,8.8
3835,22,Male,Denmark,Undergraduate,Facebook,Networking,3.7,138,2.2,2.2,7.8,Medium,7.8
3836,18,Male,Australia,High School,Facebook,Networking,4.5,144,3.6,2.6,6.2,Medium,6.4
3837,19,Female,Qatar,Undergraduate,TikTok,Entertainment,5.1,150,1.1,0.8,5.4,High,6.2
3838,18,Male,India,High School,Instagram,Entertainment,6.8,195,1.3,1.3,4.5,Very High,4.1
3839,19,Female,Spain,Undergraduate,Instagram,Entertainment,3.8,145,4.0,1.3,8.1,High,6.2
3840,21,Female,Germany,Undergraduate,YouTube,Education,3.9,141,5.1,1.6,8.4,Low,8.9
3841,20,Female,Netherlands,Undergraduate,Snapchat,Entertainment,5.0,176,3.5,1.8,5.9,High,6.0
3842,19,Male,Other,Undergraduate,TikTok,Entertainment,6.1,209,1.3,0.9,4.8,Very High,4.6
3843,21,Male,Georgia,Undergraduate,LinkedIn,Education,2.9,135,4.2,2.4,7.3,Low,7.8
3844,19,Female,Other,Undergraduate,Facebook,Networking,5.2,186,3.3,2.5,6.6,High,6.5
3845,24,Male,India,Graduate,Facebook,Networking,3.7,142,3.1,3.2,6.0,Medium,6.9
3846,19,Female,Sri Lanka,Undergraduate,Facebook,Networking,4.6,159,3.7,1.2,9.2,Medium,7.2
3847,22,Male,Russia,Undergraduate,VKontakte,Education,3.6,157,5.8,1.6,7.7,Medium,6.8
3848,21,Male,Canada,Undergraduate,Instagram,Entertainment,5.0,181,1.7,1.8,7.1,High,6.2
3849,20,Female,Sri Lanka,Undergraduate,Facebook,Networking,4.3,158,3.4,2.9,8.4,Medium,6.7
3850,18,Male,Other,High School,Instagram,Entertainment,3.5,119,3.5,1.5,6.2,Medium,6.8
3851,20,Male,Nepal,Undergraduate,Facebook,Networking,4.5,144,3.9,1.3,7.5,High,7.3
3852,24,Male,Other,Graduate,Snapchat,Entertainment,6.7,219,3.6,0.7,5.3,Very High,5.1
3853,22,Male,Venezuela,Undergraduate,Facebook,Networking,3.2,120,4.5,2.9,6.7,Medium,7.2
3854,19,Male,Uzbekistan,Undergraduate,TikTok,Entertainment,5.5,198,1.5,1.2,5.5,Very High,5.0
3855,20,Female,Nepal,Undergraduate,TikTok,Entertainment,6.1,193,2.3,0.6,4.8,Very High,5.9
3856,20,Female,Australia,Undergraduate,Facebook,Networking,3.9,168,3.7,1.2,7.4,Low,6.8
3857,24,Female,Other,Graduate,YouTube,Education,7.3,246,0.8,0.5,5.8,Very High,4.6
3858,21,Female,Maldives,Undergraduate,Instagram,Entertainment,3.2,111,4.6,2.8,8.9,Medium,7.8
3859,19,Female,Other,Undergraduate,LinkedIn,Education,6.0,202,0.9,2.0,5.5,High,3.7
3860,19,Male,Other,Undergraduate,LinkedIn,Education,3.1,136,3.4,2.2,8.8,Medium,8.4
3861,20,Female,France,Undergraduate,Instagram,Entertainment,3.1,122,4.3,2.4,8.6,Low,7.0
3862,23,Female,Italy,Graduate,Twitter,News,4.4,161,3.7,1.3,7.2,High,7.4
3863,18,Male,Other,High School,LinkedIn,Education,6.9,219,1.0,1.5,6.1,Very High,4.7
3864,19,Female,Japan,Undergraduate,LINE,Education,3.6,143,5.3,2.6,8.1,Medium,8.3
3865,21,Female,Maldives,Undergraduate,Instagram,Entertainment,3.7,156,6.0,3.1,8.1,Medium,8.0
3866,21,Male,Australia,Undergraduate,Instagram,Entertainment,5.4,198,4.1,1.7,7.8,Medium,6.8
3867,23,Female,Germany,Graduate,Instagram,Entertainment,6.7,226,2.6,1.0,4.6,Very High,5.9
3868,20,Female,Germany,Undergraduate,Snapchat,Entertainment,8.4,244,0.7,1.1,5.0,Very High,3.7
3869,22,Male,Bangladesh,Undergraduate,Facebook,Networking,4.7,172,3.2,2.4,6.7,High,4.6
3870,22,Female,Other,Undergraduate,YouTube,Education,4.9,140,3.6,1.2,6.5,Medium,6.1
3871,21,Male,Canada,Undergraduate,Instagram,Entertainment,4.4,168,3.3,2.3,7.8,High,6.0
3872,19,Female,Ireland,Undergraduate,Instagram,Entertainment,3.6,120,4.5,1.7,8.8,Low,7.0
3873,22,Male,Nepal,Undergraduate,Facebook,Networking,4.1,128,4.1,2.5,7.8,Medium,6.9
3874,19,Male,India,Undergraduate,Facebook,Networking,3.8,120,3.8,1.6,8.9,Medium,7.7
3875,21,Male,Italy,Undergraduate,Instagram,Entertainment,5.5,186,2.4,3.4,6.9,High,4.7
3876,22,Male,Australia,Undergraduate,YouTube,Education,6.4,210,1.0,2.3,5.6,Very High,5.0
3877,19,Female,Switzerland,Undergraduate,Instagram,Entertainment,3.1,106,4.1,1.3,8.6,Medium,8.4
3878,22,Male,Poland,Undergraduate,Facebook,Networking,4.0,151,4.6,2.6,8.3,Medium,6.7
3879,18,Female,Other,High School,YouTube,Education,7.6,244,1.0,1.8,5.8,Very High,4.6
3880,22,Male,Australia,Undergraduate,Snapchat,Entertainment,5.7,189,0.8,1.2,7.5,High,7.0
3881,18,Male,Other,High School,Snapchat,Entertainment,6.9,220,1.3,1.6,5.7,Very High,5.1
3882,20,Female,Other,Undergraduate,YouTube,Education,5.5,207,2.2,-0.2,5.1,Very High,5.7
3883,21,Female,India,Undergraduate,YouTube,Education,7.0,233,1.0,1.1,5.1,Very High,4.9
3884,22,Female,Spain,Undergraduate,TikTok,Entertainment,6.4,210,1.7,0.9,6.0,Very High,5.0
3885,21,Male,Canada,Undergraduate,YouTube,Education,3.6,146,5.5,1.3,9.0,Low,8.5
3886,20,Male,Other,Undergraduate,Snapchat,Entertainment,1.9,86,5.6,1.9,8.5,Low,7.4
3887,19,Female,Ireland,Undergraduate,Instagram,Entertainment,6.2,208,2.5,2.3,6.6,High,6.1
3888,21,Female,USA,Undergraduate,Twitter,News,5.4,179,2.1,2.0,6.8,High,5.9
3889,24,Male,USA,Graduate,Twitter,News,5.5,164,3.8,1.6,6.6,High,6.0
3890,20,Female,Netherlands,Undergraduate,Instagram,Entertainment,3.4,120,5.5,2.9,8.7,Low,8.0
3891,21,Male,Malaysia,Undergraduate,WhatsApp,Education,5.8,173,1.2,1.5,6.5,High,5.8
3892,20,Female,Other,Undergraduate,TikTok,Entertainment,3.4,121,3.5,1.9,8.4,Low,7.4
3893,19,Male,India,Undergraduate,Facebook,Networking,3.5,120,4.2,1.6,8.7,Medium,8.2
3894,19,Female,UAE,Undergraduate,Instagram,Entertainment,7.0,235,0.9,1.2,6.0,Very High,4.9
3895,21,Male,Canada,Undergraduate,Twitter,News,1.8,92,6.0,2.2,8.7,Low,7.0
3896,21,Female,Other,Undergraduate,TikTok,Entertainment,7.3,249,1.2,1.2,4.7,Very High,4.6
3897,24,Female,Other,Graduate,LinkedIn,Education,3.6,140,4.6,3.1,8.5,Low,7.9
3898,22,Female,Russia,Undergraduate,Instagram,Entertainment,6.7,195,1.0,1.2,6.0,High,3.9
3899,21,Male,USA,Undergraduate,TikTok,Entertainment,5.7,176,1.4,1.3,5.5,High,5.1
3900,20,Male,Other,Undergraduate,TikTok,Entertainment,6.6,209,2.3,1.8,5.2,Very High,5.1
3901,21,Female,UK,Undergraduate,Twitter,News,6.2,211,1.1,1.7,6.1,Very High,5.1
3902,20,Female,Maldives,Undergraduate,Instagram,Entertainment,3.8,151,2.3,2.7,8.6,Medium,7.9
3903,23,Male,Canada,Graduate,Instagram,Entertainment,5.4,181,0.7,1.7,7.1,High,6.0
3904,21,Male,Other,Undergraduate,Instagram,Entertainment,5.4,183,2.2,1.7,6.8,High,6.7
3905,20,Male,Finland,Undergraduate,Facebook,Networking,4.6,143,3.8,1.6,7.3,High,7.2
3906,18,Male,Other,High School,Snapchat,Entertainment,7.1,241,2.0,1.4,4.6,Very High,5.3
3907,22,Male,Denmark,Undergraduate,Facebook,Networking,3.0,117,4.8,2.7,8.6,Low,8.4
3908,19,Male,Other,Undergraduate,Facebook,Networking,5.4,192,2.2,1.5,6.8,High,6.7
3909,18,Male,Other,High School,Instagram,Entertainment,3.7,119,3.7,1.5,6.1,Medium,6.4
3910,23,Male,Turkey,Graduate,Instagram,Entertainment,6.4,213,1.3,0.5,5.8,Very High,4.8
3911,21,Female,India,Undergraduate,TikTok,Entertainment,3.8,149,2.8,2.5,6.1,High,6.9
3912,19,Female,Other,Undergraduate,LinkedIn,Education,4.7,169,4.0,1.7,7.1,High,6.7
3913,23,Female,Other,Graduate,YouTube,Education,2.7,120,5.9,2.6,7.2,Medium,8.6
3914,20,Female,South Korea,Undergraduate,KakaoTalk,Entertainment,4.7,162,5.0,1.6,7.1,High,6.0
3915,18,Female,UK,High School,LinkedIn,Education,4.4,163,5.1,2.0,7.0,High,5.9
3916,22,Female,Other,Undergraduate,TikTok,Entertainment,5.4,185,2.1,2.1,6.4,Medium,6.7
3917,18,Male,Other,High School,Snapchat,Entertainment,6.0,212,2.6,2.0,5.1,Very High,5.2
3918,21,Male,China,Undergraduate,WeChat,Education,4.3,138,3.8,2.4,8.3,High,7.0
3919,21,Female,Kazakhstan,Undergraduate,Snapchat,Entertainment,4.9,156,3.4,1.9,5.7,High,5.8
3920,19,Male,India,Undergraduate,LinkedIn,Education,5.6,170,1.0,1.8,7.3,High,6.7
3921,22,Female,Germany,Undergraduate,Snapchat,Entertainment,6.8,194,1.3,1.3,4.9,Very High,5.4
3922,22,Female,Other,Undergraduate,YouTube,Education,6.7,197,0.7,0.8,5.0,Very High,3.9
3923,21,Male,Other,Undergraduate,Twitter,News,5.9,192,1.6,2.1,5.5,High,4.7
3924,21,Male,Other,Undergraduate,Facebook,Networking,5.7,176,2.2,1.7,4.3,Very High,4.7
3925,22,Male,India,Undergraduate,WhatsApp,News,5.8,198,3.1,1.3,6.3,High,5.0
3926,24,Male,Other,Graduate,Snapchat,Entertainment,1.4,68,5.9,2.9,9.1,Low,7.2
3927,20,Female,Other,Undergraduate,Instagram,Entertainment,1.8,111,7.3,3.1,8.1,Low,8.0
3928,18,Male,India,High School,Instagram,Entertainment,6.7,195,0.9,1.8,4.9,Very High,4.0
3929,21,Male,India,Undergraduate,Snapchat,Entertainment,2.6,107,4.4,2.5,7.3,Low,8.2
3930,20,Female,Australia,Undergraduate,Instagram,Entertainment,4.2,141,3.9,1.6,7.4,High,7.2
3931,19,Female,Japan,Undergraduate,LINE,News,3.2,139,3.4,2.1,8.1,Low,8.1
3932,21,Male,Georgia,Undergraduate,LinkedIn,Education,3.1,135,4.6,2.6,7.0,Low,8.0
3933,20,Female,France,Undergraduate,Instagram,Entertainment,4.1,162,3.2,1.6,8.1,Medium,6.9
3934,24,Male,Australia,Graduate,Snapchat,Entertainment,3.9,131,3.8,2.5,8.6,Medium,8.5
3935,24,Female,Other,Graduate,Snapchat,Entertainment,5.9,202,2.6,2.2,6.8,High,6.5
3936,21,Male,Canada,Undergraduate,Instagram,Entertainment,4.8,164,2.3,1.8,7.3,High,6.1
3937,21,Male,Australia,Undergraduate,Instagram,Entertainment,6.0,198,4.4,1.3,7.2,Medium,7.0
3938,22,Female,Other,Undergraduate,TikTok,Entertainment,7.0,228,1.2,0.6,4.8,Very High,6.1
3939,22,Male,India,Undergraduate,Facebook,Networking,3.3,140,3.8,2.0,8.8,Low,8.4
3940,22,Female,Other,Undergraduate,Instagram,Entertainment,4.5,148,3.1,2.2,6.8,High,6.5
3941,23,Male,Other,Graduate,LinkedIn,Education,6.4,213,1.2,1.6,5.0,Very High,4.3
3942,23,Female,Canada,Graduate,Snapchat,Entertainment,5.7,170,0.8,1.8,7.1,High,6.6
3943,22,Male,Denmark,Undergraduate,Facebook,Networking,3.3,127,4.9,1.8,8.3,Medium,8.0
3944,22,Female,UK,Undergraduate,Snapchat,Entertainment,4.1,135,4.5,1.4,6.5,Medium,6.1
3945,22,Male,Pakistan,Undergraduate,Instagram,Entertainment,3.7,139,3.6,1.3,7.6,Medium,4.8
3946,22,Male,Mexico,Undergraduate,WhatsApp,Networking,6.9,219,1.2,1.6,5.5,Very High,5.7
3947,18,Female,Other,High School,TikTok,Entertainment,3.7,114,3.8,2.0,7.0,Medium,6.5
3948,23,Female,Taiwan,Graduate,LinkedIn,Education,2.6,95,6.4,3.0,7.3,Medium,7.8
3949,20,Male,Russia,Undergraduate,Instagram,Entertainment,6.7,230,0.8,2.2,5.8,Very High,4.0
3950,18,Female,USA,High School,Twitter,News,3.9,123,1.9,2.1,8.2,Medium,7.2
3951,20,Male,UK,Undergraduate,Instagram,Entertainment,7.7,223,1.1,1.2,5.3,Very High,5.1
3952,23,Male,Other,Graduate,Twitter,News,8.4,241,1.3,1.0,5.8,Very High,5.0
3953,21,Female,Other,Undergraduate,Facebook,Networking,3.2,135,3.9,1.8,8.1,Low,8.8
3954,18,Male,Other,High School,Twitter,News,5.6,207,1.7,1.9,6.2,Very High,6.5
3955,22,Female,Other,Undergraduate,LinkedIn,Education,1.6,87,7.4,2.7,7.3,Medium,7.6
3956,21,Female,USA,Undergraduate,Facebook,Networking,3.9,123,4.7,3.0,7.6,Medium,8.3
3957,20,Female,Other,Undergraduate,Snapchat,Entertainment,4.3,160,2.3,2.2,6.2,High,6.7
3958,24,Female,Other,Graduate,YouTube,Education,7.6,225,1.1,1.3,5.6,Very High,5.5
3959,24,Female,India,Graduate,Snapchat,Entertainment,2.8,117,4.6,2.0,7.4,Medium,7.4
3960,19,Female,Other,Undergraduate,LinkedIn,Education,4.7,169,3.7,1.8,7.0,High,6.4
3961,22,Male,Mexico,Undergraduate,WhatsApp,News,6.2,212,1.3,0.8,5.9,Very High,6.2
3962,22,Male,Bangladesh,Undergraduate,Facebook,Networking,4.1,147,2.6,2.0,7.3,Medium,5.0
3963,19,Female,Maldives,Undergraduate,Instagram,Entertainment,4.7,183,2.8,2.1,5.7,High,6.1
3964,22,Female,Denmark,Undergraduate,Twitter,News,4.7,162,3.8,2.0,7.3,High,7.2
3965,19,Female,USA,Undergraduate,Instagram,Entertainment,8.6,257,1.3,0.3,3.7,Very High,5.3
3966,18,Male,Other,High School,Instagram,Entertainment,7.0,219,1.3,1.6,5.5,Very High,4.7
3967,24,Female,Other,Graduate,Instagram,Entertainment,3.8,152,5.9,2.1,8.6,Medium,8.8
3968,19,Female,Switzerland,Undergraduate,Instagram,Entertainment,3.0,106,3.8,1.1,8.2,Medium,8.1
3969,20,Male,Canada,Undergraduate,LinkedIn,Education,4.1,156,4.3,2.3,6.9,Medium,6.6
3970,23,Male,India,Graduate,Instagram,Entertainment,3.9,149,5.1,2.0,6.4,Medium,6.5
3971,22,Male,Other,Undergraduate,Snapchat,Entertainment,7.5,243,1.0,1.1,5.6,Very High,6.0
3972,22,Male,Other,Undergraduate,Facebook,Networking,4.0,161,3.7,1.6,6.2,Medium,6.1
3973,21,Male,India,Undergraduate,Facebook,Networking,4.9,157,3.2,1.5,8.8,Medium,7.1
3974,21,Male,Pakistan,Undergraduate,Instagram,Entertainment,4.8,151,2.6,1.3,6.6,Medium,5.2
3975,20,Female,Other,Undergraduate,TikTok,Entertainment,5.1,172,1.7,2.0,7.0,Medium,6.7
3976,24,Female,USA,Graduate,LinkedIn,Education,3.6,124,4.9,1.0,7.1,Medium,7.0
3977,20,Female,Netherlands,Undergraduate,Instagram,Entertainment,3.6,131,5.6,2.6,8.6,Medium,7.5
3978,19,Male,India,Undergraduate,Facebook,Networking,5.7,187,2.8,0.9,7.2,Very High,6.4
3979,19,Female,Other,Undergraduate,YouTube,Education,8.2,250,0.7,1.7,5.9,Very High,4.7
3980,21,Male,Pakistan,Undergraduate,Instagram,Entertainment,3.4,142,5.0,2.5,8.2,Medium,4.9
3981,20,Female,France,Undergraduate,Instagram,Entertainment,4.4,142,4.2,1.9,8.0,Medium,6.8
3982,22,Male,Other,Undergraduate,Twitter,News,2.3,100,5.2,2.4,7.9,Medium,7.2
3983,20,Female,USA,Undergraduate,TikTok,Entertainment,8.5,247,0.8,0.9,4.3,Very High,4.9
3984,22,Male,Turkey,Undergraduate,TikTok,Entertainment,4.2,134,3.7,2.0,8.0,Medium,6.3
3985,21,Male,Russia,Undergraduate,YouTube,Education,3.5,142,6.7,1.1,6.7,High,6.9
3986,19,Male,Lebanon,Undergraduate,YouTube,Education,5.9,172,1.0,2.0,5.2,Very High,5.0
3987,22,Male,Mexico,Undergraduate,WhatsApp,News,5.6,197,2.0,0.2,6.5,High,6.1
3988,18,Male,Other,High School,Twitter,News,1.6,98,5.9,3.6,7.7,Low,8.0
3989,19,Female,Russia,Undergraduate,Instagram,Entertainment,6.8,204,1.0,1.4,5.8,Very High,3.8
3990,23,Female,Other,Graduate,Snapchat,Entertainment,5.7,171,1.7,2.1,6.9,High,6.1
3991,24,Female,Other,Graduate,YouTube,Education,7.3,242,0.8,1.5,5.0,Very High,4.7
3992,21,Female,Canada,Undergraduate,Instagram,Entertainment,3.4,126,6.0,2.9,7.4,Low,7.1
3993,22,Male,Nepal,Undergraduate,Facebook,Networking,3.8,142,4.1,1.9,8.3,Low,6.9
3994,23,Male,India,Graduate,Instagram,Entertainment,2.0,81,4.5,2.5,7.9,Low,7.0
3995,21,Male,USA,Undergraduate,YouTube,Education,6.9,237,0.8,0.6,6.0,Very High,4.8
3996,23,Male,Other,Graduate,Instagram,Entertainment,3.7,121,4.4,2.5,6.4,Medium,6.9
3997,19,Female,Japan,Undergraduate,LINE,Entertainment,3.0,134,4.3,2.2,8.4,Low,7.9
3998,21,Male,Australia,Undergraduate,TikTok,Entertainment,7.4,225,0.8,1.5,4.6,Very High,5.9
3999,22,Male,Germany,Undergraduate,Facebook,Networking,3.7,113,4.4,2.2,8.4,Medium,7.8
4000,20,Female,Italy,Undergraduate,TikTok,Entertainment,4.6,166,3.4,1.4,7.5,Medium,6.6
4001,19,Female,Other,Undergraduate,Instagram,Entertainment,3.2,130,5.5,2.0,7.9,Medium,7.7
4002,23,Male,India,Graduate,TikTok,Entertainment,1.9,113,5.8,2.6,7.2,Medium,8.9
4003,22,Male,India,Undergraduate,WhatsApp,Education,6.5,210,0.7,1.9,5.6,High,4.9
4004,19,Female,Other,Undergraduate,LinkedIn,Education,3.6,120,4.2,1.5,6.2,Medium,6.5
4005,23,Female,Other,Graduate,YouTube,Education,7.4,220,1.0,1.0,5.3,Very High,4.2
4006,24,Male,Australia,Graduate,Snapchat,Entertainment,4.1,131,4.0,2.8,8.5,Medium,8.7
4007,22,Male,Russia,Undergraduate,VKontakte,Education,3.8,139,2.7,2.2,8.0,Medium,7.4
4008,19,Female,Sri Lanka,Undergraduate,Facebook,Networking,5.2,152,2.4,1.4,7.0,Medium,6.8
4009,21,Female,India,Undergraduate,Instagram,Entertainment,5.3,171,2.6,1.6,5.2,High,6.0
4010,18,Female,Other,High School,YouTube,Education,2.1,89,5.8,1.9,7.8,Low,8.2
4011,23,Female,Other,Graduate,TikTok,Entertainment,3.1,124,4.5,2.7,7.7,Medium,9.1
4012,21,Male,India,Undergraduate,Facebook,Networking,4.7,157,3.0,1.8,8.9,Medium,6.8
4013,19,Male,Other,Undergraduate,YouTube,Education,3.4,136,4.6,1.9,8.7,Low,7.3
4014,19,Female,Norway,Undergraduate,Instagram,Entertainment,5.2,154,3.7,2.3,5.7,High,5.0
4015,19,Female,Brazil,Undergraduate,WhatsApp,Entertainment,5.9,184,1.2,1.9,6.7,High,6.2
4016,23,Female,India,Graduate,Snapchat,Entertainment,1.1,74,5.7,3.0,7.3,Low,7.2
4017,22,Male,Mexico,Undergraduate,WhatsApp,Education,7.3,212,0.8,0.6,4.8,Very High,6.3
4018,22,Male,France,Undergraduate,Facebook,Networking,4.4,165,1.8,2.1,7.0,High,7.2
4019,21,Male,USA,Undergraduate,Facebook,Networking,6.9,203,0.9,0.8,5.7,Very High,5.5
4020,19,Female,Other,Undergraduate,LinkedIn,Education,5.0,151,2.1,2.7,6.7,High,6.8
4021,22,Female,Other,Undergraduate,TikTok,Entertainment,7.3,242,2.3,1.3,4.9,Very High,6.1
4022,21,Female,India,Undergraduate,Instagram,Entertainment,5.8,189,2.4,1.3,5.6,High,5.8
4023,24,Female,Other,Graduate,Twitter,News,3.0,115,5.2,2.3,7.1,Medium,8.0
4024,23,Male,India,Graduate,Instagram,Entertainment,2.1,81,5.0,2.9,7.9,Low,6.7
4025,24,Female,Canada,Graduate,TikTok,Entertainment,5.4,201,2.2,0.6,6.8,High,6.2
4026,19,Male,Nepal,Undergraduate,TikTok,Entertainment,4.1,128,3.4,1.7,8.4,High,6.9
4027,22,Male,France,Undergraduate,Facebook,Networking,4.6,165,2.3,1.8,7.5,High,6.9
4028,22,Male,Germany,Undergraduate,Facebook,Networking,4.1,138,4.4,2.5,7.5,Medium,7.8
4029,23,Female,USA,Graduate,YouTube,Education,7.7,255,0.9,1.0,4.9,Very High,6.2
4030,20,Male,Canada,Undergraduate,LinkedIn,Education,4.3,156,3.9,2.9,6.4,Medium,6.6
4031,20,Female,Ireland,Undergraduate,TikTok,Entertainment,4.0,135,3.7,2.4,7.8,Medium,6.9
4032,21,Male,Canada,Undergraduate,Facebook,Networking,5.6,200,3.5,1.4,6.2,High,6.3
4033,20,Male,Other,Undergraduate,Instagram,Entertainment,5.2,183,2.4,1.1,6.8,Very High,6.9
4034,21,Male,India,Undergraduate,WhatsApp,News,6.9,224,3.3,1.4,6.0,Very High,5.3
4035,21,Female,Canada,Undergraduate,Twitter,News,7.7,219,1.0,0.7,5.4,Very High,4.6
4036,22,Male,Other,Undergraduate,Instagram,Entertainment,1.9,101,6.9,2.2,7.2,Medium,8.1
4037,21,Male,Finland,Undergraduate,Instagram,Entertainment,4.5,140,2.7,1.6,7.4,Medium,6.9
4038,19,Female,USA,Undergraduate,Facebook,Networking,6.1,211,2.0,1.6,4.5,Very High,4.2
4039,19,Female,UAE,Undergraduate,Instagram,Entertainment,6.7,221,1.2,2.5,5.8,High,5.1
4040,22,Male,Turkey,Undergraduate,TikTok,Entertainment,4.2,142,4.3,2.5,8.6,Medium,6.2
4041,20,Female,Mexico,Undergraduate,Facebook,Networking,6.2,197,1.4,2.2,6.1,Very High,4.8
4042,20,Female,India,Undergraduate,TikTok,Entertainment,7.5,210,1.0,1.7,5.6,Very High,3.9
4043,18,Male,Other,High School,Snapchat,Entertainment,7.6,241,2.1,1.4,4.7,Very High,4.8
4044,20,Female,France,Undergraduate,Instagram,Entertainment,2.6,104,5.4,2.2,9.2,Low,7.0
4045,18,Male,USA,High School,Facebook,Networking,4.2,166,4.0,1.5,7.2,Medium,6.2
4046,22,Male,Other,Undergraduate,Facebook,Networking,1.9,84,5.7,2.8,8.2,Low,8.6
4047,20,Female,Switzerland,Undergraduate,Instagram,Entertainment,3.6,133,2.0,2.2,8.8,Medium,7.7
4048,21,Female,UK,Undergraduate,Twitter,News,6.1,191,1.6,1.4,6.5,Very High,4.9
4049,21,Female,Other,Undergraduate,Instagram,Entertainment,4.4,143,3.7,1.2,6.8,High,6.8
4050,18,Male,UK,High School,LinkedIn,Education,7.2,245,1.0,1.1,5.1,Very High,4.1
4051,24,Female,Poland,Graduate,TikTok,Entertainment,6.4,184,2.6,1.4,6.4,High,5.1
4052,20,Female,Spain,Undergraduate,TikTok,Entertainment,4.3,169,2.5,1.7,7.2,High,6.0
4053,18,Male,Other,High School,TikTok,Entertainment,6.0,203,1.3,2.0,5.7,Very High,4.9
4054,18,Female,Other,High School,LinkedIn,Education,5.8,204,1.6,1.2,6.0,High,5.0
4055,23,Male,Germany,Graduate,TikTok,Entertainment,3.4,106,5.7,2.8,9.0,Low,8.1
4056,22,Male,Other,Undergraduate,Snapchat,Entertainment,7.6,243,0.5,1.4,6.0,Very High,5.8
4057,23,Male,Other,Graduate,Snapchat,Entertainment,6.5,214,0.8,2.1,5.9,Very High,5.3
4058,21,Male,Other,Undergraduate,YouTube,Education,5.8,200,2.0,-0.1,7.4,High,6.2
4059,21,Male,Other,Undergraduate,Snapchat,Entertainment,8.3,262,1.0,1.3,4.5,Very High,5.4
4060,21,Male,India,Undergraduate,Facebook,Networking,7.6,247,0.8,1.3,5.9,Very High,4.8
4061,19,Female,Other,Undergraduate,Twitter,News,5.7,191,3.7,0.7,5.5,Very High,5.2
4062,22,Male,Other,Undergraduate,Facebook,Networking,4.2,161,3.9,2.2,6.9,Medium,6.2
4063,24,Male,Other,Graduate,LinkedIn,Education,4.2,137,2.3,1.5,7.7,High,6.9
4064,23,Female,Other,Graduate,Instagram,Entertainment,7.2,233,1.1,1.5,6.2,Very High,5.3
4065,21,Male,Canada,Undergraduate,YouTube,Education,3.7,151,4.2,1.8,6.4,Medium,5.7
4066,24,Male,China,Graduate,WeChat,News,5.6,176,1.1,1.5,7.1,High,5.9
4067,19,Male,Other,Undergraduate,TikTok,Entertainment,4.3,165,4.7,2.2,7.1,High,6.1
4068,22,Male,Poland,Undergraduate,Facebook,Networking,3.6,151,4.5,2.2,8.0,Medium,7.3
4069,18,Male,Other,High School,Snapchat,Entertainment,6.2,208,1.1,1.3,5.6,Very High,4.4
4070,22,Male,Other,Undergraduate,TikTok,Entertainment,1.8,71,6.4,2.7,8.0,Low,8.7
4071,21,Male,Denmark,Undergraduate,Facebook,Networking,3.3,116,5.9,2.4,8.5,Medium,8.2
4072,24,Male,China,Graduate,WeChat,Entertainment,5.6,188,2.2,0.9,6.7,High,6.2
4073,20,Female,USA,Undergraduate,TikTok,Entertainment,7.9,240,0.9,1.0,4.4,Very High,5.3
4074,20,Male,Australia,Undergraduate,Snapchat,Entertainment,5.7,182,1.4,1.4,5.9,Very High,5.1
4075,19,Female,India,Undergraduate,Facebook,Networking,5.8,193,1.5,1.0,7.6,High,6.8
4076,20,Female,India,Undergraduate,Instagram,Entertainment,5.3,192,3.8,2.2,5.6,High,5.8
4077,23,Female,USA,Graduate,Instagram,Entertainment,3.7,148,4.9,1.4,7.6,Medium,7.3
4078,20,Female,Nepal,Undergraduate,TikTok,Entertainment,5.3,188,2.4,1.7,5.6,High,5.8
4079,23,Male,Australia,Graduate,YouTube,Education,3.4,111,4.7,3.2,9.0,Medium,8.0
4080,21,Female,Other,Undergraduate,YouTube,Education,4.6,138,3.7,3.0,6.1,High,6.4
4081,24,Female,Other,Graduate,TikTok,Entertainment,6.2,202,1.9,1.4,5.0,High,5.8
4082,19,Female,Bangladesh,Undergraduate,Instagram,Entertainment,5.1,168,3.5,0.8,5.8,High,4.9
4083,19,Female,USA,Undergraduate,Instagram,Entertainment,7.1,213,1.2,1.2,5.6,Very High,4.2
4084,19,Female,Netherlands,Undergraduate,Instagram,Entertainment,3.6,132,4.9,2.4,8.7,Low,8.2
4085,23,Female,Other,Graduate,LinkedIn,Education,1.4,73,7.1,2.5,8.7,Low,7.6
4086,20,Female,Nepal,Undergraduate,TikTok,Entertainment,5.4,199,1.7,1.1,6.0,High,6.1
4087,20,Male,Other,Undergraduate,Twitter,News,8.4,233,0.9,1.2,4.6,Very High,5.1
4088,20,Female,Switzerland,Undergraduate,Instagram,Entertainment,3.6,150,5.1,2.2,8.4,Low,8.0
4089,19,Female,USA,Undergraduate,Instagram,Entertainment,6.4,208,2.1,2.2,5.8,High,5.1
4090,19,Male,Other,Undergraduate,YouTube,Education,3.3,136,5.0,1.7,8.9,Low,7.4
4091,21,Male,Italy,Undergraduate,TikTok,Entertainment,5.2,155,2.8,1.4,7.1,High,4.7
4092,21,Male,Italy,Undergraduate,Instagram,Entertainment,5.7,167,3.1,1.5,6.5,High,5.2
4093,19,Female,India,Undergraduate,WhatsApp,Education,6.7,231,0.9,1.8,6.1,Very High,5.3
4094,21,Male,Denmark,Undergraduate,Facebook,Networking,3.5,127,4.5,1.6,6.8,Medium,7.1
4095,21,Male,Other,Undergraduate,LinkedIn,Education,8.4,236,0.7,1.1,5.6,Very High,5.2
4096,21,Male,Mexico,Undergraduate,WhatsApp,Entertainment,6.8,196,1.8,1.2,5.6,Very High,5.7
4097,20,Female,Brazil,Undergraduate,Instagram,Entertainment,6.0,211,2.4,1.3,6.2,Very High,6.1
4098,22,Male,Other,Undergraduate,Facebook,Networking,6.4,190,3.6,1.8,5.8,Very High,5.7
4099,22,Male,India,Undergraduate,Twitter,News,5.6,182,1.8,0.8,7.2,High,6.8
4100,23,Male,Australia,Graduate,YouTube,Education,3.5,149,6.0,2.4,8.7,Medium,7.9
4101,22,Female,Other,Undergraduate,YouTube,Education,6.0,202,1.7,2.6,5.8,Very High,4.6
4102,19,Male,Nepal,Undergraduate,TikTok,Entertainment,4.0,142,2.9,2.6,8.7,Medium,7.0
4103,22,Male,Other,Undergraduate,Snapchat,Entertainment,6.5,226,1.2,2.2,5.3,Very High,5.5
4104,20,Male,Other,Undergraduate,TikTok,Entertainment,3.7,123,5.0,2.8,7.8,High,7.8
4105,22,Female,Other,Undergraduate,Instagram,Entertainment,7.9,257,0.9,0.8,4.8,Very High,3.9
4106,24,Male,Other,Graduate,LinkedIn,Education,3.4,131,3.8,1.8,7.1,Medium,8.6
4107,19,Male,Andorra,Undergraduate,TikTok,Entertainment,5.7,187,3.6,1.7,5.1,High,5.4
4108,19,Female,USA,Undergraduate,Facebook,Networking,6.0,207,2.5,0.6,5.1,High,4.4
4109,19,Female,Norway,Undergraduate,Instagram,Entertainment,4.7,154,4.0,2.5,5.3,High,5.0
4110,21,Male,Other,Undergraduate,Twitter,News,3.6,132,5.7,0.9,7.7,Low,8.8
4111,18,Female,Other,High School,Snapchat,Entertainment,3.8,149,2.9,2.7,6.0,Medium,6.6
4112,20,Female,Morocco,Undergraduate,TikTok,Entertainment,4.2,140,4.0,2.1,5.5,High,6.1
4113,22,Male,Turkey,Undergraduate,TikTok,Entertainment,4.1,155,5.2,2.1,8.5,Medium,6.0
4114,22,Male,Russia,Undergraduate,VKontakte,News,4.4,154,2.7,1.6,7.6,Very High,7.1
4115,21,Male,Pakistan,Undergraduate,Instagram,Entertainment,4.2,139,4.2,1.9,6.9,High,5.0
4116,19,Female,USA,Undergraduate,TikTok,Entertainment,7.2,233,1.5,0.0,5.3,Very High,4.0
4117,20,Female,Other,Undergraduate,YouTube,Education,3.4,146,5.2,1.8,7.2,Low,6.8
4118,22,Male,Maldives,Undergraduate,TikTok,Entertainment,4.6,145,2.0,1.6,4.1,High,5.9
4119,22,Female,USA,Undergraduate,LinkedIn,Education,4.3,143,3.5,2.5,6.6,High,6.7
4120,19,Male,Bangladesh,Undergraduate,TikTok,Entertainment,4.5,140,4.7,2.0,7.5,Medium,4.9
4121,22,Male,India,Undergraduate,WhatsApp,Education,7.2,214,1.7,1.4,5.1,Very High,5.1
4122,24,Female,Other,Graduate,YouTube,Education,2.1,94,6.1,2.1,9.0,Low,8.4
4123,22,Male,Poland,Undergraduate,Facebook,Networking,3.7,145,3.8,2.4,8.1,High,7.3
4124,19,Female,USA,Undergraduate,Instagram,Entertainment,6.7,213,1.2,1.6,6.0,Very High,3.7
4125,19,Female,Costa Rica,Undergraduate,Instagram,Entertainment,6.0,180,3.1,1.0,5.5,Very High,4.9
4126,22,Male,USA,Undergraduate,LinkedIn,Education,5.6,204,3.2,0.7,6.5,Medium,6.5
4127,18,Male,Other,High School,Twitter,News,7.3,219,0.8,1.6,5.2,Very High,4.6
4128,20,Female,Spain,Undergraduate,Instagram,Entertainment,6.4,197,2.9,1.0,7.1,Very High,5.0
4129,21,Female,Denmark,Undergraduate,Twitter,News,4.7,177,2.9,2.1,7.1,Medium,7.2
4130,24,Male,USA,Graduate,Facebook,Networking,5.1,155,3.8,1.8,7.2,High,6.3
4131,24,Male,Other,Graduate,Instagram,Entertainment,2.2,114,4.5,1.5,7.0,Low,7.3
4132,20,Female,Other,Undergraduate,YouTube,Education,2.7,107,5.2,2.8,7.8,Low,7.5
4133,21,Male,Other,Undergraduate,Twitter,News,4.9,152,3.3,2.1,6.5,Medium,7.1
4134,18,Male,Australia,High School,Twitter,News,4.0,154,4.8,2.0,7.6,Medium,6.5
4135,20,Female,Australia,Undergraduate,Instagram,Entertainment,4.5,165,3.7,1.2,7.1,Medium,7.1
4136,18,Female,Czech Republic,High School,Snapchat,Entertainment,5.9,195,3.4,1.6,5.1,Very High,3.8
4137,22,Male,India,Undergraduate,Twitter,News,2.3,83,5.4,2.3,7.0,Low,7.9
4138,22,Female,Other,Undergraduate,LinkedIn,Education,8.0,246,1.0,1.3,5.6,Very High,5.5
4139,18,Male,Germany,High School,YouTube,Education,6.2,215,2.1,1.0,4.9,Very High,5.0
4140,20,Female,Poland,Undergraduate,Facebook,Networking,6.2,203,1.1,1.4,6.3,Very High,4.6
4141,20,Female,Australia,Undergraduate,Facebook,Networking,4.4,162,4.2,2.1,7.3,High,7.3
4142,20,Male,Sri Lanka,Undergraduate,Facebook,Networking,5.8,185,2.7,1.5,5.8,High,6.2
4143,23,Female,Switzerland,Graduate,Instagram,Entertainment,3.8,157,2.4,2.4,7.6,Medium,7.0
4144,21,Male,Turkey,Undergraduate,Instagram,Entertainment,5.3,168,2.8,2.0,7.1,Very High,6.2
4145,21,Female,Canada,Undergraduate,Twitter,News,7.1,219,1.2,0.7,5.3,Very High,4.3
4146,19,Male,Other,Undergraduate,Instagram,Entertainment,3.4,128,4.1,2.3,8.3,Medium,7.3
4147,21,Female,Pakistan,Undergraduate,Instagram,Entertainment,4.5,144,3.6,2.3,7.5,High,4.9
4148,20,Female,France,Undergraduate,Instagram,Entertainment,3.1,124,5.8,2.8,8.8,Low,6.9
4149,21,Male,Other,Undergraduate,Snapchat,Entertainment,5.2,179,1.9,3.1,6.3,High,6.0
4150,22,Female,India,Undergraduate,YouTube,Education,3.2,120,5.3,2.1,8.7,Medium,7.3
4151,20,Female,South Korea,Undergraduate,KakaoTalk,Entertainment,5.1,169,2.0,1.6,6.9,High,6.0
4152,22,Male,Germany,Undergraduate,Instagram,Entertainment,4.0,125,4.2,1.9,7.6,Medium,7.8
4153,18,Male,Other,High School,LinkedIn,Education,7.3,242,1.1,0.0,5.2,Very High,4.2
4154,18,Male,Other,High School,Snapchat,Entertainment,2.6,102,7.5,3.3,7.4,Medium,8.3
4155,19,Female,Spain,Undergraduate,Instagram,Entertainment,3.6,143,4.1,2.8,8.3,Medium,5.8
4156,23,Female,India,Graduate,YouTube,Education,8.1,215,1.0,0.9,4.6,Very High,4.8
4157,19,Female,Ireland,Undergraduate,Instagram,Entertainment,3.6,120,4.4,1.7,8.2,Low,6.8
4158,22,Male,Turkey,Undergraduate,TikTok,Entertainment,4.3,134,3.4,2.1,8.4,Medium,6.0
4159,20,Male,Other,Undergraduate,LinkedIn,Education,5.5,206,1.4,1.8,5.3,High,5.7
4160,22,Female,Other,Undergraduate,Facebook,Networking,3.0,97,5.4,2.7,6.9,Low,7.3
4161,22,Male,Other,Undergraduate,Instagram,Entertainment,5.5,199,2.4,1.7,5.7,High,4.9
4162,19,Female,Other,Undergraduate,LinkedIn,Education,5.8,202,0.8,2.0,5.9,High,4.4
4163,19,Female,Canada,Undergraduate,Instagram,Entertainment,5.3,191,1.8,0.6,6.4,High,5.7
4164,23,Male,Other,Graduate,TikTok,Entertainment,6.7,211,2.0,0.7,5.8,Very High,4.9
4165,21,Male,Italy,Undergraduate,TikTok,Entertainment,5.1,187,1.7,0.8,7.0,Very High,4.8
4166,19,Male,Other,Undergraduate,YouTube,Education,7.0,239,1.0,0.9,5.5,Very High,5.8
4167,20,Female,Other,Undergraduate,TikTok,Entertainment,5.0,172,1.7,1.5,7.2,Medium,6.8
4168,19,Female,Ireland,Undergraduate,TikTok,Entertainment,5.4,184,3.3,0.9,6.7,High,6.2
4169,21,Female,Germany,Undergraduate,LinkedIn,Education,6.2,178,1.0,1.6,4.6,High,6.2
4170,19,Female,Other,Undergraduate,Twitter,News,2.2,93,5.6,3.2,7.4,Low,9.0
4171,22,Female,Other,Undergraduate,YouTube,Education,6.2,192,1.8,1.4,5.9,Very High,4.9
4172,20,Male,Other,Undergraduate,YouTube,Education,6.6,202,1.0,2.2,6.1,Very High,4.8
4173,19,Female,Other,Undergraduate,Snapchat,Entertainment,7.9,254,1.8,1.7,6.0,Very High,5.5
4174,19,Male,Nepal,Undergraduate,TikTok,Entertainment,4.2,162,4.3,1.3,7.8,Medium,7.4
4175,21,Female,Other,Undergraduate,Facebook,Networking,3.5,135,3.9,1.8,8.1,Low,8.0
4176,19,Female,Japan,Undergraduate,LINE,Education,3.6,143,5.2,2.4,8.0,Medium,7.8
4177,22,Male,Other,Undergraduate,Instagram,Entertainment,5.5,204,1.3,2.2,5.8,Very High,5.4
4178,22,Male,India,Undergraduate,WhatsApp,Entertainment,6.1,198,2.5,1.7,5.9,High,4.7
4179,18,Male,Other,High School,Snapchat,Entertainment,7.1,220,0.8,1.6,5.4,Very High,5.3
4180,22,Male,Denmark,Undergraduate,Facebook,Networking,2.9,121,5.1,1.5,8.9,Low,7.7
4181,21,Male,Canada,Undergraduate,Instagram,Entertainment,2.5,87,3.6,3.2,7.1,Low,8.4
4182,20,Female,India,Undergraduate,Snapchat,Entertainment,6.6,207,0.8,1.1,5.5,Very High,4.0
4183,23,Female,Other,Graduate,Twitter,News,2.8,113,4.6,2.2,8.5,Low,8.7
4184,22,Male,Other,Undergraduate,Snapchat,Entertainment,6.4,186,2.2,2.3,5.6,Very High,4.2
4185,20,Male,Other,Undergraduate,LinkedIn,Education,2.5,92,7.4,2.5,7.6,Medium,8.2
4186,19,Female,Nepal,Undergraduate,TikTok,Entertainment,6.1,206,1.3,1.4,5.3,High,6.1
4187,21,Female,India,Undergraduate,YouTube,Education,3.0,94,5.9,3.8,7.3,Low,7.1
4188,23,Male,India,Graduate,TikTok,Entertainment,1.7,103,6.2,2.4,8.3,Low,7.2
4189,18,Male,Other,High School,Twitter,News,6.5,220,1.0,1.1,5.8,Very High,3.9
4190,23,Female,USA,Graduate,Instagram,Entertainment,3.9,148,4.8,1.0,7.6,Medium,7.1
4191,23,Female,Other,Graduate,Instagram,Entertainment,7.6,233,1.2,1.4,5.7,Very High,5.2
4192,22,Female,Germany,Undergraduate,Facebook,Networking,7.2,233,0.8,1.1,5.7,Very High,5.2
4193,21,Female,Australia,Undergraduate,YouTube,Education,7.3,239,2.1,1.0,4.9,Very High,4.9
4194,20,Male,UK,Undergraduate,Facebook,Networking,6.5,219,0.6,1.8,5.6,High,5.1
4195,21,Male,Canada,Undergraduate,Instagram,Entertainment,4.9,147,3.0,2.6,7.6,Medium,6.0
4196,19,Male,Other,Undergraduate,YouTube,Education,5.8,200,2.3,1.1,5.4,Very High,4.2
4197,23,Female,Other,Graduate,Instagram,Entertainment,7.1,206,1.2,1.1,5.9,Very High,5.4
4198,19,Female,Ireland,Undergraduate,Instagram,Entertainment,3.0,144,4.5,2.2,8.9,Medium,6.9
4199,22,Female,UK,Undergraduate,Snapchat,Entertainment,4.3,135,4.9,1.6,6.2,Medium,5.9
4200,22,Female,Other,Undergraduate,Facebook,Networking,7.7,230,0.9,1.1,5.8,Very High,5.4
4201,23,Female,Iraq,Graduate,LinkedIn,Education,2.2,100,5.1,2.0,7.4,Medium,7.9
4202,20,Female,Portugal,Undergraduate,TikTok,Entertainment,5.7,173,1.0,1.2,5.2,High,5.2
4203,21,Female,India,Undergraduate,LinkedIn,Education,3.8,140,4.5,2.0,7.6,Medium,7.4
4204,23,Male,India,Graduate,Twitter,News,4.3,159,3.4,1.3,7.1,Medium,6.6
4205,21,Male,Other,Undergraduate,YouTube,Education,8.2,251,1.7,1.0,5.2,Very High,4.8
4206,22,Male,Mexico,Undergraduate,WhatsApp,Networking,7.2,219,1.5,1.9,5.2,Very High,5.9
4207,21,Female,Denmark,Undergraduate,Twitter,News,4.9,177,2.7,2.4,7.4,Medium,6.9
4208,19,Male,Other,Undergraduate,TikTok,Entertainment,7.5,216,1.3,0.7,4.4,Very High,4.2
4209,24,Female,Other,Graduate,Instagram,Entertainment,7.6,237,1.5,0.6,4.6,Very High,5.0
4210,20,Female,Ireland,Undergraduate,TikTok,Entertainment,4.1,140,4.7,2.7,8.1,Medium,7.2
4211,19,Female,Australia,Undergraduate,TikTok,Entertainment,6.2,191,0.7,1.9,5.5,Very High,4.3
4212,20,Female,UAE,Undergraduate,Instagram,Entertainment,6.7,221,0.9,1.1,6.3,Very High,4.8
4213,20,Female,Singapore,Undergraduate,TikTok,Entertainment,5.5,196,1.0,1.4,6.6,High,5.8
4214,19,Male,USA,Undergraduate,Twitter,News,5.3,179,2.0,1.6,7.4,High,6.6
4215,18,Female,Other,High School,Twitter,News,6.2,197,2.2,1.3,5.1,High,5.7
4216,19,Female,France,Undergraduate,Instagram,Entertainment,3.7,120,5.7,3.2,8.4,Medium,7.5
4217,21,Male,Australia,Undergraduate,YouTube,Education,6.6,211,1.6,1.7,5.7,Very High,5.0
4218,20,Female,Switzerland,Undergraduate,Instagram,Entertainment,3.6,133,2.1,2.1,8.8,Medium,8.0
4219,18,Male,Australia,High School,Twitter,News,4.1,143,3.7,1.1,6.2,High,6.3
4220,23,Male,Germany,Graduate,TikTok,Entertainment,3.3,106,6.0,2.7,9.1,Low,8.2
4221,21,Male,Maldives,Undergraduate,TikTok,Entertainment,5.1,179,3.8,2.2,5.3,High,5.8
4222,19,Female,Spain,Undergraduate,Instagram,Entertainment,5.3,191,2.5,1.1,6.6,Very High,6.2
4223,23,Male,Canada,Graduate,Instagram,Entertainment,5.3,182,2.7,1.5,7.1,High,5.8
4224,23,Male,Other,Graduate,TikTok,Entertainment,3.3,139,4.8,1.4,8.6,Medium,7.2
4225,23,Female,Other,Graduate,Facebook,Networking,7.6,214,1.0,1.0,5.8,Very High,4.8
4226,18,Female,Other,High School,Twitter,News,5.9,189,1.3,1.7,5.5,High,4.5
4227,23,Female,Other,Graduate,Snapchat,Entertainment,5.6,171,1.4,1.8,6.8,High,6.2
4228,19,Male,USA,Undergraduate,TikTok,Entertainment,6.4,228,1.3,1.7,6.1,Very High,4.7
4229,21,Male,Turkey,Undergraduate,Instagram,Entertainment,5.0,168,3.3,2.7,7.4,High,5.9
4230,18,Male,Other,High School,LinkedIn,Education,6.2,191,1.7,2.1,4.7,Very High,5.1
4231,20,Female,Other,Undergraduate,Instagram,Entertainment,7.0,235,0.8,0.5,5.1,Very High,4.2
4232,18,Male,Other,High School,LinkedIn,Education,2.7,121,4.8,1.9,8.3,Medium,8.5
4233,22,Male,France,Undergraduate,Facebook,Networking,4.7,148,3.6,1.2,7.5,Medium,7.1
4234,19,Female,Sri Lanka,Undergraduate,Facebook,Networking,5.3,152,2.0,1.8,6.7,Medium,7.0
4235,19,Male,UK,Undergraduate,TikTok,Entertainment,2.2,76,4.4,2.3,7.5,Low,8.6
4236,19,Male,Japan,Undergraduate,Twitter,News,4.4,153,2.7,1.7,7.3,High,8.1
4237,19,Female,France,Undergraduate,Instagram,Entertainment,4.0,154,3.1,2.8,7.9,Medium,6.8
4238,23,Male,Switzerland,Graduate,Facebook,Networking,4.3,141,3.5,2.3,7.3,Medium,7.0
4239,19,Female,Other,Undergraduate,LinkedIn,Education,5.8,174,3.1,2.1,5.9,Very High,6.7
4240,20,Female,Switzerland,Undergraduate,Instagram,Entertainment,2.9,111,4.6,1.5,8.8,Medium,7.7
4241,22,Male,Mexico,Undergraduate,Facebook,Networking,6.1,201,1.0,1.5,6.3,Very High,4.9
4242,21,Female,India,Undergraduate,Instagram,Entertainment,4.7,174,1.8,1.4,4.8,High,6.0
4243,20,Female,Other,Undergraduate,YouTube,Education,5.6,207,2.6,-0.4,5.0,Very High,5.4
4244,19,Female,Ireland,Undergraduate,Instagram,Entertainment,4.0,135,3.4,1.3,7.6,High,6.8
4245,20,Male,Other,Undergraduate,LinkedIn,Education,3.6,129,4.6,2.4,6.9,Medium,6.5
4246,20,Female,Other,Undergraduate,Twitter,News,8.3,248,1.3,1.0,6.0,Very High,4.3
4247,24,Female,Other,Graduate,Twitter,News,3.1,115,5.3,2.0,8.1,Medium,8.4
4248,22,Male,Other,Undergraduate,Snapchat,Entertainment,5.7,190,2.8,1.3,6.5,Very High,6.3
4249,21,Female,Germany,Undergraduate,YouTube,Education,3.5,117,4.3,1.6,8.6,Medium,8.5
4250,21,Male,India,Undergraduate,Instagram,Entertainment,3.0,136,5.4,3.3,7.1,Medium,7.4
4251,18,Male,Other,High School,LinkedIn,Education,5.8,204,2.5,1.8,6.1,High,5.6
4252,21,Female,Other,Undergraduate,Twitter,News,1.5,100,5.8,3.0,7.5,Medium,8.0
4253,21,Female,Maldives,Undergraduate,Instagram,Entertainment,4.0,143,2.7,1.8,7.6,Medium,7.9
4254,23,Female,Italy,Graduate,Twitter,News,4.8,161,3.5,1.4,7.3,High,6.7
4255,24,Male,France,Graduate,Facebook,Networking,4.8,171,2.3,1.8,7.0,High,6.8
4256,21,Male,Other,Undergraduate,Twitter,News,5.2,191,2.3,2.1,7.2,High,6.8
4257,20,Male,Russia,Undergraduate,Instagram,Entertainment,6.9,230,1.3,2.4,5.9,Very High,3.8
4258,22,Female,India,Undergraduate,Instagram,Entertainment,8.4,273,0.8,0.4,6.1,Very High,5.4
4259,21,Male,Malaysia,Undergraduate,WhatsApp,Networking,5.6,180,3.2,1.8,6.7,High,5.9
4260,21,Female,Other,Undergraduate,Facebook,Networking,8.6,246,1.2,1.5,5.0,Very High,4.9
4261,23,Female,Other,Graduate,YouTube,Education,7.3,221,1.3,1.9,6.1,Very High,4.1
4262,18,Female,USA,High School,Twitter,News,3.9,123,1.9,2.0,8.4,Medium,7.3
4263,22,Male,Mexico,Undergraduate,WhatsApp,Education,7.1,217,1.1,2.1,5.3,Very High,5.9
4264,21,Male,Turkey,Undergraduate,Instagram,Entertainment,4.6,176,2.9,1.5,7.4,High,6.2
4265,21,Female,Monaco,Undergraduate,Instagram,Entertainment,4.5,154,4.4,2.9,5.8,High,6.3
4266,23,Male,India,Graduate,TikTok,Entertainment,1.9,113,5.9,2.8,7.0,Medium,8.4
4267,22,Female,Other,Undergraduate,TikTok,Entertainment,5.3,185,1.9,2.0,6.5,Medium,6.8
4268,21,Male,Japan,Undergraduate,Twitter,News,4.7,160,4.6,1.6,7.9,Medium,8.1
4269,19,Female,India,Undergraduate,Instagram,Entertainment,7.0,225,1.3,1.7,6.0,Very High,3.9
4270,20,Male,Other,Undergraduate,Twitter,News,8.1,222,0.9,0.6,5.2,Very High,5.4
4271,21,Male,Mexico,Undergraduate,WhatsApp,Networking,6.9,219,1.0,1.2,5.6,Very High,6.0
4272,22,Male,Canada,Undergraduate,TikTok,Entertainment,5.3,186,2.3,1.2,7.1,Medium,5.8
4273,20,Female,USA,Undergraduate,TikTok,Entertainment,8.3,247,1.1,0.8,4.2,Very High,5.0
4274,19,Female,USA,Undergraduate,Facebook,Networking,5.9,211,2.0,1.5,4.6,Very High,4.4
4275,20,Female,Netherlands,Undergraduate,Instagram,Entertainment,3.4,131,5.9,2.5,8.8,Medium,7.9
4276,22,Male,Greece,Undergraduate,Facebook,Networking,3.2,122,3.6,2.0,7.1,Low,6.7
4277,20,Female,USA,Undergraduate,YouTube,Education,4.6,174,2.7,1.6,6.1,High,6.8
4278,23,Female,Other,Graduate,TikTok,Entertainment,4.2,170,3.7,1.8,6.2,High,6.5
4279,21,Female,Other,Undergraduate,LinkedIn,Education,2.7,95,5.2,2.3,8.9,Medium,8.2
4280,19,Female,Nepal,Undergraduate,TikTok,Entertainment,5.6,179,1.5,2.5,5.9,High,5.9
4281,19,Female,USA,Undergraduate,TikTok,Entertainment,6.3,207,0.7,0.2,5.4,Very High,4.1
4282,21,Male,Other,Undergraduate,TikTok,Entertainment,3.5,122,2.8,2.5,8.6,Medium,7.2
4283,20,Female,Other,Undergraduate,YouTube,Education,6.0,182,1.2,1.0,5.5,High,4.9
4284,22,Female,Other,Undergraduate,Facebook,Networking,2.0,89,6.5,2.9,9.0,Low,7.0
4285,18,Male,Canada,High School,Twitter,News,2.0,84,6.2,2.0,7.4,Medium,8.8
4286,19,Female,USA,Undergraduate,TikTok,Entertainment,6.7,207,1.2,0.6,5.4,Very High,4.1
4287,23,Male,India,Graduate,Twitter,News,7.5,234,1.3,0.4,5.3,Very High,6.2
4288,20,Female,Sri Lanka,Undergraduate,Facebook,Networking,4.0,159,2.1,2.2,8.8,Medium,7.0
4289,19,Female,Denmark,Undergraduate,Twitter,News,4.7,162,2.4,2.0,7.1,Medium,7.0
4290,18,Female,UK,High School,Facebook,Networking,3.6,134,3.8,2.0,7.5,Medium,8.7
4291,24,Male,Germany,Graduate,Snapchat,Entertainment,7.0,227,1.4,0.9,5.5,Very High,4.4
4292,18,Female,Australia,High School,LinkedIn,Education,6.4,202,1.1,2.2,6.1,Very High,5.5
4293,21,Male,Panama,Undergraduate,Facebook,Networking,3.7,115,3.9,2.0,6.5,Very High,6.9
4294,22,Female,Other,Undergraduate,TikTok,Entertainment,4.1,154,3.3,1.9,6.5,High,6.9
4295,19,Male,Other,Undergraduate,Instagram,Entertainment,3.2,128,4.2,2.0,8.2,Medium,7.5
4296,19,Female,France,Undergraduate,Instagram,Entertainment,3.3,122,5.0,2.3,8.9,Low,7.2
4297,22,Male,Other,Undergraduate,LinkedIn,Education,3.0,134,3.6,3.4,8.1,Low,7.1
4298,21,Male,Canada,Undergraduate,TikTok,Entertainment,6.9,203,1.7,1.2,4.7,Very High,4.3
4299,21,Male,Other,Undergraduate,Twitter,News,6.1,202,2.3,2.0,5.7,Very High,4.1
4300,20,Male,Canada,Undergraduate,Twitter,News,5.6,174,1.9,1.5,5.3,High,5.5
4301,21,Male,Mexico,Undergraduate,WhatsApp,News,6.4,192,1.8,1.1,5.9,Very High,6.2
4302,23,Female,Australia,Graduate,Facebook,Networking,3.1,137,4.9,2.3,9.1,Medium,8.0
4303,18,Male,Argentina,High School,TikTok,Entertainment,5.8,199,1.6,1.6,5.5,High,4.9
4304,24,Female,Australia,Graduate,Instagram,Entertainment,3.7,147,4.2,2.7,7.4,High,6.3
4305,24,Female,Poland,Graduate,TikTok,Entertainment,5.9,184,3.3,1.5,6.4,High,5.1
4306,22,Male,Russia,Undergraduate,VKontakte,Entertainment,3.7,140,2.7,2.1,8.2,Low,6.8
4307,22,Male,Mexico,Undergraduate,Facebook,Networking,6.4,190,2.3,1.5,6.3,Very High,5.0
4308,21,Female,Other,Undergraduate,Facebook,Networking,6.1,180,1.9,0.4,5.0,Very High,4.4
4309,20,Male,Other,Undergraduate,Twitter,News,8.0,233,0.7,1.3,5.2,Very High,5.7
4310,23,Male,Italy,Graduate,Facebook,Networking,4.7,153,2.8,1.2,6.9,Medium,7.0
4311,24,Male,India,Graduate,Instagram,Entertainment,2.5,120,5.2,2.6,8.6,Medium,7.5
4312,20,Female,Moldova,Undergraduate,Instagram,Entertainment,5.7,196,2.3,2.3,5.3,Very High,4.9
4313,21,Male,Other,Undergraduate,Twitter,News,6.6,193,1.0,1.6,4.9,Very High,6.1
4314,22,Male,Denmark,Undergraduate,Facebook,Networking,2.6,98,5.9,2.6,9.0,Low,8.3
4315,20,Female,Australia,Undergraduate,Instagram,Entertainment,4.6,157,3.8,1.6,7.6,High,7.3
4316,23,Female,Turkey,Graduate,Instagram,Entertainment,6.9,198,2.4,2.2,6.1,Very High,5.0
4317,24,Male,UK,Graduate,TikTok,Entertainment,5.5,185,1.2,1.4,5.4,Very High,5.0
4318,21,Female,Russia,Undergraduate,Instagram,Entertainment,7.1,212,1.6,1.8,6.1,Very High,4.3
4319,20,Female,USA,Undergraduate,TikTok,Entertainment,8.2,247,1.0,1.0,4.0,Very High,5.0
4320,19,Male,Other,Undergraduate,Twitter,News,3.7,135,4.0,3.0,6.9,Medium,7.1
4321,18,Male,Other,High School,Facebook,Networking,3.5,133,4.1,1.8,8.7,Low,8.7
4322,22,Male,Turkey,Undergraduate,TikTok,Entertainment,3.4,142,4.9,2.6,8.3,Medium,6.0
4323,22,Female,India,Undergraduate,YouTube,Education,3.4,120,5.2,1.9,9.0,Medium,7.2
4324,22,Female,Other,Undergraduate,Snapchat,Entertainment,4.5,175,4.3,2.0,6.8,Medium,6.8
4325,23,Female,Canada,Graduate,Snapchat,Entertainment,4.5,162,2.5,1.8,7.2,Medium,6.3
4326,18,Male,Other,High School,LinkedIn,Education,3.8,135,3.6,1.6,6.9,Medium,6.4
4327,19,Female,Sri Lanka,Undergraduate,Facebook,Networking,4.3,173,2.8,2.9,8.3,Medium,6.9
4328,23,Female,Other,Graduate,TikTok,Entertainment,2.3,90,4.7,2.6,8.6,Low,8.8
4329,20,Female,South Korea,Undergraduate,KakaoTalk,Entertainment,4.6,162,5.0,1.5,7.2,High,6.3
4330,21,Male,UK,Undergraduate,Facebook,Networking,6.2,203,1.2,2.4,6.4,High,4.9
4331,18,Male,Other,High School,Instagram,Entertainment,2.8,123,5.0,2.4,8.7,Low,9.0
4332,21,Female,Pakistan,Undergraduate,Instagram,Entertainment,4.9,155,2.1,2.0,7.3,High,4.9
4333,21,Male,Denmark,Undergraduate,Facebook,Networking,3.2,141,4.5,2.7,8.5,Medium,7.9
4334,22,Male,India,Undergraduate,Facebook,Networking,7.0,211,1.0,0.8,5.9,Very High,4.2
4335,22,Male,Ireland,Undergraduate,Twitter,News,5.6,206,2.6,1.8,6.6,High,5.9
4336,18,Male,Other,High School,Facebook,Networking,6.0,196,4.0,0.4,6.2,High,6.4
4337,23,Male,Denmark,Graduate,Twitter,News,3.7,141,4.8,2.1,8.1,Medium,8.2
4338,19,Female,Japan,Undergraduate,LINE,Education,3.6,152,4.7,2.2,8.3,Low,8.0
4339,23,Male,Sri Lanka,Graduate,LinkedIn,Education,2.8,107,3.6,2.5,6.9,Low,8.1
4340,20,Female,Spain,Undergraduate,TikTok,Entertainment,5.2,191,3.3,1.1,6.7,High,5.9
4341,22,Female,Pakistan,Undergraduate,Instagram,Entertainment,5.4,169,2.4,1.9,6.2,High,5.2
4342,21,Male,New Zealand,Undergraduate,YouTube,Education,3.2,159,4.0,2.2,6.6,Medium,6.9
4343,24,Female,Other,Graduate,Twitter,News,4.2,160,3.6,3.4,6.0,Medium,6.3
4344,21,Male,India,Undergraduate,WhatsApp,Education,5.9,188,2.7,1.3,6.6,Very High,5.3
4345,23,Female,Germany,Graduate,LinkedIn,Education,5.6,169,2.3,2.0,7.3,High,7.0
4346,22,Female,Other,Undergraduate,Twitter,News,1.7,107,6.1,1.7,8.9,Low,8.4
4347,19,Female,Romania,Undergraduate,Instagram,Entertainment,5.7,194,2.4,1.3,5.3,High,5.2
4348,24,Female,Other,Graduate,Snapchat,Entertainment,5.6,202,2.5,2.4,6.7,High,6.1
4349,21,Male,India,Undergraduate,WhatsApp,News,6.6,224,3.4,1.6,5.6,Very High,5.1
4350,20,Female,UK,Undergraduate,YouTube,Education,3.4,130,3.4,3.4,8.4,Medium,8.3
4351,19,Female,Spain,Undergraduate,Instagram,Entertainment,4.8,177,4.7,1.3,7.1,High,6.1
4352,21,Female,Other,Undergraduate,Facebook,Networking,3.6,115,3.6,2.9,7.2,Medium,9.2
4353,23,Female,Other,Graduate,LinkedIn,Education,2.2,86,4.9,2.5,7.7,Low,9.1
4354,19,Male,Nepal,Undergraduate,TikTok,Entertainment,4.2,162,4.3,1.5,7.2,Medium,7.1
4355,19,Female,Canada,Undergraduate,Instagram,Entertainment,5.7,191,1.7,0.8,6.5,High,6.3
4356,18,Female,Other,High School,Facebook,Networking,7.4,219,1.0,1.6,4.7,Very High,6.0
4357,24,Female,Other,Graduate,YouTube,Education,3.3,149,4.4,1.6,7.8,Low,8.4
4358,24,Female,Other,Graduate,Instagram,Entertainment,3.2,133,4.6,1.7,8.9,Medium,8.8
4359,20,Male,Other,Undergraduate,Instagram,Entertainment,7.0,207,1.4,0.3,6.0,Very High,4.6
4360,19,Male,USA,Undergraduate,Twitter,News,4.9,179,2.2,1.5,7.0,High,7.0
4361,23,Female,Other,Graduate,Instagram,Entertainment,2.8,106,4.6,1.2,8.0,Low,8.9
4362,19,Male,Other,Undergraduate,YouTube,Education,6.9,239,1.2,0.8,5.7,Very High,5.8
4363,22,Female,Other,Undergraduate,Instagram,Entertainment,8.1,257,1.3,0.8,5.1,Very High,4.1
4364,18,Female,Other,High School,YouTube,Education,6.6,216,2.1,2.0,5.2,Very High,4.3
4365,22,Male,Nepal,Undergraduate,Facebook,Networking,4.0,137,3.1,2.0,7.8,Medium,7.0
4366,19,Female,USA,Undergraduate,Instagram,Entertainment,7.5,239,1.2,1.6,4.8,Very High,4.9
4367,21,Female,Other,Undergraduate,LinkedIn,Education,4.3,145,2.1,2.8,6.7,Medium,6.0
4368,22,Male,Turkey,Undergraduate,TikTok,Entertainment,3.7,155,4.3,2.4,8.2,Medium,5.9
4369,22,Female,Other,Undergraduate,Twitter,News,6.7,204,0.8,0.7,5.1,Very High,4.3
4370,20,Female,UK,Undergraduate,YouTube,Education,5.2,165,3.7,2.8,7.2,High,6.7
4371,19,Female,Nepal,Undergraduate,TikTok,Entertainment,5.9,206,1.6,1.7,5.3,High,6.3
4372,19,Male,Mexico,Undergraduate,Facebook,Networking,6.6,196,1.4,0.3,5.9,Very High,4.7
4373,24,Male,Other,Graduate,YouTube,Education,7.0,239,1.8,0.7,5.7,Very High,5.5
4374,21,Male,Canada,Undergraduate,TikTok,Entertainment,7.1,203,1.3,1.4,4.4,Very High,4.4
4375,22,Male,France,Undergraduate,Facebook,Networking,4.7,165,2.1,2.0,7.3,High,6.9
4376,21,Male,Georgia,Undergraduate,LinkedIn,Education,2.5,135,4.6,2.3,6.8,Low,7.9
4377,20,Female,France,Undergraduate,Instagram,Entertainment,3.5,122,4.3,2.9,9.1,Low,7.1
4378,24,Male,Spain,Graduate,Facebook,Networking,6.5,212,1.9,1.3,6.3,Very High,4.9
4379,20,Male,Russia,Undergraduate,Instagram,Entertainment,7.0,230,1.0,2.1,6.0,Very High,4.1
4380,20,Male,Other,Undergraduate,TikTok,Entertainment,7.1,226,1.8,1.2,5.2,Very High,5.0
4381,19,Male,Ireland,Undergraduate,Instagram,Entertainment,5.9,195,1.9,0.9,6.7,High,5.4
4382,22,Male,Germany,Undergraduate,Facebook,Networking,3.3,123,4.3,2.9,8.5,Low,8.3
4383,19,Female,USA,Undergraduate,Instagram,Entertainment,8.5,267,0.7,0.6,3.8,Very High,5.1
4384,23,Female,Germany,Graduate,Instagram,Entertainment,7.8,253,1.0,0.9,5.3,Very High,4.4
4385,21,Male,Germany,Undergraduate,LinkedIn,Education,7.3,228,1.1,1.6,5.2,Very High,4.3
4386,23,Male,Germany,Graduate,Facebook,Networking,7.0,214,1.0,2.5,5.8,Very High,5.4
4387,21,Female,Other,Undergraduate,Snapchat,Entertainment,2.8,117,6.3,1.8,7.5,Medium,7.4
4388,21,Female,Other,Undergraduate,LinkedIn,Education,4.8,162,2.8,2.2,7.0,Medium,6.5
4389,18,Female,Other,High School,LinkedIn,Education,4.9,157,3.6,1.4,7.2,Medium,6.3
4390,20,Female,UAE,Undergraduate,Instagram,Entertainment,6.4,188,1.4,1.9,6.8,Very High,4.5
4391,24,Male,Other,Graduate,TikTok,Entertainment,6.3,193,1.8,1.0,5.7,Very High,5.1
4392,20,Male,Other,Undergraduate,LinkedIn,Education,5.9,206,1.5,2.2,5.4,High,6.2
4393,22,Male,Australia,Undergraduate,Instagram,Entertainment,1.3,71,6.5,2.3,8.8,Low,8.9
4394,20,Female,Nepal,Undergraduate,TikTok,Entertainment,6.0,188,2.0,1.1,3.7,Very High,5.9
4395,20,Female,Switzerland,Undergraduate,Instagram,Entertainment,2.4,87,4.1,2.4,9.6,Low,8.1
4396,21,Female,Other,Undergraduate,YouTube,Education,3.0,141,5.5,2.0,7.4,Low,7.6
4397,20,Female,South Korea,Undergraduate,KakaoTalk,Education,5.0,181,3.4,1.9,7.2,High,6.0
4398,20,Female,Other,Undergraduate,Instagram,Entertainment,7.1,235,0.8,0.7,4.8,Very High,4.1
4399,19,Female,India,Undergraduate,TikTok,Entertainment,6.0,180,3.6,1.7,6.8,High,6.5
4400,20,Female,Other,Undergraduate,Facebook,Networking,2.9,130,5.8,1.6,8.3,Medium,8.2
4401,20,Female,South Korea,Undergraduate,KakaoTalk,Networking,4.9,174,0.8,2.0,6.7,High,6.0
4402,21,Female,Other,Undergraduate,Facebook,Networking,8.2,246,1.1,1.6,4.8,Very High,4.9
4403,21,Male,Turkey,Undergraduate,Instagram,Entertainment,5.7,168,2.9,2.1,6.7,Very High,5.7
4404,19,Male,Other,Undergraduate,Instagram,Entertainment,3.1,94,5.2,2.1,8.5,Low,7.6
4405,19,Male,USA,Undergraduate,TikTok,Entertainment,6.5,228,1.5,1.5,5.8,Very High,5.0
4406,20,Male,Other,Undergraduate,Facebook,Networking,7.2,222,2.6,-0.3,4.5,Very High,4.5
4407,18,Female,Canada,High School,YouTube,Education,6.9,228,1.0,1.0,5.1,Very High,5.2
4408,20,Female,Other,Undergraduate,YouTube,Education,6.0,178,1.1,1.2,5.1,Very High,4.1
4409,21,Male,Canada,Undergraduate,YouTube,Education,3.4,151,4.5,2.0,6.3,Medium,6.0
4410,20,Female,Peru,Undergraduate,TikTok,Entertainment,5.5,192,3.7,2.0,5.3,High,4.9
4411,24,Female,Other,Graduate,TikTok,Entertainment,3.8,151,4.6,2.0,8.7,Medium,8.9
4412,21,Male,Other,Undergraduate,Facebook,Networking,6.2,176,2.2,1.7,4.7,Very High,5.0
4413,22,Male,India,Undergraduate,WhatsApp,Networking,6.7,193,3.5,1.3,5.7,Very High,5.1
4414,23,Female,Other,Graduate,Facebook,Networking,2.1,100,5.9,2.5,8.0,Low,7.2
4415,20,Female,Other,Undergraduate,TikTok,Entertainment,3.3,121,3.6,1.9,8.4,Low,7.4
4416,21,Male,Japan,Undergraduate,Twitter,News,4.3,160,5.0,2.0,7.8,Medium,7.9
4417,20,Male,Cyprus,Undergraduate,Facebook,Networking,4.1,154,3.9,2.1,6.5,Medium,7.0
4418,22,Female,Other,Undergraduate,YouTube,Education,4.4,140,3.9,1.4,6.3,Medium,5.9
4419,19,Male,Sri Lanka,Undergraduate,TikTok,Entertainment,5.5,159,2.3,2.8,5.4,High,6.1
4420,21,Male,Other,Undergraduate,LinkedIn,Education,3.2,136,5.0,2.3,8.5,Low,9.0
4421,19,Female,Other,Undergraduate,Facebook,Networking,6.2,207,1.5,0.9,4.6,Very High,4.4
4422,23,Male,Australia,Graduate,YouTube,Education,3.6,128,5.6,2.6,8.5,Medium,7.9
4423,22,Female,Bahrain,Undergraduate,LinkedIn,Education,2.8,112,4.0,2.2,7.2,Medium,7.7
4424,20,Female,Ireland,Undergraduate,Instagram,Entertainment,4.9,164,3.1,1.7,7.0,High,7.3
4425,22,Male,Nepal,Undergraduate,Facebook,Networking,4.3,128,4.1,2.6,7.8,Medium,7.3
4426,23,Female,Iraq,Graduate,LinkedIn,Education,2.5,100,4.6,2.0,7.5,Medium,8.1
4427,22,Male,Other,Undergraduate,Facebook,Networking,7.1,227,1.3,0.4,5.3,Very High,5.2
4428,18,Male,USA,High School,Instagram,Entertainment,7.0,210,0.7,1.4,5.8,High,4.2
4429,24,Female,Other,Graduate,Facebook,Networking,3.2,135,4.4,1.4,7.1,Medium,7.3
4430,22,Female,Other,Undergraduate,TikTok,Entertainment,5.9,183,1.5,1.9,5.6,High,4.1
4431,24,Female,Other,Graduate,Twitter,News,2.7,115,5.3,1.9,7.9,Medium,8.2
4432,23,Male,Other,Graduate,LinkedIn,Education,6.2,191,2.0,2.3,5.8,High,4.9
4433,19,Female,USA,Undergraduate,YouTube,Education,5.0,170,3.2,2.4,7.2,High,6.4
4434,19,Male,Japan,Undergraduate,Twitter,News,4.5,153,2.1,1.1,7.4,High,8.1
4435,21,Male,Canada,Undergraduate,Instagram,Entertainment,4.5,175,3.4,3.0,7.4,Medium,6.9
4436,19,Female,France,Undergraduate,Instagram,Entertainment,4.0,154,3.1,3.0,7.6,Medium,7.0
4437,24,Female,Other,Graduate,Twitter,News,2.9,115,5.4,1.7,7.7,Medium,8.0
4438,20,Male,Bangladesh,Undergraduate,Instagram,Entertainment,6.0,194,1.2,1.5,6.0,High,4.9
4439,19,Male,Sri Lanka,Undergraduate,TikTok,Entertainment,5.8,188,2.0,1.7,5.7,High,5.9
4440,23,Male,Turkey,Graduate,Instagram,Entertainment,6.7,213,1.4,0.8,5.8,Very High,5.0
4441,24,Female,Other,Graduate,YouTube,Education,1.9,94,6.4,2.0,9.2,Low,8.3
4442,19,Female,Japan,Undergraduate,LINE,News,2.5,126,4.9,2.3,8.6,Medium,8.1
4443,22,Female,Other,Undergraduate,Snapchat,Entertainment,1.6,94,6.3,3.1,8.4,Low,8.4
4444,23,Male,UK,Graduate,LinkedIn,Education,2.8,126,5.9,2.6,8.9,Low,8.3
4445,19,Male,Other,Undergraduate,LinkedIn,Education,6.5,187,0.8,1.3,5.2,High,6.0
4446,21,Female,Pakistan,Undergraduate,Instagram,Entertainment,5.0,176,3.3,1.5,6.3,High,4.9
4447,20,Female,Germany,Undergraduate,LinkedIn,Education,3.1,124,3.7,2.4,9.0,Low,7.5
4448,19,Male,USA,Undergraduate,TikTok,Entertainment,7.7,220,0.9,0.6,4.8,Very High,4.4
4449,19,Female,Other,Undergraduate,TikTok,Entertainment,7.8,260,1.1,1.6,5.5,Very High,5.6
4450,21,Female,Other,Undergraduate,TikTok,Entertainment,7.4,228,0.9,2.0,5.7,High,5.6
4451,18,Male,Australia,High School,Twitter,News,4.5,143,3.4,1.2,6.2,High,6.5
4452,21,Male,Other,Undergraduate,TikTok,Entertainment,3.6,122,4.5,2.0,7.9,Medium,7.5
4453,20,Female,Australia,Undergraduate,Facebook,Networking,4.3,162,3.8,2.2,7.2,High,6.8
4454,22,Male,Germany,Undergraduate,YouTube,Education,5.3,182,4.2,2.2,5.8,High,5.5
4455,21,Male,India,Undergraduate,WhatsApp,News,7.7,234,1.0,1.0,5.0,Very High,5.4
4456,19,Female,USA,Undergraduate,TikTok,Entertainment,6.9,200,1.2,1.3,5.8,Very High,4.0
4457,19,Female,Australia,Undergraduate,Instagram,Entertainment,6.9,241,1.8,2.0,5.0,Very High,3.9
4458,21,Male,Turkey,Undergraduate,Instagram,Entertainment,3.9,133,4.6,1.6,8.5,Medium,5.7
4459,19,Female,Other,Undergraduate,Instagram,Entertainment,2.9,130,5.4,2.4,7.9,Medium,7.9
4460,18,Male,USA,High School,Instagram,Entertainment,7.3,210,0.9,1.6,6.0,High,4.5
4461,21,Female,USA,Undergraduate,Snapchat,Entertainment,5.8,181,2.7,0.9,5.1,High,6.0
4462,21,Female,Finland,Undergraduate,Instagram,Entertainment,4.8,159,3.1,1.9,7.1,Medium,7.0
4463,19,Female,Other,Undergraduate,LinkedIn,Education,5.0,186,2.3,2.5,6.8,High,6.5
4464,19,Female,Japan,Undergraduate,LINE,News,2.8,112,5.3,2.5,8.5,Medium,8.1
4465,19,Female,Brazil,Undergraduate,WhatsApp,Entertainment,6.3,200,1.6,1.3,6.4,High,5.6
4466,22,Female,Other,Undergraduate,Instagram,Entertainment,8.0,246,1.0,1.0,5.2,Very High,5.3
4467,18,Male,Other,High School,LinkedIn,Education,3.5,125,3.2,2.2,7.0,Medium,7.0
4468,20,Female,Jamaica,Undergraduate,Snapchat,Entertainment,4.8,158,3.5,1.3,5.4,High,5.9
4469,22,Male,Other,Undergraduate,YouTube,Education,8.2,233,1.1,1.0,5.8,Very High,5.3
4470,19,Female,Japan,Undergraduate,LINE,Entertainment,3.8,147,5.1,2.8,8.0,Medium,7.8
4471,19,Female,Pakistan,Undergraduate,Instagram,Entertainment,5.5,180,2.2,1.2,6.3,High,5.0
4472,20,Female,USA,Undergraduate,TikTok,Entertainment,8.5,270,1.1,0.8,4.2,Very High,5.1
4473,21,Male,Mexico,Undergraduate,WhatsApp,Networking,6.9,219,1.5,1.1,5.5,Very High,6.2
4474,20,Female,Bangladesh,Undergraduate,Instagram,Entertainment,4.7,157,2.6,1.8,6.6,High,5.3
4475,19,Male,Other,Undergraduate,Snapchat,Entertainment,2.5,97,6.7,2.4,7.9,Low,9.0
4476,18,Female,Germany,High School,YouTube,Education,1.9,96,7.1,1.7,7.9,Low,7.8
4477,19,Male,Other,Undergraduate,TikTok,Entertainment,6.3,209,1.0,1.1,4.7,Very High,4.8
4478,21,Male,USA,Undergraduate,Snapchat,Entertainment,3.9,126,5.4,2.5,7.1,Low,7.6
4479,21,Female,USA,Undergraduate,LinkedIn,Education,5.5,188,2.1,0.2,7.0,High,6.4
4480,19,Female,Sri Lanka,Undergraduate,Facebook,Networking,4.3,173,3.2,2.6,8.3,Medium,7.1
4481,23,Male,Other,Graduate,TikTok,Entertainment,3.4,129,3.3,2.4,8.6,Medium,8.3
4482,22,Male,Other,Undergraduate,LinkedIn,Education,8.0,243,0.3,0.9,4.6,Very High,5.4
4483,20,Female,UK,Undergraduate,TikTok,Entertainment,3.2,133,6.0,3.1,7.4,Low,7.7
4484,21,Male,Other,Undergraduate,YouTube,Education,5.6,200,2.3,0.1,7.3,High,6.1
4485,22,Female,Other,Undergraduate,Facebook,Networking,3.7,138,4.0,1.2,6.3,High,6.4
4486,18,Male,Other,High School,Instagram,Entertainment,6.8,222,1.4,0.6,6.2,Very High,4.9
4487,20,Female,India,Undergraduate,WhatsApp,News,7.3,246,0.7,0.8,5.5,Very High,4.7
4488,22,Male,France,Undergraduate,Facebook,Networking,4.6,165,2.0,1.9,7.4,High,7.0
4489,20,Female,Brazil,Undergraduate,Instagram,Entertainment,6.3,211,1.9,1.2,6.6,Very High,5.7
4490,19,Male,Other,Undergraduate,Twitter,News,7.6,232,1.2,0.2,4.8,Very High,4.8
4491,22,Female,Other,Undergraduate,LinkedIn,Education,5.9,188,2.2,1.4,6.9,High,6.6
4492,21,Female,Other,Undergraduate,YouTube,Education,5.7,177,1.9,2.3,4.6,Very High,4.1
4493,22,Female,Other,Undergraduate,Facebook,Networking,2.5,89,7.0,2.7,9.2,Low,7.4
4494,22,Male,China,Undergraduate,WeChat,News,4.2,148,4.3,1.7,7.9,Medium,6.7
4495,20,Female,USA,Undergraduate,TikTok,Entertainment,7.3,212,1.0,0.9,4.6,Very High,4.5
4496,21,Male,New Zealand,Undergraduate,YouTube,Education,3.5,159,4.0,2.7,6.6,Medium,7.3
4497,20,Female,Switzerland,Undergraduate,Instagram,Entertainment,3.8,128,4.7,1.5,8.0,Low,8.0
4498,19,Female,Switzerland,Undergraduate,Instagram,Entertainment,3.4,129,5.2,2.2,8.4,Medium,8.1
4499,20,Female,Other,Undergraduate,YouTube,Education,6.0,182,1.3,1.1,5.4,High,4.6
4500,23,Female,Other,Graduate,TikTok,Entertainment,2.1,90,4.7,2.5,8.3,Low,8.6
4501,24,Male,USA,Graduate,Twitter,News,5.4,169,3.1,2.0,6.8,Very High,5.6
4502,21,Female,India,Undergraduate,Facebook,Networking,3.9,142,3.8,1.7,7.7,Medium,7.0
4503,24,Male,Mexico,Graduate,Facebook,Networking,6.1,194,2.4,0.6,6.4,High,4.8
4504,19,Female,Other,Undergraduate,YouTube,Education,8.3,250,1.2,1.7,5.5,Very High,4.4
4505,20,Female,India,Undergraduate,WhatsApp,News,7.2,246,0.9,0.7,5.2,Very High,5.0
4506,21,Male,UK,Undergraduate,Facebook,Networking,6.4,203,1.6,2.2,6.1,High,4.8
4507,19,Male,France,Undergraduate,Instagram,Entertainment,4.6,176,2.4,0.8,7.5,Medium,7.2
4508,21,Male,China,Undergraduate,WeChat,Education,3.9,138,3.6,2.1,8.0,High,7.2
4509,22,Female,Other,Undergraduate,YouTube,Education,6.0,199,2.4,1.4,5.3,Very High,5.6
4510,19,Male,Bangladesh,Undergraduate,TikTok,Entertainment,4.0,140,4.9,1.6,7.4,Medium,4.9
4511,22,Male,Other,Undergraduate,YouTube,Education,3.9,141,4.2,2.1,7.3,Medium,9.2
4512,19,Female,Ireland,Undergraduate,Instagram,Entertainment,4.8,178,3.8,2.9,6.8,High,6.6
4513,19,Male,Other,Undergraduate,LinkedIn,Education,5.8,184,2.8,2.3,6.4,Very High,6.7
4514,19,Female,Nigeria,Undergraduate,Instagram,Entertainment,6.0,204,1.8,2.0,5.1,Very High,5.1
4515,21,Female,Other,Undergraduate,YouTube,Education,5.9,177,2.0,2.2,4.8,Very High,4.1
4516,24,Female,Other,Graduate,Twitter,News,4.4,160,3.5,3.2,6.1,Medium,6.2
4517,20,Female,France,Undergraduate,Instagram,Entertainment,4.6,162,3.8,1.7,8.0,Medium,7.1
4518,18,Female,Other,High School,Twitter,News,5.5,197,1.8,1.2,5.0,High,5.7
4519,18,Female,Mexico,High School,Instagram,Entertainment,6.7,203,2.3,1.6,5.7,Very High,5.0
4520,18,Male,Other,High School,Snapchat,Entertainment,4.8,166,3.5,2.5,5.9,Medium,6.9
4521,22,Female,Other,Undergraduate,Instagram,Entertainment,7.7,246,1.1,0.9,5.4,Very High,5.4
4522,19,Male,Other,Undergraduate,LinkedIn,Education,8.1,252,2.2,-0.2,5.7,Very High,4.1
4523,22,Male,Nepal,Undergraduate,TikTok,Entertainment,4.9,144,4.2,1.1,7.3,Medium,6.7
4524,21,Male,Other,Undergraduate,Facebook,Networking,4.0,134,4.6,2.4,6.6,Medium,6.5
4525,19,Female,Other,Undergraduate,Instagram,Entertainment,2.7,130,5.5,2.0,8.0,Medium,7.6
4526,20,Female,Other,Undergraduate,YouTube,Education,3.2,138,4.1,2.4,7.7,Low,7.1
4527,23,Female,USA,Graduate,YouTube,Education,3.0,103,5.3,2.4,8.0,Medium,7.7
4528,23,Female,Poland,Graduate,Instagram,Entertainment,6.3,188,1.3,0.7,6.6,High,4.9
4529,22,Male,Mexico,Undergraduate,Facebook,Networking,6.3,201,1.0,1.2,6.1,Very High,5.2
4530,21,Female,Other,Undergraduate,Twitter,News,6.4,186,2.3,2.0,4.6,Very High,5.6
4531,21,Female,India,Undergraduate,Facebook,Networking,4.1,142,3.6,2.0,7.7,Medium,6.9
4532,23,Male,USA,Graduate,LinkedIn,Education,2.1,85,5.6,2.1,7.5,Medium,7.0
4533,20,Female,Ireland,Undergraduate,Instagram,Entertainment,5.1,164,2.8,2.1,6.9,High,7.1
4534,20,Female,Pakistan,Undergraduate,Instagram,Entertainment,4.6,152,2.7,2.2,7.0,High,4.8
4535,21,Female,Canada,Undergraduate,YouTube,Education,5.9,211,2.1,1.4,6.4,High,4.9
4536,19,Female,Other,Undergraduate,YouTube,Education,7.3,230,1.0,1.7,5.9,Very High,4.9
4537,20,Female,Other,Undergraduate,Twitter,News,8.3,248,0.8,0.9,5.7,Very High,4.9
4538,22,Male,Other,Undergraduate,LinkedIn,Education,8.1,226,0.8,0.7,4.4,Very High,4.4
4539,21,Male,Italy,Undergraduate,Instagram,Entertainment,5.4,193,3.6,1.9,6.8,Very High,5.1
4540,22,Male,Russia,Undergraduate,VKontakte,Networking,4.7,145,3.6,1.6,6.9,High,7.0
4541,21,Male,USA,Undergraduate,Snapchat,Entertainment,3.9,126,5.2,2.4,7.2,Low,7.8
4542,19,Female,Bangladesh,Undergraduate,Instagram,Entertainment,4.0,149,2.4,1.1,7.0,Medium,5.2
4543,22,Male,Other,Undergraduate,LinkedIn,Education,8.0,232,0.8,1.1,4.3,Very High,5.2
4544,20,Female,Other,Undergraduate,LinkedIn,Education,5.8,185,3.4,1.4,6.3,High,7.1
4545,19,Male,Ireland,Undergraduate,Instagram,Entertainment,5.7,195,1.8,0.7,6.8,High,5.9
4546,19,Female,Japan,Undergraduate,LINE,Entertainment,3.0,134,4.1,2.1,8.4,Low,7.9
4547,22,Male,Bangladesh,Undergraduate,Facebook,Networking,5.2,190,3.4,1.3,6.6,High,5.0
4548,23,Male,Australia,Graduate,YouTube,Education,3.9,111,4.3,3.1,9.0,Medium,7.8
4549,19,Female,France,Undergraduate,Instagram,Entertainment,4.0,154,3.2,2.8,8.1,Medium,6.8
4550,18,Female,USA,High School,YouTube,Education,7.3,216,1.1,0.3,5.4,Very High,6.2
4551,19,Female,Norway,Undergraduate,Instagram,Entertainment,4.9,163,3.2,1.4,5.6,High,4.7
4552,18,Male,Australia,High School,TikTok,Entertainment,7.7,226,0.9,0.5,4.7,Very High,5.8
4553,22,Male,Poland,Undergraduate,Facebook,Networking,4.1,145,3.7,2.8,7.9,High,6.7
4554,23,Female,India,Graduate,Instagram,Entertainment,6.0,206,2.4,1.6,4.7,Very High,5.5
4555,19,Female,Other,Undergraduate,Twitter,News,5.1,182,3.2,2.0,7.6,High,6.3
4556,18,Female,Other,High School,Snapchat,Entertainment,3.5,140,5.7,1.7,7.8,Medium,7.4
4557,19,Female,Ireland,Undergraduate,Instagram,Entertainment,4.1,135,3.5,2.4,7.6,Medium,6.9
4558,21,Male,Other,Undergraduate,TikTok,Entertainment,2.3,115,3.9,1.8,7.3,Low,8.8
4559,21,Female,India,Undergraduate,Instagram,Entertainment,5.2,171,2.3,2.1,5.5,High,5.9
4560,24,Male,Other,Graduate,LinkedIn,Education,2.5,91,4.2,1.6,7.9,Low,8.8
4561,22,Male,China,Undergraduate,WeChat,Networking,6.0,179,2.1,2.0,6.2,Very High,6.1
4562,20,Male,India,Undergraduate,TikTok,Entertainment,8.4,255,0.9,0.9,6.0,Very High,5.9
4563,21,Male,Other,Undergraduate,Twitter,News,5.1,189,2.4,1.9,7.2,Medium,5.9
4564,24,Male,Turkey,Graduate,TikTok,Entertainment,6.7,218,1.2,1.5,6.4,Very High,5.3
4565,23,Male,Other,Graduate,TikTok,Entertainment,6.3,213,1.0,0.6,5.7,Very High,4.6
4566,19,Female,Ireland,Undergraduate,Instagram,Entertainment,5.6,208,2.0,2.6,6.3,High,5.9
4567,18,Male,Other,High School,LinkedIn,Education,7.2,242,1.2,0.2,5.0,Very High,4.1
4568,20,Female,Spain,Undergraduate,TikTok,Entertainment,5.2,185,1.9,2.4,6.2,Very High,6.0
4569,20,Female,Morocco,Undergraduate,TikTok,Entertainment,4.1,140,4.1,2.3,5.9,High,6.1
4570,18,Male,Other,High School,Twitter,News,5.7,199,2.0,2.2,6.9,High,6.0
4571,23,Male,Canada,Graduate,Twitter,News,2.8,113,5.2,2.1,7.7,Medium,8.3
4572,19,Female,Singapore,Undergraduate,TikTok,Entertainment,5.3,196,3.1,2.4,6.6,High,5.9
4573,20,Female,Australia,Undergraduate,LinkedIn,Education,5.7,175,2.9,1.0,5.0,High,5.9
4574,24,Male,Other,Graduate,LinkedIn,Education,1.8,103,5.6,2.7,8.4,Low,7.6
4575,22,Male,Other,Undergraduate,YouTube,Education,6.3,192,1.9,1.8,6.7,High,6.5
4576,20,Female,India,Undergraduate,TikTok,Entertainment,5.2,158,3.3,2.0,6.3,Very High,6.9
4577,21,Male,Other,Undergraduate,YouTube,Education,6.3,184,2.4,2.0,5.7,Very High,4.5
4578,24,Male,India,Graduate,LinkedIn,Education,8.0,236,1.1,0.3,5.0,Very High,5.0
4579,19,Male,Other,Undergraduate,TikTok,Entertainment,6.8,213,0.7,2.2,4.9,Very High,5.7
4580,22,Male,Afghanistan,Undergraduate,LinkedIn,Education,3.1,132,4.2,3.6,7.3,Medium,7.3
4581,18,Male,Other,High School,Instagram,Entertainment,6.8,220,2.4,1.2,4.7,Very High,5.7
4582,21,Female,Turkey,Undergraduate,TikTok,Entertainment,6.7,234,1.2,1.6,6.0,Very High,5.1
4583,20,Female,Finland,Undergraduate,TikTok,Entertainment,5.4,194,2.2,1.9,5.4,High,5.0
4584,18,Male,Other,High School,Snapchat,Entertainment,6.6,208,1.0,1.7,5.4,Very High,4.4
4585,23,Male,Australia,Graduate,YouTube,Education,3.4,149,5.9,2.4,8.9,Medium,7.9
4586,22,Male,Germany,Undergraduate,YouTube,Education,5.6,182,3.9,2.1,5.4,High,5.6
4587,22,Male,Nepal,Undergraduate,TikTok,Entertainment,5.1,144,4.0,1.4,7.3,Medium,7.0
4588,22,Male,Other,Undergraduate,Instagram,Entertainment,1.7,101,6.5,2.2,7.1,Medium,8.2
4589,23,Female,Other,Graduate,LinkedIn,Education,1.7,107,8.3,2.5,7.9,Low,7.5
4590,24,Male,Other,Graduate,LinkedIn,Education,5.6,190,2.3,1.3,7.1,Medium,6.1
4591,19,Female,France,Undergraduate,Instagram,Entertainment,4.1,154,3.0,2.9,8.1,Medium,7.0
4592,22,Male,Pakistan,Undergraduate,Instagram,Entertainment,4.3,146,4.9,2.4,7.2,High,5.2
4593,19,Female,Japan,Undergraduate,LINE,News,2.7,112,5.2,2.4,8.5,Medium,7.7
4594,23,Male,India,Graduate,YouTube,Education,3.0,101,5.2,3.1,7.6,Medium,7.9
4595,22,Female,Malta,Undergraduate,LinkedIn,Education,2.8,131,5.6,2.8,7.5,Medium,8.7
4596,19,Male,Australia,Undergraduate,Instagram,Entertainment,4.5,142,2.7,1.6,6.7,Medium,6.4
4597,21,Male,Italy,Undergraduate,Instagram,Entertainment,5.5,173,1.5,2.1,6.8,High,5.1
4598,20,Female,USA,Undergraduate,TikTok,Entertainment,7.9,222,1.1,0.8,4.3,Very High,5.2
4599,23,Male,Canada,Graduate,Twitter,News,2.7,109,5.6,2.4,7.3,Medium,8.1
4600,20,Female,Ireland,Undergraduate,TikTok,Entertainment,4.1,162,3.7,2.2,7.6,Medium,7.0
4601,20,Female,India,Undergraduate,LinkedIn,Education,5.4,171,2.7,1.2,6.4,High,6.0
4602,20,Female,India,Undergraduate,Snapchat,Entertainment,6.4,203,1.1,1.0,5.4,High,4.3
4603,23,Female,Switzerland,Graduate,Instagram,Entertainment,4.6,157,2.3,1.7,7.6,Medium,6.8
4604,20,Female,Netherlands,Undergraduate,Instagram,Entertainment,3.3,120,5.5,3.4,8.8,Low,8.0
4605,20,Female,Turkey,Undergraduate,Instagram,Entertainment,6.6,216,3.2,0.8,6.3,Very High,5.2
4606,20,Female,USA,Undergraduate,TikTok,Entertainment,7.3,201,1.5,1.3,5.6,Very High,5.1
4607,19,Female,USA,Undergraduate,YouTube,Education,5.2,170,3.2,2.6,7.2,High,6.7
4608,22,Male,Canada,Undergraduate,TikTok,Entertainment,3.9,117,5.2,1.9,9.1,Low,5.8
4609,19,Female,USA,Undergraduate,YouTube,Education,5.2,167,3.3,2.2,7.0,High,6.8
4610,24,Female,Other,Graduate,LinkedIn,Education,4.7,147,5.1,2.3,6.7,High,6.4
4611,20,Female,Other,Undergraduate,LinkedIn,Education,7.2,232,2.0,1.6,5.8,Very High,4.0
4612,20,Female,USA,Undergraduate,TikTok,Entertainment,6.0,169,1.3,1.6,7.1,High,6.2
4613,24,Male,Italy,Graduate,Facebook,Networking,4.8,148,4.1,1.8,7.3,Medium,6.7
4614,18,Female,USA,High School,Facebook,Networking,3.3,128,6.0,2.9,7.9,Medium,8.7
4615,20,Female,UK,Undergraduate,YouTube,Education,3.4,130,3.4,3.2,8.7,Medium,8.2
4616,21,Male,Italy,Undergraduate,TikTok,Entertainment,5.1,155,2.6,1.4,7.0,High,5.0
4617,22,Male,Canada,Undergraduate,TikTok,Entertainment,4.0,157,4.0,1.4,7.6,Medium,6.9
4618,22,Male,Maldives,Undergraduate,TikTok,Entertainment,4.9,159,3.0,1.5,6.0,High,5.9
4619,22,Male,Other,Undergraduate,TikTok,Entertainment,1.4,70,7.8,3.1,7.6,Low,7.6
4620,22,Male,Other,Undergraduate,TikTok,Entertainment,3.7,117,5.0,1.5,8.0,Medium,7.7
4621,21,Male,Pakistan,Undergraduate,Instagram,Entertainment,4.4,151,4.6,1.7,7.4,Medium,4.8
4622,22,Female,USA,Undergraduate,Facebook,Networking,4.0,127,5.4,2.2,7.1,High,6.7
4623,22,Male,Other,Undergraduate,Facebook,Networking,6.4,190,3.8,2.3,6.0,Very High,5.5
4624,21,Male,Canada,Undergraduate,Instagram,Entertainment,5.0,178,3.7,2.0,7.3,High,6.2
4625,23,Female,Other,Graduate,Instagram,Entertainment,4.4,146,2.6,1.4,6.3,High,6.3
4626,22,Female,Other,Undergraduate,TikTok,Entertainment,3.9,149,3.6,1.2,7.3,Medium,6.9
4627,22,Female,Other,Undergraduate,LinkedIn,Education,3.6,137,4.5,1.4,6.1,High,6.9
4628,21,Male,Australia,Undergraduate,Instagram,Entertainment,4.7,142,2.4,1.3,7.3,High,6.4
4629,23,Female,Other,Graduate,Instagram,Entertainment,5.9,202,3.6,1.7,6.5,High,6.0
4630,18,Male,Latvia,High School,Snapchat,Entertainment,5.2,177,3.7,1.5,5.4,Very High,4.8
4631,19,Male,USA,Undergraduate,LinkedIn,Education,6.0,187,1.5,1.2,5.2,Very High,5.1
4632,22,Female,Other,Undergraduate,LinkedIn,Education,6.8,224,2.9,0.6,5.9,Very High,4.2
4633,21,Male,India,Undergraduate,WhatsApp,Education,5.6,188,2.6,1.3,6.4,Very High,5.0
4634,19,Female,India,Undergraduate,Snapchat,Entertainment,8.7,257,1.3,1.5,6.0,Very High,5.0
4635,22,Male,Denmark,Undergraduate,Facebook,Networking,2.6,114,7.3,2.6,9.4,Low,8.0
4636,19,Male,Other,Undergraduate,Snapchat,Entertainment,8.4,255,0.7,0.4,4.7,Very High,5.3
4637,22,Male,Other,Undergraduate,TikTok,Entertainment,5.8,203,1.1,1.2,5.4,Very High,5.8
4638,19,Female,India,Undergraduate,WhatsApp,Education,7.2,207,0.7,1.8,5.7,Very High,4.6
4639,20,Female,UAE,Undergraduate,Instagram,Entertainment,7.2,223,0.7,1.6,6.0,High,5.0
4640,20,Male,Australia,Undergraduate,Twitter,News,7.2,244,1.3,1.4,5.5,Very High,5.7
4641,22,Female,India,Undergraduate,YouTube,Education,2.9,113,4.4,2.5,9.1,Medium,7.1
4642,20,Male,Other,Undergraduate,YouTube,Education,7.1,202,1.6,2.7,6.2,Very High,5.0
4643,19,Female,Qatar,Undergraduate,TikTok,Entertainment,4.7,177,4.7,1.8,5.6,High,6.1
4644,20,Male,USA,Undergraduate,Twitter,News,5.1,174,2.2,2.2,6.8,High,6.0
4645,19,Female,Qatar,Undergraduate,TikTok,Entertainment,5.0,150,0.8,0.9,5.4,High,6.2
4646,20,Male,Other,Undergraduate,TikTok,Entertainment,3.3,123,5.0,2.4,7.5,High,7.7
4647,23,Female,India,Graduate,YouTube,Education,7.7,215,1.0,0.7,4.5,Very High,4.8
4648,20,Female,Brazil,Undergraduate,Instagram,Entertainment,6.0,211,2.2,1.1,6.3,Very High,6.1
4649,23,Male,Other,Graduate,LinkedIn,Education,7.9,250,1.0,0.4,4.9,Very High,6.0
4650,19,Female,Other,Undergraduate,LinkedIn,Education,5.9,196,2.9,1.0,5.9,Very High,5.7
4651,19,Female,Other,Undergraduate,LinkedIn,Education,4.3,157,5.1,1.6,6.5,Medium,6.6
4652,24,Male,Sweden,Graduate,LinkedIn,Education,2.0,111,6.5,2.8,7.9,Low,8.0
4653,21,Male,Australia,Undergraduate,TikTok,Entertainment,7.5,231,0.7,1.1,4.7,Very High,5.6
4654,22,Female,Canada,Undergraduate,Instagram,Entertainment,6.6,216,1.8,1.0,5.5,Very High,4.0
4655,22,Male,USA,Undergraduate,LinkedIn,Education,5.8,204,3.4,0.5,6.9,Medium,6.4
4656,21,Female,Kazakhstan,Undergraduate,Snapchat,Entertainment,4.5,156,3.4,1.9,5.4,High,6.3
4657,18,Male,Latvia,High School,Snapchat,Entertainment,5.4,177,3.6,1.3,5.7,Very High,4.8
4658,22,Male,USA,Undergraduate,Twitter,News,4.2,151,3.0,2.1,7.4,Medium,8.4
4659,23,Female,Poland,Graduate,Instagram,Entertainment,6.2,188,1.0,0.5,6.4,High,5.2
4660,24,Male,Turkey,Graduate,TikTok,Entertainment,7.1,218,1.1,1.8,6.3,Very High,5.2
4661,23,Female,Other,Graduate,Instagram,Entertainment,3.7,159,2.9,1.5,7.3,Medium,8.2
4662,19,Male,Other,Undergraduate,Instagram,Entertainment,3.2,121,3.4,1.6,8.8,Low,8.6
4663,20,Female,France,Undergraduate,Instagram,Entertainment,4.3,168,3.3,2.3,7.6,High,7.1
4664,23,Female,Canada,Graduate,TikTok,Entertainment,4.9,167,2.8,1.7,7.4,High,6.9
4665,23,Male,USA,Graduate,YouTube,Education,4.9,176,3.1,1.7,7.2,High,6.6
4666,21,Male,Mexico,Undergraduate,WhatsApp,News,6.8,224,1.3,0.8,5.4,Very High,5.9
4667,22,Female,Other,Undergraduate,LinkedIn,Education,3.7,137,5.0,2.0,6.0,High,6.7
4668,20,Female,Peru,Undergraduate,TikTok,Entertainment,5.3,192,3.6,1.7,5.4,High,5.2
4669,21,Male,Canada,Undergraduate,Instagram,Entertainment,3.9,152,3.9,2.5,8.7,Medium,5.9
4670,18,Female,Other,High School,YouTube,Education,7.6,244,1.0,1.3,5.7,Very High,4.6
4671,22,Female,Russia,Undergraduate,Instagram,Entertainment,6.8,195,0.9,1.5,6.1,High,4.3
4672,20,Male,Other,Undergraduate,TikTok,Entertainment,4.0,133,4.5,1.5,7.2,Medium,7.2
4673,24,Male,Germany,Graduate,LinkedIn,Education,7.1,221,0.9,1.8,5.7,Very High,4.5
4674,19,Female,Ireland,Undergraduate,Instagram,Entertainment,4.6,156,4.6,2.3,6.9,Medium,7.1
4675,22,Male,Canada,Undergraduate,TikTok,Entertainment,4.5,150,2.1,1.7,7.4,High,5.8
4676,19,Male,Other,Undergraduate,TikTok,Entertainment,7.1,208,1.4,1.2,5.0,Very High,5.6
4677,19,Female,Other,Undergraduate,Twitter,News,5.6,191,3.7,1.2,5.4,Very High,5.1
4678,21,Male,Poland,Undergraduate,Facebook,Networking,3.8,145,5.0,2.1,8.2,Medium,6.9
4679,19,Male,USA,Undergraduate,LinkedIn,Education,5.7,187,1.6,1.0,5.2,Very High,5.0
4680,19,Female,Spain,Undergraduate,Instagram,Entertainment,4.4,169,4.4,1.5,7.4,Medium,5.6
4681,21,Male,Denmark,Undergraduate,Facebook,Networking,2.5,116,6.7,2.4,9.2,Low,8.0
4682,24,Female,Germany,Graduate,TikTok,Entertainment,3.2,135,4.8,2.6,7.8,Medium,7.6
4683,20,Female,Other,Undergraduate,Snapchat,Entertainment,4.1,160,2.7,2.0,6.4,High,6.8
4684,20,Female,South Korea,Undergraduate,KakaoTalk,News,5.2,164,2.6,1.5,6.6,Medium,5.9
4685,19,Female,Bangladesh,Undergraduate,Instagram,Entertainment,4.9,157,3.2,2.4,7.2,Medium,5.2
4686,23,Male,Other,Graduate,Instagram,Entertainment,7.8,250,1.7,0.4,5.7,Very High,4.6
4687,21,Male,Other,Undergraduate,TikTok,Entertainment,5.1,187,2.1,2.0,6.5,High,7.1
4688,20,Female,Ireland,Undergraduate,Instagram,Entertainment,5.1,164,3.2,2.0,7.3,High,7.0
4689,24,Female,Other,Graduate,Facebook,Networking,3.5,135,4.4,1.3,7.4,Medium,7.6
4690,20,Female,Other,Undergraduate,Twitter,News,7.9,251,0.8,1.6,5.3,Very High,6.3
4691,21,Male,Other,Undergraduate,Facebook,Networking,6.0,178,2.3,3.6,5.5,High,5.6
4692,20,Female,Germany,Undergraduate,TikTok,Entertainment,6.7,206,1.8,1.2,5.1,Very High,4.6
4693,20,Female,South Korea,Undergraduate,KakaoTalk,Entertainment,5.0,169,1.8,1.7,7.2,High,5.9
4694,18,Female,Other,High School,Twitter,News,5.7,189,1.2,1.9,5.7,High,4.3
4695,20,Female,Turkey,Undergraduate,Instagram,Entertainment,6.8,216,3.4,0.7,6.1,Very High,5.3
4696,19,Male,Other,Undergraduate,Facebook,Networking,4.9,170,4.0,2.5,6.3,High,6.3
4697,21,Male,Other,Undergraduate,Facebook,Networking,5.7,193,1.6,0.9,6.0,Very High,6.6
4698,21,Male,India,Undergraduate,Instagram,Entertainment,4.4,156,1.9,2.3,7.4,Medium,5.8
4699,20,Female,Brazil,Undergraduate,Snapchat,Entertainment,5.8,188,1.9,1.8,6.1,High,6.0
4700,19,Male,Other,Undergraduate,Snapchat,Entertainment,2.4,97,6.5,3.0,7.8,Low,8.9
4701,22,Female,Canada,Undergraduate,YouTube,Education,4.4,156,3.9,1.4,7.2,Medium,6.4
4702,20,Male,India,Undergraduate,Instagram,Entertainment,7.2,242,0.8,0.2,5.7,Very High,3.8
4703,22,Female,Other,Undergraduate,Snapchat,Entertainment,6.4,210,0.9,2.9,5.3,Very High,5.7
4704,19,Female,USA,Undergraduate,LinkedIn,Education,3.1,115,4.8,2.5,9.3,Low,7.7
4705,22,Male,Maldives,Undergraduate,TikTok,Entertainment,4.8,163,4.4,1.2,4.9,High,6.3
4706,18,Male,Other,High School,Snapchat,Entertainment,7.3,240,0.8,1.3,5.1,Very High,5.7
4707,18,Male,Other,High School,LinkedIn,Education,7.5,232,1.2,0.2,4.9,Very High,5.6
4708,18,Male,Other,High School,Facebook,Networking,5.9,196,3.6,0.2,6.0,High,6.0
4709,21,Male,Vietnam,Undergraduate,Facebook,Networking,3.5,116,4.1,2.0,6.9,Medium,6.8
4710,22,Female,Other,Undergraduate,Snapchat,Entertainment,6.1,210,0.8,2.5,4.9,Very High,5.6
4711,18,Male,Other,High School,Twitter,News,2.4,91,6.5,2.9,8.7,Low,8.4
4712,19,Female,France,Undergraduate,Instagram,Entertainment,3.7,154,5.4,2.2,8.3,Medium,6.6
4713,22,Male,Poland,Undergraduate,Facebook,Networking,4.1,145,4.0,2.4,7.4,High,6.9
4714,20,Male,Sri Lanka,Undergraduate,TikTok,Entertainment,5.1,189,2.7,1.7,6.2,High,6.2
4715,21,Female,South Korea,Undergraduate,Instagram,Entertainment,3.4,110,4.6,1.4,7.0,Low,7.1
4716,20,Female,Brazil,Undergraduate,Instagram,Entertainment,6.1,211,1.8,1.6,5.9,Very High,6.0
4717,19,Male,Ukraine,Undergraduate,TikTok,Entertainment,4.6,162,4.4,1.4,6.0,High,6.2
4718,23,Male,Australia,Graduate,Twitter,News,5.7,177,1.9,3.1,4.7,Very High,5.0
4719,24,Female,Australia,Graduate,Facebook,Networking,8.5,237,1.0,0.4,6.1,Very High,5.3
4720,19,Female,USA,Undergraduate,Instagram,Entertainment,6.8,235,0.6,1.2,5.9,Very High,5.1
4721,18,Male,Other,High School,Twitter,News,2.4,86,5.8,2.0,8.3,Medium,7.4
4722,21,Female,China,Undergraduate,WeChat,News,5.7,173,2.2,1.9,6.5,High,6.1
4723,21,Female,Other,Undergraduate,Facebook,Networking,6.4,180,2.0,1.1,5.2,Very High,4.6
4724,22,Male,USA,Undergraduate,Facebook,Networking,7.5,224,1.2,0.7,5.9,Very High,4.1
4725,22,Female,Other,Undergraduate,Instagram,Entertainment,7.1,201,1.0,1.0,6.0,Very High,4.1
4726,23,Male,India,Graduate,TikTok,Entertainment,2.3,113,5.3,2.4,7.1,Medium,8.4
4727,21,Female,India,Undergraduate,TikTok,Entertainment,3.9,149,3.3,2.5,5.9,High,6.6
4728,24,Male,India,Graduate,LinkedIn,Education,7.8,248,0.9,0.6,5.2,Very High,5.1
4729,22,Male,Turkey,Undergraduate,TikTok,Entertainment,3.8,133,3.0,2.3,8.1,Medium,5.9
4730,24,Male,Japan,Graduate,Twitter,News,4.2,141,2.5,2.1,7.6,Medium,8.0
4731,24,Male,Russia,Graduate,Instagram,Entertainment,6.9,225,0.7,0.8,5.8,Very High,4.0
4732,19,Female,France,Undergraduate,Instagram,Entertainment,2.5,132,4.2,1.2,8.8,Low,6.9
4733,18,Male,Other,High School,Twitter,News,7.3,218,0.9,1.5,4.9,Very High,4.7
4734,23,Female,Turkey,Graduate,Instagram,Entertainment,6.7,198,1.9,2.1,6.2,Very High,5.1
4735,19,Female,Spain,Undergraduate,Instagram,Entertainment,3.6,143,4.3,2.5,8.5,Medium,5.8
4736,18,Male,Other,High School,TikTok,Entertainment,7.7,244,0.7,1.2,5.9,Very High,4.2
4737,20,Female,USA,Undergraduate,TikTok,Entertainment,7.7,222,1.2,0.8,4.4,Very High,4.9
4738,22,Male,Denmark,Undergraduate,Facebook,Networking,3.0,121,5.9,2.1,8.7,Low,8.1
4739,19,Female,Other,Undergraduate,Twitter,News,2.2,93,5.6,3.1,7.4,Low,9.1
4740,20,Male,UK,Undergraduate,Facebook,Networking,6.6,194,3.5,1.6,6.0,High,5.1
4741,24,Female,Other,Graduate,YouTube,Education,7.1,202,1.2,0.4,4.7,Very High,4.1
4742,19,Female,Romania,Undergraduate,Instagram,Entertainment,5.4,194,2.3,1.8,5.8,High,5.2
4743,21,Male,India,Undergraduate,Facebook,Networking,4.6,157,3.1,1.9,8.6,Medium,6.7
4744,20,Female,Italy,Undergraduate,TikTok,Entertainment,4.7,166,3.6,1.3,7.4,Medium,6.7
4745,21,Male,Other,Undergraduate,Twitter,News,5.1,189,2.9,2.0,7.3,Medium,5.9
4746,18,Female,Australia,High School,TikTok,Entertainment,5.3,186,2.5,1.7,7.2,High,6.5
4747,20,Female,Other,Undergraduate,Twitter,News,7.8,251,1.0,1.1,4.9,Very High,5.8
4748,20,Female,South Korea,Undergraduate,KakaoTalk,Networking,4.9,162,3.5,2.3,7.2,High,6.1
4749,20,Female,Maldives,Undergraduate,Instagram,Entertainment,3.4,149,4.6,1.7,8.1,Medium,7.8
4750,24,Female,Other,Graduate,Twitter,News,2.8,129,4.5,2.9,8.0,Medium,7.0
4751,18,Male,UK,High School,Instagram,Entertainment,6.9,219,1.6,0.4,6.1,Very High,4.2
4752,22,Male,Germany,Undergraduate,Facebook,Networking,4.1,155,2.8,1.3,8.3,Medium,7.1
4753,22,Male,Other,Undergraduate,Twitter,News,5.9,208,1.8,1.7,4.5,Very High,5.4
4754,24,Female,Other,Graduate,Twitter,News,3.5,146,5.8,2.8,7.4,Medium,7.4
4755,19,Female,Ireland,Undergraduate,Instagram,Entertainment,3.3,118,3.7,1.2,8.9,Low,7.1
4756,24,Male,Other,Graduate,TikTok,Entertainment,5.3,181,0.9,1.4,5.7,High,5.0
4757,21,Female,India,Undergraduate,Facebook,Networking,3.6,142,3.8,1.9,7.5,Medium,7.3
4758,19,Female,Japan,Undergraduate,LINE,Networking,3.2,133,5.0,1.9,8.1,Low,8.3
4759,20,Female,Pakistan,Undergraduate,Instagram,Entertainment,5.1,152,4.8,1.6,6.4,Medium,4.7
4760,20,Male,Other,Undergraduate,Facebook,Networking,7.4,241,1.0,1.6,5.8,Very High,5.5
4761,21,Male,Turkey,Undergraduate,Instagram,Entertainment,4.3,146,4.0,2.0,7.9,Medium,6.3
4762,21,Female,Mexico,Undergraduate,TikTok,Entertainment,6.2,209,1.5,0.4,6.0,Very High,4.9
4763,21,Male,Pakistan,Undergraduate,Instagram,Entertainment,3.7,142,5.3,3.2,8.2,Medium,5.1
4764,18,Male,India,High School,Instagram,Entertainment,3.3,121,5.6,2.5,7.5,Medium,8.4
4765,22,Female,India,Undergraduate,Instagram,Entertainment,8.3,273,1.2,0.4,6.1,Very High,5.5
4766,22,Male,Afghanistan,Undergraduate,LinkedIn,Education,3.1,115,6.6,2.1,6.9,Medium,7.0
4767,21,Male,Pakistan,Undergraduate,Instagram,Entertainment,4.3,139,4.7,2.2,7.1,High,4.7
4768,20,Female,Spain,Undergraduate,TikTok,Entertainment,3.6,144,3.2,2.5,8.2,Low,5.8
4769,21,Male,Other,Undergraduate,Snapchat,Entertainment,3.7,121,5.0,1.9,6.9,Medium,6.9
4770,23,Female,UK,Graduate,Snapchat,Entertainment,7.0,217,1.1,1.6,5.3,High,5.6
4771,21,Male,India,Undergraduate,TikTok,Entertainment,7.6,222,1.0,-0.2,5.2,Very High,4.5
4772,21,Female,Canada,Undergraduate,Instagram,Entertainment,3.4,110,3.9,1.4,6.8,Low,7.0
4773,23,Female,Other,Graduate,TikTok,Entertainment,7.1,241,0.8,1.1,5.6,Very High,5.8
4774,21,Male,UK,Undergraduate,Facebook,Networking,5.2,193,3.5,1.2,6.7,Medium,6.0
4775,22,Female,USA,Undergraduate,LinkedIn,Education,3.8,163,3.6,1.5,6.8,High,6.4
4776,21,Female,India,Undergraduate,YouTube,Education,2.4,94,5.9,3.1,7.4,Low,7.1
4777,24,Male,Other,Graduate,Twitter,News,7.3,226,0.8,1.6,5.6,Very High,5.7
4778,18,Male,UK,High School,LinkedIn,Education,7.2,236,2.0,1.6,5.5,Very High,3.8
4779,21,Male,Germany,Undergraduate,Instagram,Entertainment,3.2,134,4.0,2.3,7.4,Medium,8.3
4780,21,Female,Other,Undergraduate,YouTube,Education,3.2,141,5.7,2.3,7.7,Low,7.2
4781,18,Male,Other,High School,TikTok,Entertainment,2.0,106,6.4,1.8,8.2,Low,7.2
4782,24,Male,Germany,Graduate,LinkedIn,Education,7.5,221,0.9,1.5,6.3,Very High,4.6
4783,23,Male,Sri Lanka,Graduate,LinkedIn,Education,2.9,107,3.8,2.5,7.5,Low,7.8
4784,23,Male,Spain,Graduate,Facebook,Networking,6.9,193,1.2,1.2,5.9,Very High,5.0
4785,20,Male,Other,Undergraduate,Instagram,Entertainment,5.5,183,2.2,0.9,6.9,Very High,7.0
4786,20,Female,Spain,Undergraduate,Instagram,Entertainment,5.7,214,2.0,1.4,7.3,High,5.0
4787,21,Female,Australia,Undergraduate,LinkedIn,Education,6.1,203,2.8,1.2,6.6,High,6.4
4788,24,Female,Australia,Graduate,LinkedIn,Education,2.2,97,6.1,2.9,7.0,Low,6.9
4789,23,Female,UK,Graduate,Snapchat,Entertainment,6.1,176,2.4,2.0,5.1,Very High,4.4
4790,21,Male,UK,Undergraduate,Instagram,Entertainment,5.5,184,2.8,2.1,6.0,High,5.9
4791,23,Female,Other,Graduate,Instagram,Entertainment,5.5,174,1.1,1.2,6.7,High,6.0
4792,21,Male,Other,Undergraduate,Snapchat,Entertainment,8.2,262,1.2,1.5,4.6,Very High,5.4
4793,22,Male,Canada,Undergraduate,TikTok,Entertainment,3.6,155,4.5,2.0,8.4,Low,6.0
4794,23,Female,USA,Graduate,Twitter,News,5.2,187,2.9,2.1,6.8,High,6.1
4795,24,Female,Other,Graduate,Facebook,Networking,6.4,197,2.3,1.3,4.9,Very High,4.9
4796,21,Male,Nepal,Undergraduate,YouTube,Education,3.8,130,4.2,1.5,6.4,High,6.9
4797,19,Male,Denmark,Undergraduate,Instagram,Entertainment,4.8,148,3.4,1.1,7.3,Medium,7.3
4798,21,Male,Other,Undergraduate,Facebook,Networking,7.9,236,0.5,0.9,5.1,Very High,4.6
4799,19,Female,Other,Undergraduate,LinkedIn,Education,4.1,120,3.8,1.2,6.4,Medium,6.6
4800,20,Female,Switzerland,Undergraduate,Instagram,Entertainment,3.1,133,2.0,2.0,8.2,Medium,7.8
4801,24,Female,USA,Graduate,YouTube,Education,7.5,228,1.0,0.2,6.0,Very High,4.1
4802,18,Female,Other,High School,Twitter,News,8.2,257,0.9,0.8,5.6,Very High,5.6
4803,21,Male,Maldives,Undergraduate,TikTok,Entertainment,4.8,182,3.1,1.9,4.6,High,6.4
4804,22,Male,Canada,Undergraduate,TikTok,Entertainment,4.7,140,2.4,1.1,7.4,High,6.1
4805,21,Male,Other,Undergraduate,Twitter,News,3.4,132,5.8,1.4,7.7,Low,8.9
4806,20,Female,India,Undergraduate,Snapchat,Entertainment,6.5,207,0.8,0.7,5.9,Very High,4.0
4807,23,Male,Other,Graduate,Instagram,Entertainment,4.5,145,1.6,2.1,6.8,High,6.2
4808,19,Male,Austria,Undergraduate,Instagram,Entertainment,4.8,174,2.4,2.0,6.0,Very High,6.4
4809,19,Male,USA,Undergraduate,LinkedIn,Education,5.9,184,2.0,1.4,5.6,High,4.6
4810,20,Male,Other,Undergraduate,Twitter,News,7.9,227,0.9,0.4,5.2,Very High,5.3
4811,20,Female,Other,Undergraduate,YouTube,Education,2.6,107,5.5,2.9,8.1,Low,7.3
4812,22,Male,Russia,Undergraduate,VKontakte,Networking,4.2,136,3.2,2.2,8.2,Medium,7.2
4813,21,Male,Turkey,Undergraduate,Instagram,Entertainment,3.9,138,3.2,2.3,8.5,Medium,6.2
4814,22,Male,Canada,Undergraduate,TikTok,Entertainment,3.7,122,4.0,2.0,8.8,Low,5.9
4815,19,Female,USA,Undergraduate,TikTok,Entertainment,6.4,195,1.0,2.3,5.3,Very High,3.7
4816,20,Male,Oman,Undergraduate,Instagram,Entertainment,4.3,157,3.1,2.2,5.9,High,6.0
4817,21,Male,Bangladesh,Undergraduate,Facebook,Networking,6.0,191,2.1,1.8,5.7,Very High,4.9
4818,19,Female,Spain,Undergraduate,Instagram,Entertainment,4.5,169,4.4,2.0,7.1,Medium,5.8
4819,19,Female,Other,Undergraduate,Twitter,News,5.3,191,3.8,1.0,5.0,Very High,5.2
4820,21,Male,UK,Undergraduate,Instagram,Entertainment,5.2,184,3.3,2.0,6.5,High,6.5
4821,19,Female,Other,Undergraduate,Twitter,News,5.3,182,2.8,1.8,7.7,High,6.4
4822,21,Male,Other,Undergraduate,TikTok,Entertainment,5.3,187,2.2,1.7,6.2,High,6.8
4823,22,Male,France,Undergraduate,Facebook,Networking,4.4,142,2.4,2.1,7.1,Medium,7.2
4824,24,Male,Other,Graduate,LinkedIn,Education,4.5,137,2.4,1.3,7.3,High,6.5
4825,20,Male,Other,Undergraduate,YouTube,Education,3.5,128,4.8,2.5,6.5,Medium,6.1
4826,21,Male,UK,Undergraduate,TikTok,Entertainment,4.6,151,3.5,1.4,6.2,High,6.4
4827,19,Female,USA,Undergraduate,TikTok,Entertainment,7.2,200,1.2,1.4,6.2,Very High,4.0
4828,21,Male,Poland,Undergraduate,TikTok,Entertainment,6.1,183,1.7,1.7,6.2,High,5.0
4829,24,Male,Other,Graduate,YouTube,Education,5.4,170,2.7,2.0,6.5,Very High,5.8
4830,22,Female,Italy,Undergraduate,Twitter,News,5.1,155,1.9,1.9,7.2,High,6.5
4831,18,Female,Other,High School,TikTok,Entertainment,3.9,114,3.8,1.9,6.9,Medium,6.7
4832,21,Female,Other,Undergraduate,LinkedIn,Education,7.7,218,1.5,1.3,4.7,Very High,5.3
4833,21,Female,Other,Undergraduate,Instagram,Entertainment,7.0,204,1.4,0.7,5.7,Very High,4.7
4834,21,Female,Other,Undergraduate,Facebook,Networking,6.0,209,0.9,1.3,5.8,High,4.9
4835,19,Female,Other,Undergraduate,Snapchat,Entertainment,8.0,254,2.2,2.0,5.7,Very High,5.4
4836,21,Male,Other,Undergraduate,Facebook,Networking,6.0,209,3.0,0.5,5.8,Very High,6.7
4837,22,Female,Spain,Undergraduate,TikTok,Entertainment,6.5,210,1.4,1.1,6.3,Very High,4.7
4838,21,Female,Other,Undergraduate,Facebook,Networking,5.9,200,1.3,2.2,5.9,Very High,4.8
4839,20,Female,Other,Undergraduate,LinkedIn,Education,6.4,219,0.8,1.2,5.5,High,5.2
4840,22,Male,Canada,Undergraduate,TikTok,Entertainment,4.1,157,4.0,1.4,7.6,Medium,6.9
4841,19,Male,Nepal,Undergraduate,TikTok,Entertainment,3.7,134,5.2,2.8,8.5,Medium,7.5
4842,21,Male,UK,Undergraduate,Facebook,Networking,4.7,168,2.6,1.8,6.8,Medium,5.7
4843,19,Male,Sri Lanka,Undergraduate,TikTok,Entertainment,6.0,196,2.1,0.7,5.7,Very High,6.2
4844,21,Male,Denmark,Undergraduate,Facebook,Networking,3.7,156,3.7,1.1,7.9,Medium,7.9
4845,19,Male,Japan,Undergraduate,Twitter,News,4.4,153,2.2,1.6,7.2,High,7.8
4846,22,Male,Denmark,Undergraduate,Facebook,Networking,4.2,138,2.5,2.3,8.2,Medium,7.9
4847,22,Male,Russia,Undergraduate,VKontakte,Education,4.0,139,2.6,2.0,7.6,Medium,6.8
4848,23,Female,Other,Graduate,Snapchat,Entertainment,4.8,168,2.6,1.9,6.1,High,6.5
4849,22,Male,Other,Undergraduate,Instagram,Entertainment,4.7,176,3.5,1.8,6.1,High,6.2
4850,19,Female,Brazil,Undergraduate,WhatsApp,Entertainment,6.0,200,1.8,1.4,6.6,High,5.8
4851,23,Female,Other,Graduate,Twitter,News,4.6,164,4.8,2.2,7.0,High,6.2
4852,20,Female,Singapore,Undergraduate,TikTok,Entertainment,5.3,191,2.4,1.5,6.8,High,5.7
4853,20,Female,Switzerland,Undergraduate,Instagram,Entertainment,2.9,111,4.9,2.1,8.8,Medium,7.9
4854,24,Male,India,Graduate,LinkedIn,Education,8.4,248,1.1,0.7,4.9,Very High,5.3
4855,19,Male,Nepal,Undergraduate,TikTok,Entertainment,3.9,128,3.4,2.2,8.2,High,7.2
4856,18,Male,Other,High School,Snapchat,Entertainment,2.1,65,6.1,3.2,8.0,Low,8.6
4857,22,Female,Other,Undergraduate,Facebook,Networking,3.2,97,5.4,3.1,7.0,Low,7.2
4858,19,Female,Costa Rica,Undergraduate,Instagram,Entertainment,5.8,180,3.5,1.2,5.7,Very High,4.8
4859,19,Female,Netherlands,Undergraduate,Instagram,Entertainment,3.3,132,5.1,2.5,8.8,Low,8.0
4860,19,Male,Bangladesh,Undergraduate,TikTok,Entertainment,4.0,140,4.7,1.9,7.2,Medium,5.3
4861,21,Male,Canada,Undergraduate,Instagram,Entertainment,5.0,156,3.9,2.3,7.5,High,6.0
4862,19,Female,India,Undergraduate,WhatsApp,Entertainment,7.0,222,0.7,1.9,5.7,Very High,5.0
4863,19,Female,Other,Undergraduate,YouTube,Education,4.9,150,2.8,2.5,6.8,High,6.5
4864,23,Male,USA,Graduate,Twitter,News,5.7,175,2.5,0.7,6.7,Medium,5.9
4865,18,Female,USA,High School,Twitter,News,5.8,209,1.4,1.5,4.9,High,5.7
4866,21,Male,Other,Undergraduate,YouTube,Education,5.3,179,2.8,2.0,6.9,High,6.9
4867,21,Male,Mexico,Undergraduate,WhatsApp,Networking,6.3,219,1.0,0.7,5.9,Very High,5.9
4868,23,Male,Canada,Graduate,Snapchat,Entertainment,6.3,187,2.3,1.2,6.6,High,6.1
4869,21,Male,USA,Undergraduate,Snapchat,Entertainment,3.6,149,3.3,1.0,7.1,Low,7.3
4870,21,Female,Other,Undergraduate,Snapchat,Entertainment,2.6,117,6.0,1.8,7.6,Medium,7.6
4871,21,Female,Other,Undergraduate,Twitter,News,2.8,131,5.1,2.9,7.6,Medium,7.8
4872,22,Male,Mexico,Undergraduate,WhatsApp,News,6.3,212,1.3,0.6,6.0,Very High,5.8
4873,24,Female,Other,Graduate,YouTube,Education,7.6,249,1.0,0.7,4.6,Very High,5.6
4874,19,Female,Pakistan,Undergraduate,TikTok,Entertainment,4.9,154,3.0,1.2,5.9,High,6.0
4875,20,Female,Sri Lanka,Undergraduate,Facebook,Networking,5.0,172,2.7,1.1,8.3,High,7.1
4876,19,Female,Sri Lanka,Undergraduate,Facebook,Networking,4.6,159,4.0,1.6,8.7,Medium,7.2
4877,19,Female,Germany,Undergraduate,TikTok,Entertainment,5.8,197,1.6,2.3,4.4,Very High,4.2
4878,21,Male,Nepal,Undergraduate,YouTube,Education,3.4,130,3.7,1.4,6.7,High,6.7
4879,21,Female,Canada,Undergraduate,Instagram,Entertainment,3.3,110,3.6,1.3,6.8,Low,7.4
4880,21,Male,Mexico,Undergraduate,WhatsApp,News,6.6,192,2.0,0.9,5.7,Very High,5.6
4881,21,Female,Other,Undergraduate,Snapchat,Entertainment,5.0,165,1.6,1.7,6.2,High,6.7
4882,22,Male,UK,Undergraduate,Facebook,Networking,8.1,249,1.0,1.2,4.7,Very High,4.2
4883,19,Male,India,Undergraduate,Facebook,Networking,5.6,187,2.4,0.7,7.4,Very High,6.4
4884,21,Female,Other,Undergraduate,TikTok,Entertainment,8.8,250,1.0,0.7,5.7,Very High,5.1
4885,20,Female,Other,Undergraduate,TikTok,Entertainment,2.4,100,4.3,1.8,8.2,Medium,8.5
4886,20,Male,Other,Undergraduate,YouTube,Education,6.8,202,1.4,2.6,6.2,Very High,5.4
4887,22,Female,Denmark,Undergraduate,Twitter,News,4.5,162,3.8,1.9,7.4,High,6.8
4888,21,Male,Australia,Undergraduate,YouTube,Education,6.5,211,1.8,1.6,5.5,Very High,4.8
4889,23,Male,Canada,Graduate,Twitter,News,2.8,109,5.8,2.2,7.8,Medium,8.0
4890,22,Male,Other,Undergraduate,Twitter,News,5.7,199,1.6,1.0,6.0,High,7.1
4891,23,Male,Spain,Graduate,Facebook,Networking,6.3,193,1.1,1.0,6.6,Very High,5.5
4892,20,Female,UK,Undergraduate,TikTok,Entertainment,2.9,133,6.3,3.1,7.9,Low,7.6
4893,24,Male,Other,Graduate,Instagram,Entertainment,1.5,104,7.1,2.6,7.8,Low,8.9
4894,22,Female,Other,Undergraduate,Snapchat,Entertainment,2.4,102,5.8,2.9,8.1,Medium,8.5
4895,20,Female,USA,Undergraduate,TikTok,Entertainment,7.2,212,1.0,1.3,4.6,Very High,5.0
4896,22,Male,Other,Undergraduate,TikTok,Entertainment,1.5,76,7.6,3.4,8.4,Low,8.5
4897,23,Female,Other,Graduate,LinkedIn,Education,6.2,202,1.7,2.4,5.3,Very High,5.3
4898,22,Female,Spain,Undergraduate,TikTok,Entertainment,6.2,210,1.5,0.9,6.2,Very High,4.9
4899,19,Female,Other,Undergraduate,Instagram,Entertainment,3.1,130,5.9,2.3,8.0,Medium,7.8
4900,23,Male,Australia,Graduate,YouTube,Education,3.4,128,5.3,2.4,8.9,Medium,7.9
4901,18,Female,Other,High School,Snapchat,Entertainment,3.4,106,3.6,2.5,8.0,Low,8.4
4902,22,Male,Other,Undergraduate,Facebook,Networking,6.5,190,3.8,2.4,5.6,Very High,5.3
4903,19,Female,Nepal,Undergraduate,TikTok,Entertainment,5.6,181,1.9,1.5,5.1,High,5.8
4904,20,Female,Australia,Undergraduate,Instagram,Entertainment,4.8,138,4.0,2.6,7.4,Medium,7.6
4905,18,Male,Other,High School,Twitter,News,7.0,235,0.9,0.4,5.1,Very High,4.7
4906,23,Male,Australia,Graduate,YouTube,Education,3.7,128,5.1,2.4,8.4,Medium,7.8
4907,23,Female,Other,Graduate,Instagram,Entertainment,6.7,208,2.0,1.3,5.5,High,5.5
4908,19,Female,Switzerland,Undergraduate,Instagram,Entertainment,3.9,142,3.2,1.8,8.0,Medium,8.0
4909,22,Male,Other,Undergraduate,YouTube,Education,8.2,233,0.7,1.3,5.3,Very High,5.6
4910,24,Male,South Africa,Graduate,LinkedIn,Education,2.2,113,6.0,3.2,7.5,Medium,8.0
4911,22,Male,India,Undergraduate,WhatsApp,Networking,6.3,193,3.5,1.2,5.7,Very High,5.3
4912,22,Male,Canada,Undergraduate,Twitter,News,4.6,158,3.0,1.8,6.5,Medium,6.7
4913,21,Male,India,Undergraduate,Facebook,Networking,8.2,237,1.1,1.3,5.2,Very High,5.7
4914,24,Male,Other,Graduate,LinkedIn,Education,5.5,186,4.2,1.6,6.6,Medium,7.5
4915,24,Male,India,Graduate,Instagram,Entertainment,8.5,269,0.6,1.1,4.8,Very High,4.2
4916,22,Female,Other,Undergraduate,LinkedIn,Education,4.6,153,1.3,2.1,7.3,High,6.9
4917,20,Female,Other,Undergraduate,YouTube,Education,6.2,178,1.0,1.2,5.2,Very High,3.9
4918,24,Female,Other,Graduate,YouTube,Education,7.2,246,1.0,0.5,5.9,Very High,5.2
4919,22,Male,Turkey,Undergraduate,TikTok,Entertainment,5.1,157,3.9,1.9,7.2,High,5.6
4920,22,Male,Other,Undergraduate,Snapchat,Entertainment,4.8,175,3.9,1.5,6.2,High,6.2
4921,19,Female,Other,Undergraduate,Facebook,Networking,4.5,156,2.0,1.9,6.0,High,6.4
4922,18,Female,Other,High School,YouTube,Education,7.4,244,0.7,1.6,5.8,Very High,4.6
4923,22,Male,Other,Undergraduate,Instagram,Entertainment,4.3,176,3.4,2.4,6.2,High,6.4
4924,23,Female,Other,Graduate,TikTok,Entertainment,4.2,170,4.0,1.5,6.0,High,6.2
4925,23,Female,Other,Graduate,Facebook,Networking,2.2,105,5.2,2.6,7.7,Low,7.5
4926,19,Female,France,Undergraduate,Instagram,Entertainment,4.0,120,5.5,3.4,7.9,Medium,6.7
4927,23,Female,Germany,Graduate,Instagram,Entertainment,8.0,253,1.0,1.0,5.6,Very High,4.9
4928,19,Female,Ireland,Undergraduate,Instagram,Entertainment,5.8,208,2.1,2.4,6.6,High,6.1
4929,19,Female,UAE,Undergraduate,Instagram,Entertainment,6.6,185,2.8,0.8,5.4,Very High,5.3
4930,19,Female,Sri Lanka,Undergraduate,Facebook,Networking,5.1,170,4.2,1.2,7.3,Medium,6.9
4931,21,Female,India,Undergraduate,Instagram,Entertainment,5.2,171,2.3,1.8,5.1,High,5.9
4932,19,Female,Other,Undergraduate,Twitter,News,8.0,253,0.7,1.4,4.5,Very High,4.4
4933,20,Female,Nepal,Undergraduate,TikTok,Entertainment,5.1,199,2.1,1.1,5.8,High,5.7
4934,20,Female,South Korea,Undergraduate,KakaoTalk,Education,5.0,181,4.0,2.2,7.2,High,6.4
4935,21,Female,Other,Undergraduate,Twitter,News,6.7,222,0.8,1.4,5.7,High,4.3
4936,22,Male,Ireland,Undergraduate,Instagram,Entertainment,5.7,177,3.0,1.5,6.7,Very High,5.9
4937,21,Male,Other,Undergraduate,Facebook,Networking,5.6,178,1.8,3.2,5.7,High,5.9
4938,18,Male,Other,High School,LinkedIn,Education,3.9,133,4.3,1.6,7.2,High,6.8
4939,22,Male,Ireland,Undergraduate,Twitter,News,5.9,201,3.3,2.0,6.9,High,6.3
4940,20,Male,Tajikistan,Undergraduate,YouTube,Education,4.5,151,1.4,3.4,5.7,High,5.9
4941,21,Male,Mexico,Undergraduate,WhatsApp,Education,5.5,179,2.6,1.5,6.6,High,6.3
4942,21,Male,Other,Undergraduate,TikTok,Entertainment,2.9,115,4.1,1.8,7.3,Low,8.7
4943,24,Male,Other,Graduate,TikTok,Entertainment,6.1,193,1.6,1.4,5.7,Very High,5.7
4944,19,Male,Other,Undergraduate,TikTok,Entertainment,7.5,216,1.1,1.4,4.5,Very High,3.8
4945,22,Female,Other,Undergraduate,Snapchat,Entertainment,2.1,94,6.2,3.3,8.1,Low,7.6
4946,22,Male,Maldives,Undergraduate,TikTok,Entertainment,4.5,145,2.0,1.5,4.2,High,6.1
4947,19,Male,Other,Undergraduate,Instagram,Entertainment,3.5,128,4.1,2.2,8.6,Medium,7.2
4948,21,Female,Lithuania,Undergraduate,Facebook,Networking,3.0,122,5.2,1.2,7.2,High,6.7
4949,22,Male,Denmark,Undergraduate,Facebook,Networking,3.3,110,5.7,3.4,9.0,Medium,7.9
4950,22,Male,Other,Undergraduate,Facebook,Networking,7.9,250,1.1,0.5,5.1,Very High,5.8
4951,19,Female,India,Undergraduate,TikTok,Entertainment,6.1,203,0.9,1.0,6.9,High,6.6
4952,23,Male,Other,Graduate,Instagram,Entertainment,3.3,133,4.5,2.6,8.6,Low,9.0
4953,21,Male,India,Undergraduate,Facebook,Networking,4.6,181,4.0,1.6,8.3,Medium,6.8
4954,19,Male,Other,Undergraduate,YouTube,Education,5.0,181,3.2,1.5,6.3,Medium,6.4
4955,24,Female,Other,Graduate,YouTube,Education,4.1,150,3.5,1.6,7.2,High,6.2
4956,20,Male,Other,Undergraduate,TikTok,Entertainment,3.6,141,3.3,3.6,7.5,Low,8.3
4957,19,Female,USA,Undergraduate,TikTok,Entertainment,6.8,215,1.9,0.5,5.2,Very High,3.8
4958,20,Male,Canada,Undergraduate,LinkedIn,Education,4.3,144,4.1,2.2,6.5,Medium,6.6
4959,21,Male,Other,Undergraduate,TikTok,Entertainment,2.7,119,5.0,2.3,7.1,High,8.9
4960,19,Female,Other,Undergraduate,YouTube,Education,6.2,211,1.7,1.1,6.3,Very High,4.2
4961,22,Male,Canada,Undergraduate,YouTube,Education,3.9,149,3.5,2.4,7.6,Medium,8.0
4962,20,Female,Netherlands,Undergraduate,Instagram,Entertainment,3.7,151,3.7,2.9,8.3,Medium,8.0
4963,19,Male,USA,Undergraduate,Twitter,News,4.1,157,3.0,1.9,6.5,High,7.2
4964,18,Female,Other,High School,LinkedIn,Education,5.9,188,2.8,1.3,6.0,High,4.9
4965,23,Female,Other,Graduate,TikTok,Entertainment,6.1,213,1.4,1.1,6.0,Very High,4.1
4966,19,Female,Singapore,Undergraduate,TikTok,Entertainment,5.4,196,3.0,2.4,6.6,High,6.0
4967,19,Male,Sri Lanka,Undergraduate,TikTok,Entertainment,5.4,188,1.5,1.9,5.4,High,5.8
4968,19,Female,Other,Undergraduate,YouTube,Education,3.0,136,5.4,2.9,7.0,Low,9.0
4969,23,Male,Spain,Graduate,Facebook,Networking,6.9,193,1.0,1.2,6.1,Very High,4.7
4970,22,Male,Mexico,Undergraduate,WhatsApp,Education,7.1,212,0.9,0.6,5.0,Very High,6.1
4971,20,Male,Denmark,Undergraduate,Twitter,News,4.5,169,3.6,1.8,7.1,Low,6.7
4972,22,Female,Other,Undergraduate,TikTok,Entertainment,3.4,150,3.6,2.7,7.1,Medium,6.8
4973,20,Male,Other,Undergraduate,Facebook,Networking,4.8,149,2.6,1.7,7.6,Medium,5.6
4974,24,Female,Other,Graduate,Facebook,Networking,4.0,153,3.5,2.6,7.1,Medium,7.3
4975,22,Male,Other,Undergraduate,Snapchat,Entertainment,5.9,190,3.0,1.5,6.7,Very High,6.5
4976,24,Female,Other,Graduate,Instagram,Entertainment,3.9,133,4.4,1.9,8.8,Medium,9.0
4977,21,Female,India,Undergraduate,YouTube,Education,7.0,233,0.9,1.1,5.2,Very High,4.9
4978,21,Male,Canada,Undergraduate,Instagram,Entertainment,4.3,155,2.7,1.8,7.7,Medium,5.7
4979,20,Female,Spain,Undergraduate,Instagram,Entertainment,6.0,197,2.6,1.0,7.0,Very High,4.8
4980,20,Female,USA,Undergraduate,Twitter,News,3.3,135,5.6,2.3,7.3,Medium,7.4
4981,21,Female,Other,Undergraduate,Twitter,News,5.8,195,2.4,1.3,5.9,High,4.5
4982,19,Male,Ukraine,Undergraduate,TikTok,Entertainment,4.9,162,4.1,1.4,5.6,High,5.8
4983,22,Male,Other,Undergraduate,Instagram,Entertainment,5.6,199,2.6,1.7,5.6,High,4.9
4984,23,Male,USA,Graduate,Twitter,News,5.4,184,2.8,1.6,6.5,High,6.2
4985,19,Female,Switzerland,Undergraduate,Instagram,Entertainment,2.3,107,5.1,3.1,9.5,Low,8.2
4986,20,Female,Singapore,Undergraduate,TikTok,Entertainment,5.4,191,3.0,2.0,6.5,High,5.7
4987,21,Male,Pakistan,Undergraduate,Instagram,Entertainment,4.1,145,4.5,1.9,7.9,Medium,5.1
4988,22,Female,Other,Undergraduate,TikTok,Entertainment,7.3,215,0.9,1.8,4.9,Very High,5.6
4989,19,Female,USA,Undergraduate,Instagram,Entertainment,6.9,230,2.4,1.8,6.2,Very High,3.8
4990,21,Male,Mexico,Undergraduate,WhatsApp,Education,7.0,222,0.8,1.2,5.2,Very High,6.2
4991,23,Female,Other,Graduate,TikTok,Entertainment,6.2,213,1.4,1.0,6.1,Very High,4.3
4992,18,Male,UK,High School,Snapchat,Entertainment,6.4,215,1.4,2.0,5.9,High,5.6
4993,19,Female,Japan,Undergraduate,LINE,News,2.9,114,6.2,2.0,8.4,Medium,7.9
4994,20,Female,Paraguay,Undergraduate,TikTok,Entertainment,4.6,178,3.2,2.1,5.9,Medium,5.9
4995,18,Female,Other,High School,YouTube,Education,1.9,89,6.1,2.2,7.9,Low,7.9
4996,18,Female,Other,High School,YouTube,Education,6.6,216,2.3,1.8,6.0,Very High,4.7
4997,19,Female,India,Undergraduate,LinkedIn,Education,3.8,151,5.4,1.4,7.5,Medium,7.0
4998,18,Male,Other,High School,Instagram,Entertainment,3.8,119,4.0,1.5,6.4,Medium,6.7
4999,19,Male,China,Undergraduate,WeChat,Entertainment,5.4,177,1.2,1.5,6.3,High,6.1
